id,date,type,item,source_article,source_sentence,meaning,usage,writing_value,tags,review_note,appear_count,last_seen
20260424-001,2026-04-24,单词,similar,bbdc_screenshot_import_2026-04-24.md,achieved similar college grades,相似的；类似的,achieved similar college grades；基础词，写作中可用 `similar to` 或更正式的 `comparable` 替换。,一般,阅读高频,基础词，写作中可用 `similar to` 或更正式的 `comparable` 替换。,1,2026-04-24
20260424-002,2026-04-24,单词,preparation,bbdc_screenshot_import_2026-04-24.md,poor academic preparation,准备情况；基础水平,poor academic preparation；在教育话题中可表示“学术准备 / 基础水平”，比只译成“准备”更准确。,适合,写作友好|议论文常用|教育主题,在教育话题中可表示“学术准备 / 基础水平”，比只译成“准备”更准确。,1,2026-04-24
20260424-003,2026-04-24,词组,lead to sth,bbdc_screenshot_import_2026-04-24.md,leads to racial bias,导致；引起,leads to racial bias；基础因果表达，写作中可替换为 `result in`。,一般,阅读高频|固定搭配|教育主题,基础因果表达，写作中可替换为 `result in`。,1,2026-04-24
20260424-004,2026-04-24,词组,racial bias,bbdc_screenshot_import_2026-04-24.md,leads to racial bias in admissions,种族偏见,leads to racial bias in admissions；讨论社会公平、教育录取时的核心表达。,适合,写作友好|议论文常用|固定搭配|教育主题|社会主题,讨论社会公平、教育录取时的核心表达。,1,2026-04-24
20260424-005,2026-04-24,单词,advocacy,bbdc_screenshot_import_2026-04-24.md,a non-profit advocacy group,倡导；主张,a non-profit advocacy group；典型书面抽象名词，可用于公共议题和社会议题。,适合,写作友好|议论文常用|教育主题,典型书面抽象名词，可用于公共议题和社会议题。,1,2026-04-24
20260424-006,2026-04-24,单词,prevail,bbdc_screenshot_import_2026-04-24.md,GPAs prevailed in predicting on-time graduation,占优势；更有效；胜出,GPAs prevailed in predicting on-time graduation；比 `win` 更书面，常用于“某方法 / 观点占优势”。,适合,写作友好|议论文常用|教育主题,比 `win` 更书面，常用于“某方法 / 观点占优势”。,1,2026-04-24
20260424-007,2026-04-24,词组,a given,bbdc_screenshot_import_2026-04-24.md,more of a given,理所当然的事；不言自明的条件,more of a given；熟词僻义，阅读中要识别，不建议随意写作。,一般,阅读高频|固定搭配|教育主题|熟词僻义,熟词僻义，阅读中要识别，不建议随意写作。,1,2026-04-24
20260424-008,2026-04-24,单词,high-flyer,bbdc_screenshot_import_2026-04-24.md,distinguishing between high-flyers,表现突出的人；优秀者,distinguishing between high-flyers；偏口语，阅读识别即可。,不建议,仅阅读识别|教育主题,偏口语，阅读识别即可。,1,2026-04-24
20260424-009,2026-04-24,词组,have bearing on sth,bbdc_screenshot_import_2026-04-24.md,have bearing in predicting graduation,对……有影响；与……有关,have bearing in predicting graduation；固定搭配应记为 `have bearing on`，写作加分。,适合,写作友好|议论文常用|固定搭配|教育主题,固定搭配应记为 `have bearing on`，写作加分。,1,2026-04-24
20260424-010,2026-04-24,单词,attribute,bbdc_screenshot_import_2026-04-24.md,attributes such as attendance and self-regulation,特质；属性,attributes such as attendance and self-regulation；比 `quality` 更正式，适合描述能力、特征、品质。,适合,写作友好|议论文常用|教育主题,比 `quality` 更正式，适合描述能力、特征、品质。,1,2026-04-24
20260424-011,2026-04-24,词组,pick up,bbdc_screenshot_import_2026-04-24.md; 2026-06-22-2011-english-i-text-2.md,average grades pick up attributes; As the economy picks up,体现出；反映出；恢复；改善；好转,pick up 可表示“反映/捕捉到”，也可在经济语境中表示“恢复/好转”；本句 the economy picks up = 经济回升。,一般,阅读高频|固定搭配|教育主题|经济主题|熟词僻义|错句来源,pick up 不只表示“捡起”；经济语境中常译为“恢复 / 好转 / 回升”。,2,2026-06-22
20260424-012,2026-04-24,单词,likewise,bbdc_screenshot_import_2026-04-24.md,"Likewise, average grades pick up attributes",同样地；类似地,"Likewise, average grades pick up attributes；用于承接前文类似说明，阅读和写作都常见。",适合,写作友好|议论文常用|教育主题,用于承接前文类似说明，阅读和写作都常见。,1,2026-04-24
20260424-013,2026-04-24,单词,fade,bbdc_screenshot_import_2026-04-24.md,fading industrial competitiveness,衰退；减弱,fading industrial competitiveness；常用于竞争力、影响力、优势逐渐减弱。,一般,阅读高频|经济主题,常用于竞争力、影响力、优势逐渐减弱。,1,2026-04-24
20260424-014,2026-04-24,单词,signal,bbdc_screenshot_import_2026-04-24.md,offer a signal for top-tier schools,信号；判断依据,offer a signal for top-tier schools；学术语境中常指“可供判断的依据”。,一般,阅读高频|教育主题,学术语境中常指“可供判断的依据”。,1,2026-04-24
20260424-015,2026-04-24,单词,meaningful,bbdc_screenshot_import_2026-04-24.md,meaningful variation in test scores,有实际意义的；有参考价值的,meaningful variation in test scores；不是“意味深长”，而是“确实有用 / 有统计或现实意义”。,适合,写作友好|议论文常用|教育主题,不是“意味深长”，而是“确实有用 / 有统计或现实意义”。,1,2026-04-24
20260424-016,2026-04-24,词组,by contrast,bbdc_screenshot_import_2026-04-24.md,"By contrast, Mr Friedman says...",相比之下,"By contrast, Mr Friedman says...；典型对比连接词，适合议论文转折对照。",适合,写作友好|议论文常用|固定搭配|教育主题,典型对比连接词，适合议论文转折对照。,1,2026-04-24
20260424-017,2026-04-24,单词,impressive,bbdc_screenshot_import_2026-04-24.md,applicants with impressive grades,成绩亮眼的；令人印象深刻的,applicants with impressive grades；修饰成绩、表现、成果都可用，但不算高级核心词。,一般,阅读高频|教育主题,修饰成绩、表现、成果都可用，但不算高级核心词。,1,2026-04-24
20260424-018,2026-04-24,单词,distinguish,bbdc_screenshot_import_2026-04-24.md,distinguish between applicants,区分；辨别,distinguish between applicants；常用搭配是 `distinguish between A and B`。,一般,阅读高频|教育主题,常用搭配是 `distinguish between A and B`。,1,2026-04-24
20260424-019,2026-04-24,单词,inflation,bbdc_screenshot_import_2026-04-24.md,grade inflation,膨胀；虚高,grade inflation；这里指“成绩虚高”，不是通货膨胀。,一般,阅读高频|教育主题,这里指“成绩虚高”，不是通货膨胀。,1,2026-04-24
20260424-020,2026-04-24,单词,variation,bbdc_screenshot_import_2026-04-24.md,variation in grades,差异；变化幅度,variation in grades；在本文中指学生成绩之间拉开的差距。,一般,阅读高频|教育主题,在本文中指学生成绩之间拉开的差距。,1,2026-04-24
20260424-021,2026-04-24,单词,selective,bbdc_screenshot_import_2026-04-24.md,how selective the university is,筛选性强的；录取严格的,how selective the university is；教育话题中表示学校录取筛选程度。,一般,阅读高频|教育主题,教育话题中表示学校录取筛选程度。,1,2026-04-24
20260424-022,2026-04-24,单词,race,bbdc_screenshot_import_2026-04-24.md,"controlling for gender, race and parental income",种族,"controlling for gender, race and parental income；社会统计语境中的背景变量，阅读识别即可。",不建议,仅阅读识别|教育主题|社会主题,社会统计语境中的背景变量，阅读识别即可。,1,2026-04-24
20260424-023,2026-04-24,单词,gender,bbdc_screenshot_import_2026-04-24.md,"controlling for gender, race and parental income",性别,"controlling for gender, race and parental income；常作为研究中的控制变量。",不建议,仅阅读识别|教育主题|社会主题,常作为研究中的控制变量。,1,2026-04-24
20260424-024,2026-04-24,单词,transcript,bbdc_screenshot_import_2026-04-24.md,scores and transcripts of students,成绩单；学业记录,scores and transcripts of students；学校语境中不是“文字稿”，而是“成绩单 / 学业档案”。,一般,阅读高频|教育主题,学校语境中不是“文字稿”，而是“成绩单 / 学业档案”。,1,2026-04-24
20260424-025,2026-04-24,单词,score,bbdc_screenshot_import_2026-04-24.md,scores and transcripts,分数；成绩,scores and transcripts；基础教育词，注意可作名词复数 `scores`。,一般,阅读高频|教育主题,基础教育词，注意可作名词复数 `scores`。,1,2026-04-24
20260424-026,2026-04-24,单词,measure,bbdc_screenshot_import_2026-04-24.md,each side is measuring something different,衡量；评估,each side is measuring something different；学术和议论文常用，表示评价标准不同。,适合,写作友好|议论文常用|教育主题,学术和议论文常用，表示评价标准不同。,1,2026-04-24
20260424-027,2026-04-24,词组,each side,bbdc_screenshot_import_2026-04-24.md,each side is measuring,双方；各自一方,each side is measuring；讨论争论双方时常用。,一般,阅读高频|固定搭配|教育主题,讨论争论双方时常用。,1,2026-04-24
20260424-028,2026-04-24,单词,arise,bbdc_screenshot_import_2026-04-24.md,The disagreement arises partly because...,产生；出现；源于,The disagreement arises partly because...；比 `happen` 更书面，常用于问题、分歧、风险产生。,适合,写作友好|议论文常用|教育主题,比 `happen` 更书面，常用于问题、分歧、风险产生。,1,2026-04-24
20260424-029,2026-04-24,单词,disagreement,bbdc_screenshot_import_2026-04-24.md,The disagreement arises partly...,分歧；意见不一致,The disagreement arises partly...；可用于引出争议背后的原因。,适合,写作友好|议论文常用|教育主题,可用于引出争议背后的原因。,1,2026-04-24
20260424-030,2026-04-24,单词,on-time,bbdc_screenshot_import_2026-04-24.md,on-time graduation,按时的；如期的,on-time graduation；常修饰 `graduation`、`delivery`、`arrival`。,一般,阅读高频|教育主题,常修饰 `graduation`、`delivery`、`arrival`。,1,2026-04-24
20260424-031,2026-04-24,单词,sample,bbdc_screenshot_import_2026-04-24.md,a national sample of students,样本；抽样对象,a national sample of students；研究语境中指被纳入调查或分析的一批对象。,一般,阅读高频|教育主题,研究语境中指被纳入调查或分析的一批对象。,1,2026-04-24
20260424-032,2026-04-24,单词,back,bbdc_screenshot_import_2026-04-24.md,evidence backs that claim,支持；证实,evidence backs that claim；这里是动词，不是“背部”。,一般,阅读高频|教育主题|熟词僻义,这里是动词，不是“背部”。,1,2026-04-24
20260424-033,2026-04-24,单词,potential,bbdc_screenshot_import_2026-04-24.md,student potential,潜力；发展可能性,student potential；教育和个人成长主题常用抽象名词。,适合,写作友好|议论文常用|教育主题,教育和个人成长主题常用抽象名词。,1,2026-04-24
20260424-034,2026-04-24,单词,predictor,bbdc_screenshot_import_2026-04-24.md,a better predictor of student potential,预测指标；判断依据,a better predictor of student potential；不是“预测的人”，而是“可用来预测结果的指标”。,适合,写作友好|议论文常用|教育主题,不是“预测的人”，而是“可用来预测结果的指标”。,1,2026-04-24
20260424-035,2026-04-24,词组,be filled with,bbdc_screenshot_import_2026-04-24.md,findings were filled with warnings,充满；满是,findings were filled with warnings；常用于抽象名词，如 warnings、risks、uncertainties。,一般,阅读高频|固定搭配,常用于抽象名词，如 warnings、risks、uncertainties。,1,2026-04-24
20260424-036,2026-04-24,词组,submit scores,bbdc_screenshot_import_2026-04-24.md,submitting scores,提交考试成绩,submitting scores；教育申请语境常用。,一般,阅读高频|固定搭配|教育主题,教育申请语境常用。,1,2026-04-24
20260424-037,2026-04-24,单词,optional,bbdc_screenshot_import_2026-04-24.md,make submitting scores optional,可选的；非强制的,make submitting scores optional；可和 `mandatory` 对比记忆。,适合,写作友好|议论文常用|教育主题,可和 `mandatory` 对比记忆。,1,2026-04-24
20260424-038,2026-04-24,句型,have yet to do,bbdc_screenshot_import_2026-04-24.md,have yet to announce their policy,尚未做某事,have yet to announce their policy；正式表达，比 `haven't done yet` 更书面。,适合,写作友好|议论文常用|长难句结构|固定搭配|教育主题,正式表达，比 `haven't done yet` 更书面。,1,2026-04-24
20260424-039,2026-04-24,单词,holdout,bbdc_screenshot_import_2026-04-24.md,remaining holdouts,仍未加入的一方；坚持不跟随者,remaining holdouts；偏报道用法，阅读识别即可。,不建议,仅阅读识别|教育主题,偏报道用法，阅读识别即可。,1,2026-04-24
20260424-040,2026-04-24,词组,most recently,bbdc_screenshot_import_2026-04-24.md,most recently Penn,最近；最近的是,most recently Penn；用于列举最新例子。,一般,阅读高频|固定搭配|教育主题,用于列举最新例子。,1,2026-04-24
20260424-041,2026-04-24,单词,belatedly,bbdc_screenshot_import_2026-04-24.md,belatedly followed MIT's lead,迟迟地；晚些时候,belatedly followed MIT's lead；常含“动作发生得较晚”的意味。,一般,阅读高频|教育主题,常含“动作发生得较晚”的意味。,1,2026-04-24
20260424-042,2026-04-24,词组,follow someone's lead,bbdc_screenshot_import_2026-04-24.md,followed MIT's lead,跟随某人的做法；效仿,followed MIT's lead；写作中可表达“仿效某方做法”。,适合,写作友好|议论文常用|固定搭配|教育主题,写作中可表达“仿效某方做法”。,1,2026-04-24
20260424-043,2026-04-24,单词,top-tier,bbdc_screenshot_import_2026-04-24.md,top-tier schools,顶级的；一流的,top-tier schools；教育、企业、机构话题都可用。,适合,写作友好|议论文常用|教育主题,教育、企业、机构话题都可用。,1,2026-04-24
20260424-044,2026-04-24,词组,make a comeback,bbdc_screenshot_import_2026-04-24.md,tests are making a comeback,重新流行；再次回归,tests are making a comeback；可用于制度、趋势、现象回潮。,一般,阅读高频|固定搭配|教育主题,可用于制度、趋势、现象回潮。,1,2026-04-24
20260424-045,2026-04-24,词组,dean of admissions,bbdc_screenshot_import_2026-04-24.md,MIT's dean of admissions,招生主任,MIT's dean of admissions；具体职务，阅读识别即可。,不建议,仅阅读识别|固定搭配|教育主题,具体职务，阅读识别即可。,1,2026-04-24
20260424-046,2026-04-24,词组,lone wolf,bbdc_screenshot_import_2026-04-24.md,we were the lone wolf,唯一单独行动者,we were the lone wolf；偏口语或比喻，写作少用。,不建议,仅阅读识别|固定搭配|教育主题,偏口语或比喻，写作少用。,1,2026-04-24
20260424-047,2026-04-24,单词,mandatory,bbdc_screenshot_import_2026-04-24.md,a mandatory test policy,强制性的；必需的,a mandatory test policy；可与 `optional` 对照，政策类写作常用。,适合,写作友好|议论文常用|教育主题,可与 `optional` 对照，政策类写作常用。,1,2026-04-24
20260424-048,2026-04-24,单词,reinstate,bbdc_screenshot_import_2026-04-24.md,reinstate a mandatory test policy,恢复；重新实施,reinstate a mandatory test policy；适合描述政策恢复、制度重启。,适合,写作友好|议论文常用|教育主题,适合描述政策恢复、制度重启。,1,2026-04-24
20260424-049,2026-04-24,词组,stick with,bbdc_screenshot_import_2026-04-24.md; 2026-06-22-2011-english-i-text-2.md,stuck with the policy; stuck with the leaders they had,坚持；继续采用；继续留用,stick with 表示坚持原有选择或继续采用；本句中 stuck with the leaders they had 指董事会继续留用原有领导层。,一般,阅读高频|固定搭配|教育主题|职场主题|错句来源,stick with = 坚持 / 继续采用 / 继续留用；注意 stuck with 是过去式。,2,2026-06-22
20260424-050,2026-04-24,单词,consistently,bbdc_screenshot_import_2026-04-24.md,consistently administer tests,持续地；一贯地,consistently administer tests；可修饰做法、政策、表现。,适合,写作友好|议论文常用|教育主题,可修饰做法、政策、表现。,1,2026-04-24
20260424-051,2026-04-24,词组,administer tests,bbdc_screenshot_import_2026-04-24.md,administer tests,组织考试；实施考试,administer tests；教育话题中的正式搭配。,适合,写作友好|议论文常用|固定搭配|教育主题,教育话题中的正式搭配。,1,2026-04-24
20260424-052,2026-04-24,句型,make A B,bbdc_screenshot_import_2026-04-24.md,made submitting scores optional,使 A 变成 B,made submitting scores optional；常用结果结构，`make + 宾语 + 补足语`。,适合,写作友好|议论文常用|长难句结构|固定搭配,常用结果结构，`make + 宾语 + 补足语`。,1,2026-04-24
20260424-053,2026-04-24,单词,prestigious,bbdc_screenshot_import_2026-04-24.md,prestigious schools,有声望的；名望高的,prestigious schools；教育、机构、奖项话题常用。,适合,写作友好|议论文常用|教育主题,教育、机构、奖项话题常用。,1,2026-04-24
20260424-054,2026-04-24,词组,exclude A from B,bbdc_screenshot_import_2026-04-24.md,exclude students from prestigious schools,把 A 排除在 B 之外,exclude students from prestigious schools；社会议题、教育公平议题常用。,适合,写作友好|议论文常用|固定搭配,社会议题、教育公平议题常用。,1,2026-04-24
20260424-055,2026-04-24,单词,devise,bbdc_screenshot_import_2026-04-24.md,weapon ever devised,设计；发明,weapon ever devised；多用于方法、计划、工具被设计出来。,一般,阅读高频,多用于方法、计划、工具被设计出来。,1,2026-04-24
20260424-056,2026-04-24,词组,seem like,bbdc_screenshot_import_2026-04-24.md,seems like another era,看起来像,seems like another era；基础表达，口语和说明文都可用。,一般,阅读高频|固定搭配,基础表达，口语和说明文都可用。,1,2026-04-24
20260424-057,2026-04-24,单词,disadvantage,bbdc_screenshot_import_2026-04-24.md,disadvantage black Americans,使处于不利地位,disadvantage black Americans；作动词时很有价值，常用于公平与制度话题。,适合,写作友好|议论文常用|教育主题|社会主题,作动词时很有价值，常用于公平与制度话题。,1,2026-04-24
20260424-058,2026-04-24,单词,favour,bbdc_screenshot_import_2026-04-24.md,tests favour the wealthy,偏向；有利于,tests favour the wealthy；英式拼写，表示制度或条件对某群体有利。,适合,写作友好|议论文常用|教育主题|社会主题,英式拼写，表示制度或条件对某群体有利。,1,2026-04-24
20260424-059,2026-04-24,词组,racial diversity,bbdc_screenshot_import_2026-04-24.md,achieve racial diversity,种族多样性,achieve racial diversity；教育、公平、多元化话题常用。,适合,写作友好|议论文常用|固定搭配|教育主题|社会主题,教育、公平、多元化话题常用。,1,2026-04-24
20260424-060,2026-04-24,单词,racial,bbdc_screenshot_import_2026-04-24.md,racial diversity,种族的,racial diversity；注意 `racial` 是形容词，不是名词。,一般,阅读高频|教育主题|社会主题,注意 `racial` 是形容词，不是名词。,1,2026-04-24
20260424-061,2026-04-24,词组,admissions test,bbdc_screenshot_import_2026-04-24.md,standardised admissions tests,入学考试,standardised admissions tests；教育制度话题常见搭配。,一般,阅读高频|固定搭配|教育主题,教育制度话题常见搭配。,1,2026-04-24
20260424-062,2026-04-24,词组,warn sb that,bbdc_screenshot_import_2026-04-24.md,warned universities that...,警告某人……,warned universities that...；可用于政策、风险、后果提示。,一般,阅读高频|固定搭配|教育主题,可用于政策、风险、后果提示。,1,2026-04-24
20260424-063,2026-04-24,词组,come in,bbdc_screenshot_import_2026-04-24.md,evidence has come in,出现；被收到,evidence has come in；这里指证据陆续出现。,一般,阅读高频|固定搭配|教育主题,这里指证据陆续出现。,1,2026-04-24
20260424-064,2026-04-24,词组,settle the argument,bbdc_screenshot_import_2026-04-24.md,evidence should settle the argument,解决争论；终结争议,evidence should settle the argument；议论文中可用于说明证据的作用。,适合,写作友好|议论文常用|固定搭配|教育主题,议论文中可用于说明证据的作用。,1,2026-04-24
20260424-065,2026-04-24,单词,progressive,bbdc_screenshot_import_2026-04-24.md,progressives should love standardised tests,进步主义者；自由派人士,progressives should love standardised tests；政治语境词，阅读识别为主。,不建议,仅阅读识别|教育主题|社会主题,政治语境词，阅读识别为主。,1,2026-04-24
20260424-066,2026-04-24,词组,pave the way for,bbdc_screenshot_import_2026-04-24.md,pave the way for further development,为……铺平道路；创造条件,pave the way for further development；经济、科技、社会发展话题常用。,适合,写作友好|议论文常用|固定搭配,经济、科技、社会发展话题常用。,1,2026-04-24
20260424-067,2026-04-24,词组,contribute to,bbdc_screenshot_import_2026-04-24.md; 2026-07-10-2011-english-i-text-4.md,contribute to economic progress; contributing to our own dissatisfactions,促进；有助于；促成；导致,contribute to 后接结果；结果可以是积极的 progress 也可以是消极的 dissatisfaction。,适合,写作友好|议论文常用|固定搭配|熟词语境|Text4-S14,不要把 contribute to 固定理解成积极的“贡献”；先看后面的结果是正面还是负面。,2,2026-08-06
20260424-068,2026-04-24,单词,intense,bbdc_screenshot_import_2026-04-24.md; 2026-07-10-2011-english-i-text-4.md,intense competition; intense gratification and delight,激烈的；强烈的,intense 表程度强；修饰 gratification and delight 时译为“强烈的”而不是“紧张的”或“感兴趣的”。,适合,写作友好|议论文常用|程度修饰|复发错误|Text4-S03,结合被修饰对象判断具体译法；intense feelings 通常是强烈的感受。,2,2026-08-06
20260424-069,2026-04-24,单词,suicidal,bbdc_screenshot_import_2026-04-24.md,suicidal actions,自毁性的；导致自我毁灭的,suicidal actions；语气很重，阅读识别即可，写作慎用。,不建议,仅阅读识别|经济主题,语气很重，阅读识别即可，写作慎用。,1,2026-04-24
20260424-070,2026-04-24,词组,take over,bbdc_screenshot_import_2026-04-24.md,had been taken over by foreign enterprises,接管；收购；控制,had been taken over by foreign enterprises；企业和产业语境常用。,一般,阅读高频|固定搭配|经济主题,企业和产业语境常用。,1,2026-04-24
20260424-071,2026-04-24,单词,withdraw,bbdc_screenshot_import_2026-04-24.md,had withdrawn to its domestic market,退出；撤退；撤回,had withdrawn to its domestic market；可用于企业、国家、政策退出某领域。,一般,阅读高频|经济主题,可用于企业、国家、政策退出某领域。,1,2026-04-24
20260424-072,2026-04-24,单词,manifest,bbdc_screenshot_import_2026-04-24.md,原图未显示完整例句,表现；显示；表明,原图未显示完整例句；书面动词，但本截图缺少完整语境。,一般,阅读高频,书面动词，但本截图缺少完整语境。,1,2026-04-24
20260424-073,2026-04-24,单词,impetus,bbdc_screenshot_import_2026-04-24.md,given an impetus to its economy,推动力；促进因素,given an impetus to its economy；正式抽象名词，常搭配 `give an impetus to`。,适合,写作友好|议论文常用|经济主题,正式抽象名词，常搭配 `give an impetus to`。,1,2026-04-24
20260424-074,2026-04-24,单词,towards,bbdc_screenshot_import_2026-04-24.md,efforts towards this goal,朝着；为了,efforts towards this goal；表示目标方向，可用于 `efforts towards...`。,一般,阅读高频,表示目标方向，可用于 `efforts towards...`。,1,2026-04-24
20260424-075,2026-04-24,单词,painstaking,bbdc_screenshot_import_2026-04-24.md,painstaking efforts,艰苦的；费力的；非常仔细的,painstaking efforts；常修饰 efforts、work、research。,适合,写作友好|议论文常用,常修饰 efforts、work、research。,1,2026-04-24
20260424-076,2026-04-24,单词,quick-witted,bbdc_screenshot_import_2026-04-24.md,learnt to be more quick-witted,机敏的；反应快的,learnt to be more quick-witted；偏描述性，考研写作中不常用。,不建议,仅阅读识别,偏描述性，考研写作中不常用。,1,2026-04-24
20260424-077,2026-04-24,词组,go on a diet,bbdc_screenshot_import_2026-04-24.md,American industry has gone on a diet,削减规模；精简结构,American industry has gone on a diet；比喻用法，阅读中要识别。,一般,阅读高频|固定搭配|经济主题|熟词僻义,比喻用法，阅读中要识别。,1,2026-04-24
20260424-078,2026-04-24,词组,blind pride,bbdc_screenshot_import_2026-04-24.md,Self-doubt has yielded to blind pride,盲目的自豪；盲目自信,Self-doubt has yielded to blind pride；抽象评价表达，可用于批判性语境。,一般,阅读高频|固定搭配,抽象评价表达，可用于批判性语境。,1,2026-04-24
20260424-079,2026-04-24,词组,yield to,bbdc_screenshot_import_2026-04-24.md,self-doubt yielded to blind pride,让位于；屈服于；被……取代,self-doubt yielded to blind pride；正式表达，表示一种状态被另一种状态替代。,适合,写作友好|议论文常用|固定搭配,正式表达，表示一种状态被另一种状态替代。,1,2026-04-24
20260424-080,2026-04-24,单词,devalue,bbdc_screenshot_import_2026-04-24.md,a devalued dollar,贬值,a devalued dollar；经济语境词，常用于 currency。,一般,阅读高频|经济主题,经济语境词，常用于 currency。,1,2026-04-24
20260424-081,2026-04-24,词组,attribute A to B,bbdc_screenshot_import_2026-04-24.md,attribute this to obvious causes,把 A 归因于 B,attribute this to obvious causes；议论文解释原因的核心搭配。,适合,写作友好|议论文常用|固定搭配,议论文解释原因的核心搭配。,1,2026-04-24
20260424-082,2026-04-24,单词,struggle,bbdc_screenshot_import_2026-04-24.md,Japan has been struggling,挣扎；困难发展,Japan has been struggling；可描述国家、行业、个人处境困难。,一般,阅读高频|经济主题,可描述国家、行业、个人处境困难。,1,2026-04-24
20260424-083,2026-04-24,词组,look back on,bbdc_screenshot_import_2026-04-24.md,look back on five years of growth,回顾；回想,look back on five years of growth；常用于总结过去经历。,一般,阅读高频|固定搭配|经济主题,常用于总结过去经历。,1,2026-04-24
20260424-084,2026-04-24,单词,sensational,bbdc_screenshot_import_2026-04-24.md,sensational findings,轰动的；耸人听闻的,sensational findings；带有夸张或吸引眼球的意味。,一般,阅读高频|经济主题,带有夸张或吸引眼球的意味。,1,2026-04-24
20260424-085,2026-04-24,词组,inquiry into,bbdc_screenshot_import_2026-04-24.md,inquiry into the causes of industrial decline,对……的调查；研究,inquiry into the causes of industrial decline；正式表达，常接原因、事件、问题。,一般,阅读高频|固定搭配|经济主题,正式表达，常接原因、事件、问题。,1,2026-04-24
20260424-086,2026-04-24,单词,bring,bbdc_screenshot_import_2026-04-24.md,brought one inquiry after another,带来；引发；出现,brought one inquiry after another；这里不是“拿来”，而是“引发一系列事情”。,一般,阅读高频|经济主题,这里不是“拿来”，而是“引发一系列事情”。,1,2026-04-24
20260424-087,2026-04-24,词组,one after another,bbdc_screenshot_import_2026-04-24.md,one inquiry after another,一个接一个；接连不断,one inquiry after another；强调连续出现。,一般,阅读高频|固定搭配|经济主题,强调连续出现。,1,2026-04-24
20260424-088,2026-04-24,单词,therefore,bbdc_screenshot_import_2026-04-24.md,incomes would therefore begin to fall,因此；所以,incomes would therefore begin to fall；因果连接词，正式写作可用。,适合,写作友好|议论文常用|经济主题,因果连接词，正式写作可用。,1,2026-04-24
20260424-089,2026-04-24,单词,shortly,bbdc_screenshot_import_2026-04-24.md,shortly begin to fall,很快；不久之后,shortly begin to fall；在文中表示“不久将会”。,一般,阅读高频|经济主题,在文中表示“不久将会”。,1,2026-04-24
20260424-090,2026-04-24,单词,prosperity,bbdc_screenshot_import_2026-04-24.md,stopped taking prosperity for granted,繁荣；富裕,stopped taking prosperity for granted；经济、社会发展主题常用。,适合,写作友好|议论文常用|经济主题,经济、社会发展主题常用。,1,2026-04-24
20260424-091,2026-04-24,词组,take sth for granted,bbdc_screenshot_import_2026-04-24.md,taking prosperity for granted,把……视为理所当然,taking prosperity for granted；写作常用，可表达忽视已有优势。,适合,写作友好|议论文常用|固定搭配|经济主题,写作常用，可表达忽视已有优势。,1,2026-04-24
20260424-092,2026-04-24,词组,a crisis of confidence,bbdc_screenshot_import_2026-04-24.md,caused a crisis of confidence,信心危机,caused a crisis of confidence；经济、社会、个人发展话题都可用。,适合,写作友好|议论文常用|固定搭配|经济主题,经济、社会、个人发展话题都可用。,1,2026-04-24
20260424-093,2026-04-24,单词,cause,bbdc_screenshot_import_2026-04-24.md,caused a crisis of confidence,导致；引发,caused a crisis of confidence；基础因果动词，可替换为 `lead to`、`result in`。,一般,阅读高频|经济主题,基础因果动词，可替换为 `lead to`、`result in`。,1,2026-04-24
20260424-094,2026-04-24,词组,at the heart of,bbdc_screenshot_import_2026-04-24.md,sat at the heart of the new computer age,处于核心,sat at the heart of the new computer age；写作中可表示某物是关键或核心。,适合,写作友好|议论文常用|固定搭配|经济主题,写作中可表示某物是关键或核心。,1,2026-04-24
20260424-095,2026-04-24,单词,semiconductor,bbdc_screenshot_import_2026-04-24.md,the making of semiconductors,半导体,the making of semiconductors；科技和产业主题词。,一般,阅读高频|经济主题|科技主题,科技和产业主题词。,1,2026-04-24
20260424-096,2026-04-24,句型,look as though,bbdc_screenshot_import_2026-04-24.md,it looked as though...,看起来好像,it looked as though...；引出表象或趋势判断。,一般,阅读高频|长难句结构|固定搭配,引出表象或趋势判断。,1,2026-04-24
20260424-097,2026-04-24,词组,for a while,bbdc_screenshot_import_2026-04-24.md,For a while it looked as though...,一段时间,For a while it looked as though...；时间状语，阅读识别为主。,一般,阅读高频|固定搭配,时间状语，阅读识别为主。,1,2026-04-24
20260424-098,2026-04-24,词组,machine tool,bbdc_screenshot_import_2026-04-24.md,America's machine-tool industry,机床；工业加工设备,America's machine-tool industry；产业主题词，理解语境即可。,一般,阅读高频|固定搭配|经济主题|科技主题,产业主题词，理解语境即可。,1,2026-04-24
20260424-099,2026-04-24,词组,sweep into,bbdc_screenshot_import_2026-04-24.md,were sweeping into the domestic market,大量涌入；席卷进入,were sweeping into the domestic market；强调速度快、数量多。,一般,阅读高频|固定搭配|经济主题,强调速度快、数量多。,1,2026-04-24
20260424-100,2026-04-24,单词,textile,bbdc_screenshot_import_2026-04-24.md,foreign-made cars and textiles,纺织品；纺织工业产品,foreign-made cars and textiles；产业主题词，原图例句底部不完整。,一般,阅读高频|经济主题|科技主题,产业主题词，原图例句底部不完整。,1,2026-04-24
20260424-101,2026-04-24,句型,noun + left,bbdc_screenshot_import_2026-04-24.md,one American television maker left,剩下的；仅存的,one American television maker left；`left` 作后置定语，修饰前面的名词。,一般,阅读高频|长难句结构|固定搭配|已迁句式卡,`left` 作后置定语，修饰前面的名词。→ 已建句式卡 SP-005,1,2026-04-24
20260424-102,2026-04-24,单词,over,bbdc_screenshot_import_2026-04-24.md,at a loss over the problem,关于；因为,at a loss over the problem；这里不是“在……上方”，而是“因为 / 关于”。,一般,阅读高频|熟词僻义,这里不是“在……上方”，而是“因为 / 关于”。,1,2026-04-24
20260424-103,2026-04-24,词组,at a loss,bbdc_screenshot_import_2026-04-24.md,found themselves at a loss,不知所措；困惑,found themselves at a loss；可用于问题、变化或处境让人迷茫。,适合,写作友好|议论文常用|固定搭配,可用于问题、变化或处境让人迷茫。,1,2026-04-24
20260424-104,2026-04-24,词组,just as,bbdc_screenshot_import_2026-04-24.md,Just as inevitably...,正如；同样地,Just as inevitably...；可用于承接前句逻辑，表示“同样不可避免”。,适合,写作友好|议论文常用|固定搭配,可用于承接前句逻辑，表示“同样不可避免”。,1,2026-04-24
20260424-105,2026-04-24,单词,as,bbdc_screenshot_import_2026-04-24.md,as other countries grew richer,随着；当……的时候,as other countries grew richer；表示两个变化同步发生。,一般,阅读高频,表示两个变化同步发生。,1,2026-04-24
20260424-106,2026-04-24,单词,predominance,bbdc_screenshot_import_2026-04-24.md,retreat from predominance,主导地位；优势地位,retreat from predominance；正式抽象名词，适合产业和国际竞争话题。,适合,写作友好|议论文常用|经济主题,正式抽象名词，适合产业和国际竞争话题。,1,2026-04-24
20260424-107,2026-04-24,单词,primacy,bbdc_screenshot_import_2026-04-24.md,this primacy should have narrowed,首位；领先地位,this primacy should have narrowed；比 `leading position` 更书面。,适合,写作友好|议论文常用|经济主题,比 `leading position` 更书面。,1,2026-04-24
20260424-108,2026-04-24,词组,retreat from,bbdc_screenshot_import_2026-04-24.md,retreat from predominance,从……退却；后退,retreat from predominance；常用于优势、地位、市场份额下降。,一般,阅读高频|固定搭配|经济主题,常用于优势、地位、市场份额下降。,1,2026-04-24
20260424-109,2026-04-24,句型,grow + adj.,bbdc_screenshot_import_2026-04-24.md,other countries grew richer,变得……,other countries grew richer；系动词用法，后接形容词。,一般,阅读高频|长难句结构|固定搭配|经济主题,系动词用法，后接形容词。,1,2026-04-24
20260424-110,2026-04-24,词组,beyond the dreams of,bbdc_screenshot_import_2026-04-24.md,prosperous beyond the dreams of...,超出……的想象,prosperous beyond the dreams of...；可替换为 `beyond imagination`、`beyond expectation`。,适合,写作友好|议论文常用|固定搭配|经济主题,可替换为 `beyond imagination`、`beyond expectation`。,1,2026-04-24
20260424-111,2026-04-24,单词,prosperous,bbdc_screenshot_import_2026-04-24.md,America and Americans were prosperous,繁荣的；富裕的,America and Americans were prosperous；经济发展和社会状况主题常用。,适合,写作友好|议论文常用|经济主题,经济发展和社会状况主题常用。,1,2026-04-24
20260424-112,2026-04-24,词组,economies of scale,bbdc_screenshot_import_2026-04-24.md,unparalleled economies of scale,规模经济,unparalleled economies of scale；经济主题核心表达，指规模越大单位成本越低。,适合,写作友好|议论文常用|固定搭配|经济主题,经济主题核心表达，指规模越大单位成本越低。,1,2026-04-24
20260424-113,2026-04-24,单词,unparalleled,bbdc_screenshot_import_2026-04-24.md,unparalleled economies of scale,无与伦比的；前所未有的,unparalleled economies of scale；可修饰 growth、reputation、advantages。,适合,写作友好|议论文常用|经济主题,可修饰 growth、reputation、advantages。,1,2026-04-24
20260424-114,2026-04-24,词组,driving force,bbdc_screenshot_import_2026-04-24.md,become a driving force,推动力；动力来源,become a driving force；写作高价值表达，常说 `the driving force behind...`。,适合,写作友好|议论文常用|固定搭配|经济主题,写作高价值表达，常说 `the driving force behind...`。,1,2026-04-24
20260424-115,2026-04-24,单词,handle,bbdc_screenshot_import_2026-04-24.md,if properly handled,处理；应对,if properly handled；常搭配 problem、pressure、situation。,适合,写作友好|议论文常用,常搭配 problem、pressure、situation。,1,2026-04-24
20260424-116,2026-04-24,单词,dreadful,bbdc_screenshot_import_2026-04-24.md,a dreadful handicap,可怕的；糟糕的,a dreadful handicap；负面评价词，常搭配 mistake、consequence。,一般,阅读高频,负面评价词，常搭配 mistake、consequence。,1,2026-04-24
20260424-117,2026-04-24,单词,effortless,bbdc_screenshot_import_2026-04-24.md,effortless success,不费力的；轻而易举的,effortless success；注意由 `effort + less` 构成。,一般,阅读高频,注意由 `effort + less` 构成。,1,2026-04-24
20260424-118,2026-04-24,单词,nurture,bbdc_screenshot_import_2026-04-24.md,nurture children,培养；养育,nurture children；可与 `nature` 对比记忆。,适合,写作友好|议论文常用,可与 `nature` 对比记忆。,1,2026-04-24
20260424-119,2026-04-24,词组,be aware of,bbdc_screenshot_import_2026-04-24.md,be aware of the risks,意识到；认识到,be aware of the risks；后接名词或从句，不能单独作谓语。,适合,写作友好|议论文常用|固定搭配|社会主题,后接名词或从句，不能单独作谓语。,1,2026-04-24
20260424-120,2026-04-24,词组,take responsibility for,bbdc_screenshot_import_2026-04-24.md,take responsibility for our actions,对……承担责任,take responsibility for our actions；适合写作中表达个人或社会责任。,适合,写作友好|议论文常用|固定搭配|社会主题,适合写作中表达个人或社会责任。,1,2026-04-24
20260424-121,2026-04-24,句型,the impact A has on B,bbdc_screenshot_import_2026-04-24.md,the impact the fashion industry has on body ideals,A 对 B 的影响,the impact the fashion industry has on body ideals；`that` 可省略，但理解时要补出定语从句。,适合,写作友好|议论文常用|长难句结构|固定搭配|已迁句式卡,`that` 可省略，但理解时要补出定语从句。→ 已建句式卡 SP-004,1,2026-04-24
20260424-122,2026-04-24,词组,run counter to sth,bbdc_screenshot_import_2026-04-24.md,run counter to my belief,与……背道而驰；与……冲突,run counter to my belief；可替换 `go against`、`contradict`。,适合,写作友好|议论文常用|固定搭配|社会主题,可替换 `go against`、`contradict`。,1,2026-04-24
20260424-123,2026-04-24,句型,turn out to be,bbdc_screenshot_import_2026-04-24.md,obesity turns out to be difficult to define,结果是；最终发现是,obesity turns out to be difficult to define；表示事实最终呈现出来。,适合,写作友好|议论文常用|长难句结构|固定搭配,表示事实最终呈现出来。,1,2026-04-24
20260424-124,2026-04-24,词组,turn to sb to do sth,bbdc_screenshot_import_2026-04-24.md,turns to government to handle,转向某人；求助于某人做某事,turns to government to handle；常用于“求助某方解决问题”。,适合,写作友好|议论文常用|固定搭配,常用于“求助某方解决问题”。,1,2026-04-24
20260424-125,2026-04-24,句型,force sb to do,bbdc_screenshot_import_2026-04-24.md,force businesses to employ fewer people,迫使某人做某事,force businesses to employ fewer people；结构清晰，因果论证常用。,适合,写作友好|议论文常用|长难句结构|固定搭配,结构清晰，因果论证常用。,1,2026-04-24
20260424-126,2026-04-24,词组,make sense,bbdc_screenshot_import_2026-04-24.md,would make sense for them,有意义；明智；合理,would make sense for them；在此语境中表示“是明智的”。,适合,写作友好|议论文常用|固定搭配,在此语境中表示“是明智的”。,1,2026-04-24
20260424-127,2026-04-24,词组,an approach to sth,bbdc_screenshot_import_2026-04-24.md,an approach to getting more done,做某事的方法；处理路径,an approach to getting more done；`approach to` 后接名词或动名词。,适合,写作友好|议论文常用|固定搭配,`approach to` 后接名词或动名词。,1,2026-04-24
20260424-128,2026-04-24,词组,work out,bbdc_screenshot_import_2026-04-24.md,zeal for working out,锻炼,zeal for working out；这里不是“解决”，而是“健身 / 锻炼”。,一般,阅读高频|固定搭配,这里不是“解决”，而是“健身 / 锻炼”。,1,2026-04-24
20260424-129,2026-04-24,词组,not necessarily,bbdc_screenshot_import_2026-04-24.md,not necessarily a bad thing,不一定,not necessarily a bad thing；否定程度，常用于让判断更谨慎。,适合,写作友好|议论文常用|固定搭配,否定程度，常用于让判断更谨慎。,1,2026-04-24
20260424-130,2026-04-24,句型,make it a crime for sb to do sth,bbdc_screenshot_import_2026-04-24.md,whether to make it a crime for private funding to be used,把某事定为犯罪,whether to make it a crime for private funding to be used；`make + it + 名词 + for sb to do` 是常见使役结构。,一般,阅读高频|长难句结构|固定搭配|已迁句式卡,`make + it + 名词 + for sb to do` 是常见使役结构。→ 已建句式卡 SP-007,1,2026-04-24
20260424-131,2026-04-24,词组,prospect of sth,bbdc_screenshot_import_2026-04-24.md,raised the prospect of regulators wading into...,……的可能性；前景,raised the prospect of regulators wading into...；常搭配 `raise the prospect of`。,适合,写作友好|议论文常用|固定搭配,常搭配 `raise the prospect of`。,1,2026-04-24
20260424-132,2026-04-24,词组,wade into,bbdc_screenshot_import_2026-04-24.md,regulators wading into markets,涉入；介入,regulators wading into markets；常指进入复杂或敏感领域。,一般,阅读高频|固定搭配,常指进入复杂或敏感领域。,1,2026-04-24
20260424-133,2026-04-24,词组,beyond one's reach,bbdc_screenshot_import_2026-04-24.md,markets beyond their reach,超出某人能力范围,markets beyond their reach；可用于资源、目标、机会不可及。,适合,写作友好|议论文常用|固定搭配,可用于资源、目标、机会不可及。,1,2026-04-24
20260424-134,2026-04-24,词组,arm sb with sth,bbdc_screenshot_import_2026-04-24.md,armed themselves with patents,用……武装自己；配备,armed themselves with patents；可比喻为“把某物作为保护或竞争工具”。,一般,阅读高频|固定搭配,可比喻为“把某物作为保护或竞争工具”。,1,2026-04-24
20260424-135,2026-04-24,词组,take positions,bbdc_screenshot_import_2026-04-24.md,took positions in court cases,采取立场；表明态度,took positions in court cases；法律和公共议题中常见。,一般,阅读高频|固定搭配,法律和公共议题中常见。,1,2026-04-24
20260424-136,2026-04-24,词组,a policy on sth,bbdc_screenshot_import_2026-04-24.md,a national policy on human cloning,关于……的政策,a national policy on human cloning；`on` 引出政策涉及的主题。,适合,写作友好|议论文常用|固定搭配,`on` 引出政策涉及的主题。,1,2026-04-24
20260424-137,2026-04-24,词组,report back to,bbdc_screenshot_import_2026-04-24.md,report back to the White House,向……报告；反馈,report back to the White House；常见行政或工作语境表达。,一般,阅读高频|固定搭配,常见行政或工作语境表达。,1,2026-04-24
20260424-138,2026-04-24,词组,be desperate for sth,bbdc_screenshot_import_2026-04-24.md,desperate for a job,迫切需要；极度渴望,desperate for a job；表示强烈需求。,适合,写作友好|议论文常用|固定搭配,表示强烈需求。,1,2026-04-24
20260424-139,2026-04-24,词组,sign on with,bbdc_screenshot_import_2026-04-24.md,signed on with an agency,与……签约；加入,signed on with an agency；职场和机构语境常见。,一般,阅读高频|固定搭配,职场和机构语境常见。,1,2026-04-24
20260424-140,2026-04-24,词组,vary according to sth,bbdc_screenshot_import_2026-04-24.md,vary according to the urgency,根据……而变化,vary according to the urgency；写作可用于说明规则因条件不同而变。,适合,写作友好|议论文常用|固定搭配,写作可用于说明规则因条件不同而变。,1,2026-04-24
20260424-141,2026-04-24,句型,needed in doing sth,bbdc_screenshot_import_2026-04-24.md,time needed in making decisions,做某事所需的,time needed in making decisions；过去分词后置定语，修饰前面的名词。,一般,阅读高频|长难句结构|固定搭配|已迁句式卡,过去分词后置定语，修饰前面的名词。→ 已建句式卡 SP-005,1,2026-04-24
20260424-142,2026-04-24,词组,urgency of the situation,bbdc_screenshot_import_2026-04-24.md,according to the urgency of the situation,情况的紧急程度,according to the urgency of the situation；可用于决策、应急、管理语境。,一般,阅读高频|固定搭配,可用于决策、应急、管理语境。,1,2026-04-24
20260424-143,2026-04-24,词组,inspire sb to do,bbdc_screenshot_import_2026-04-24.md,inspires astronomers to explore,激励某人做某事,inspires astronomers to explore；写作中比 `make sb do` 更自然积极。,适合,写作友好|议论文常用|固定搭配|科技主题,写作中比 `make sb do` 更自然积极。,1,2026-04-24
20260424-144,2026-04-24,词组,lie beyond the horizon,bbdc_screenshot_import_2026-04-24.md,what lies beyond the horizon,位于地平线之外；未知领域,what lies beyond the horizon；带有比喻意味，可用于探索未知。,一般,阅读高频|固定搭配|科技主题,带有比喻意味，可用于探索未知。,1,2026-04-24
20260424-145,2026-04-24,词组,be vulnerable to,bbdc_screenshot_import_2026-04-24.md,vulnerable to the changing environment,易受……影响；脆弱的,vulnerable to the changing environment；可用于个人、群体、系统面对风险。,适合,写作友好|议论文常用|固定搭配|科技主题,可用于个人、群体、系统面对风险。,1,2026-04-24
20260424-146,2026-04-24,词组,state of mind,bbdc_screenshot_import_2026-04-24.md,Composure is a state of mind,心态；精神状态,Composure is a state of mind；抽象表达，可用于心理和个人成长主题。,适合,写作友好|议论文常用|固定搭配|科技主题,抽象表达，可用于心理和个人成长主题。,1,2026-04-24
20260424-147,2026-04-24,句型,made possible by,bbdc_screenshot_import_2026-04-24.md,a state of mind made possible by...,由……使成为可能,a state of mind made possible by...；过去分词短语作后置定语。,适合,写作友好|议论文常用|长难句结构|固定搭配|科技主题|已迁句式卡,过去分词短语作后置定语。→ 已建句式卡 SP-005,1,2026-04-24
20260424-148,2026-04-24,词组,cater to,bbdc_screenshot_import_2026-04-24.md,shops catering to a knowledgeable elite,迎合；服务于,shops catering to a knowledgeable elite；常用于产品、服务、媒体面向某类人群。,适合,写作友好|议论文常用|固定搭配|社会主题,常用于产品、服务、媒体面向某类人群。,1,2026-04-24
20260424-149,2026-04-24,词组,regardless of,bbdc_screenshot_import_2026-04-24.md,regardless of class or background,不论；不管,regardless of class or background；写作中表达“无论条件如何”。,适合,写作友好|议论文常用|固定搭配|社会主题,写作中表达“无论条件如何”。,1,2026-04-24
20260424-150,2026-04-24,词组,bear in mind,bbdc_screenshot_import_2026-04-24.md,we must bear in mind that...,记住；牢记,we must bear in mind that...；引出提醒或限制条件。,适合,写作友好|议论文常用|固定搭配,引出提醒或限制条件。,1,2026-04-24
20260424-151,2026-04-24,句型,far from being,bbdc_screenshot_import_2026-04-24.md,far from being works of art,远非；完全不是,far from being works of art；可用于批判性表达，语气强。,适合,写作友好|议论文常用|长难句结构|固定搭配,可用于批判性表达，语气强。,1,2026-04-24
20260424-152,2026-04-24,词组,allow for,bbdc_screenshot_import_2026-04-24.md,mergers will allow for cost reductions,使成为可能；容许,mergers will allow for cost reductions；这里不是“允许某人”，而是“使某事成为可能”。,适合,写作友好|议论文常用|固定搭配,这里不是“允许某人”，而是“使某事成为可能”。,1,2026-04-24
20260424-153,2026-04-24,词组,account for sth,bbdc_screenshot_import_2026-04-24.md,accounted for under 70 percent,占据比例；解释原因,accounted for under 70 percent；可表示“占……比例”或“解释……原因”。,适合,写作友好|议论文常用|固定搭配,可表示“占……比例”或“解释……原因”。,1,2026-04-24
20260424-154,2026-04-24,词组,as recently as,bbdc_screenshot_import_2026-04-24.md,As recently as 1995,直到最近；就在……时,As recently as 1995；用于强调某情况直到某个近时间点仍存在。,一般,阅读高频|固定搭配,用于强调某情况直到某个近时间点仍存在。,1,2026-04-24
20260424-155,2026-04-24,词组,be suitable for,bbdc_screenshot_import_2026-04-24.md,suitable for crop-growing,适合……,suitable for crop-growing；固定搭配，适合资源、环境、用途话题。,适合,写作友好|议论文常用|固定搭配,固定搭配，适合资源、环境、用途话题。,1,2026-04-24
20260424-156,2026-04-24,句型,most of which,bbdc_screenshot_import_2026-04-24.md,most of which is already occupied...,其中大部分,most of which is already occupied...；非限制性定语从句结构，写作可迁移。,适合,写作友好|议论文常用|长难句结构|固定搭配|已迁句式卡,非限制性定语从句结构，写作可迁移。→ 已建句式卡 SP-003,1,2026-04-24
20260424-157,2026-04-24,词组,be crucial to sth,bbdc_screenshot_import_2026-04-24.md,crucial to developing laws and policies,对……关键,crucial to developing laws and policies；比 `important` 更有力度。,适合,写作友好|议论文常用|固定搭配,比 `important` 更有力度。,1,2026-04-24
20260424-158,2026-04-24,单词,acknowledge,bbdc_screenshot_import_2026-04-24.md,acknowledging fire's presence,承认；认可某事实存在,acknowledging fire's presence；常用于承认问题、风险、事实。,适合,写作友好|议论文常用,常用于承认问题、风险、事实。,1,2026-04-24
20260424-159,2026-04-24,单词,inevitable,bbdc_screenshot_import_2026-04-24.md,fire's inevitable presence,不可避免的,fire's inevitable presence；议论文高频抽象形容词。,适合,写作友好|议论文常用,议论文高频抽象形容词。,1,2026-04-24
20260424-160,2026-04-24,词组,rely on,bbdc_screenshot_import_2026-04-24.md,do not rely on data systematically,依赖；依靠,do not rely on data systematically；基础表达，注意后接名词或动名词。,一般,阅读高频|固定搭配,基础表达，注意后接名词或动名词。,1,2026-04-24
20260424-161,2026-04-24,词组,but rather,bbdc_screenshot_import_2026-04-24.md,but rather lump together information,而是；更准确地说,but rather lump together information；用于否定前项后转向真正情况。,适合,写作友好|议论文常用|固定搭配,用于否定前项后转向真正情况。,1,2026-04-24
20260424-162,2026-04-24,词组,lump together,bbdc_screenshot_import_2026-04-24.md,lump together information,把……混在一起,lump together information；常含“粗略合并、未区分”的意味。,一般,阅读高频|固定搭配,常含“粗略合并、未区分”的意味。,1,2026-04-24
20260424-163,2026-04-24,词组,fit in,bbdc_screenshot_import_2026-04-24.md,fitting in,融入；合群,fitting in；可用于社会适应或群体归属。,一般,阅读高频|固定搭配|社会主题,可用于社会适应或群体归属。,1,2026-04-24
20260424-164,2026-04-24,词组,in spite of sth,bbdc_screenshot_import_2026-04-24.md,In spite of endless talk of difference,尽管,In spite of endless talk of difference；让步连接表达，写作可用。,适合,写作友好|议论文常用|固定搭配|社会主题,让步连接表达，写作可用。,1,2026-04-24
20260424-165,2026-04-24,单词,homogenize,bbdc_screenshot_import_2026-04-24.md,homogenizing people,使同质化,homogenizing people；社会议题词，指削弱差异、趋同化。,一般,阅读高频|社会主题,社会议题词，指削弱差异、趋同化。,1,2026-04-24
20260424-166,2026-04-24,词组,social epidemics,2026-04-24-article.md,social epidemics are driven in large part by the actions of a tiny minority of special individuals,社会流行现象；像传染病一样扩散的社会现象,social epidemics；这里不是医学上的疾病，而是指观点、潮流、品牌等在人群中快速传播。,一般,阅读高频|固定搭配|社会主题,遇到 social epidemics 要从传播和扩散角度理解，不要直译成真正的疾病。,1,2026-04-24
20260424-167,2026-04-24,词组,be driven in large part by,2026-04-24-article.md,social epidemics are driven in large part by the actions of a tiny minority of special individuals,很大程度上由……推动；主要受……驱动,be driven in large part by；被动结构，后面接原因或推动因素，`in large part` 表示“很大程度上”。,适合,写作友好|议论文常用|固定搭配,这是分析原因的高价值表达，可替换 largely caused by 或 mainly shaped by。,1,2026-04-24
20260424-168,2026-04-24,词组,a tiny minority of,2026-04-24-article.md,a tiny minority of special individuals,极少数的……,a tiny minority of；强调数量非常少，常与 people、individuals、cases 搭配。,适合,写作友好|议论文常用|固定搭配,注意 minority 是“少数”，tiny minority 是“极少数”。,1,2026-04-24
20260424-169,2026-04-24,单词,influentials,2026-04-24-article.md,often called influentials,有影响力的人；影响者,influentials；名词化用法，指能影响他人观点或行为的一类人，不等于普通网红。,一般,阅读高频|社会主题|仅阅读识别,本文核心术语，阅读要识别为“有影响力的人”，写作不建议随意套用。,1,2026-04-24
20260424-170,2026-04-24,词组,well connected,2026-04-24-article.md,"who are unusually informed, persuasive, or well connected",人脉广的；关系网强的,well connected；形容人拥有广泛社会关系或资源网络，常用于解释影响力来源。,适合,写作友好|议论文常用|固定搭配|社会主题,well connected 不是“连接良好”，而是“人脉广、关系多”。,1,2026-04-24
20260424-171,2026-04-24,单词,informed,2026-04-24-article.md,"who are unusually informed, persuasive, or well connected",消息灵通的；见多识广的,informed；形容人掌握信息充分，也常见于 `an informed decision` 表示“有充分信息后作出的决定”。,适合,写作友好|议论文常用|社会主题,不要只理解成“被通知的”，在阅读和写作中常表示“信息充分的”。,1,2026-04-24
20260424-172,2026-04-24,单词,persuasive,2026-04-24-article.md,"who are unusually informed, persuasive, or well connected",有说服力的,persuasive；可形容人、证据、论点或解释，常见搭配有 `persuasive evidence` 和 `a persuasive argument`。,适合,写作友好|议论文常用|社会主题,写作中可用 persuasive evidence 或 a persuasive argument 表示“有说服力的证据/论点”。,1,2026-04-24
20260424-173,2026-04-24,单词,intuitively,2026-04-24-article.md,"The idea is intuitively compelling, but it doesn't explain how ideas actually spread.",凭直觉地；直观地,intuitively；表示“不经过复杂推理，凭直觉就觉得……”，常修饰 compelling、appealing、obvious 等形容词。,一般,阅读高频|议论文常用,看到 intuitively 要想到“直觉上/直观上”，不是“理性证明后”。,1,2026-04-24
20260424-174,2026-04-24,单词,compelling,2026-04-24-article.md,"The idea is intuitively compelling, but it doesn't explain how ideas actually spread.",有说服力的；令人信服的；很吸引人的,compelling；这里不是“强迫性的”，而是说一个想法让人第一反应觉得有道理，常搭配 argument、evidence、reason、idea。,适合,写作友好|议论文常用|易混表达,compelling 来自动词 compel，但 compelling argument/evidence/idea 通常译为“有说服力的”。,1,2026-04-24
20260424-175,2026-04-24,写作表达,intuitively compelling,2026-04-24-article.md,"The idea is intuitively compelling, but it doesn't explain how ideas actually spread.",直觉上很有说服力；乍看很有道理,intuitively compelling；用于评价观点或解释“第一眼很有吸引力/说服力”，但后文常接转折指出证据或解释不足。,适合,写作友好|议论文常用|固定搭配|社会主题,这个表达适合写“某观点乍看有道理，但仍有缺陷”。,1,2026-04-24
20260424-176,2026-04-24,单词,spread,2026-04-24-article.md,"The idea is intuitively compelling, but it doesn't explain how ideas actually spread.",传播；扩散,spread；这里是不及物动词，主语是 ideas，表示“观点/想法在人群中传播开来”。,一般,阅读高频|社会主题,ideas spread 是阅读高频搭配，spread 不只是“展开/摊开”，也可指信息、观点、疾病扩散。,1,2026-04-24
20260424-177,2026-04-24,词组,derive from,2026-04-24-article.md,"The supposed importance of influentials derives from a plausible-sounding but largely untested theory called the ""two-step flow of communication"".",源自于；来自于；由……产生,derive from；主语通常是观点、重要性、结论、词语等，表示其来源或依据。,适合,写作友好|议论文常用|固定搭配,derive from 比 come from 更书面，适合解释观点或现象的来源。,1,2026-04-24
20260424-178,2026-04-24,词组,plausible-sounding,2026-04-24-article.md,"a plausible-sounding but largely untested theory",听起来合理的；貌似可信的,plausible-sounding；`plausible` 是“看似合理/可信”，`-sounding` 强调只是“听起来”如此，未必被证实。,适合,写作友好|议论文常用|易混表达,plausible-sounding 常带保留态度：听起来有道理，但不等于真的成立。,1,2026-04-24
20260424-179,2026-04-24,词组,largely untested,2026-04-24-article.md,"a plausible-sounding but largely untested theory",很大程度上未经验证的；基本未被检验的,largely untested；`largely` 表示“很大程度上”，`untested` 表示“未经检验/验证”。,一般,阅读高频|议论文常用|固定搭配,看到 largely untested 要想到作者在质疑这个理论证据不足。,1,2026-04-24
20260424-180,2026-04-24,词组,two-step flow of communication,2026-04-24-article.md,"a theory called the ""two-step flow of communication"": Information flows from the media to the influentials and from them to everyone else.",二级传播流；两步传播理论,two-step flow of communication；传播学术语，指信息先从媒体流向有影响力的人，再由他们传给大众。,一般,阅读高频|社会主题|仅阅读识别,这是本文要反驳的核心理论名称，阅读中识别其“两步传播”逻辑即可。,1,2026-04-24
20260424-181,2026-04-24,词组,flow from A to B,2026-04-24-article.md,Information flows from the media to the influentials and from them to everyone else.,从 A 流向 B；从 A 传到 B,flow from A to B；这里主语是 information，flow 不是水流，而是信息、资金、影响等“流动/传播”。,适合,写作友好|议论文常用|固定搭配|社会主题,flow 可用于抽象事物，information flows from A to B 表示“信息从 A 传到 B”。,1,2026-04-24
20260424-182,2026-04-24,单词,the media,2026-04-24-article.md,Information flows from the media to the influentials and from them to everyone else.,媒体；大众传媒,the media；集合名词，常指报纸、电视、网络平台等大众传播渠道。,一般,阅读高频|社会主题,media 在本文中是信息传播起点，不是 medium 的普通复数理解。,1,2026-04-24
20260424-183,2026-04-24,单词,marketers,2026-04-24-article.md,"Marketers have embraced the two-step flow because it suggests that if they can just find and influence the influentials, those select people will do most of the work for them.",营销人员；市场推广人员,marketers 指从事市场营销、品牌推广或广告传播的人。Text 3 S06 为 marketers promoting their own products；S12 为 the presence of other marketers，指其他营销者的存在。,一般,阅读高频|社会主题|经济主题|媒介主题|Text3-S06|Text3-S12,marketers 是人，marketing 才是“市场营销”这件事；marketers 更准确是“营销人员/营销者”，不宜误看成 consumers“消费者”。,3,2026-07-03
20260424-184,2026-04-24,单词,unexpected,2026-04-24-article.md,"The theory also seems to explain the sudden and unexpected popularity of certain looks, brands, or neighborhoods.",意外的；出乎意料的,unexpected；常修饰 event、result、popularity、change 等，表示某事没有被预料到。,一般,阅读高频|议论文常用,unexpected popularity 表示“意外走红/出乎意料的流行”。,1,2026-04-24
20260424-185,2026-04-24,单词,popularity,2026-04-24-article.md,"The theory also seems to explain the sudden and unexpected popularity of certain looks, brands, or neighborhoods.",流行；受欢迎；人气,popularity；抽象名词，可指风格、品牌、地点、观点等受到关注或欢迎。,适合,写作友好|议论文常用|社会主题,不要只翻成“流行性”，这里是“受欢迎/走红”。,1,2026-04-24
20260424-186,2026-04-24,单词,certain,2026-04-24-article.md,"certain looks, brands, or neighborhoods",某些；某种,certain；这里不是“确定的”，而是限定名词，表示“某些/某种”。,一般,阅读高频|熟词僻义,碰到 certain + 复数名词，常译为“某些……”。,1,2026-04-24
20260424-187,2026-04-24,单词,looks,2026-04-24-article.md,"certain looks, brands, or neighborhoods",外观；风格；造型,looks；复数名词，指外表风格、穿搭造型或流行样式，不是动词“看”。,一般,阅读高频|熟词僻义|社会主题,looks 作名词复数时常表示“外观/风格/造型”。,1,2026-04-24
20260424-188,2026-04-24,单词,neighborhoods,2026-04-24-article.md,"certain looks, brands, or neighborhoods",街区；社区；居民区,neighborhoods；指地理区域或社区，不是 neighbors“邻居”。,一般,阅读高频|社会主题|易混表达,neighborhood 是地方，neighbor 才是邻居。,1,2026-04-24
20260424-189,2026-04-24,单词,cursory,2026-04-24-article.md,"In many such cases, a cursory search for causes finds that some small group of people was wearing, promoting, or developing whatever it is before anyone else paid attention.",粗略的；草率的；匆忙的,cursory；常修饰 look、search、glance、examination，表示只是快速、表层地看一下，没有深入研究。,一般,阅读高频|议论文常用,结合本文语气，a cursory search 暗示“粗略一找原因”，不一定可靠。,1,2026-04-24
20260424-190,2026-04-24,单词,promoting,2026-04-24-article.md,"some small group of people was wearing, promoting, or developing whatever it is",推广；宣传；推动,promoting 可以表示推广、宣传或推荐。本次在 Text 3 S04 中复现为 willingly promoting it to friends，在 S06 中复现为 marketers promoting their own products，后者是现在分词短语后置修饰 marketers。,一般,阅读高频|社会主题|经济主题|错句来源|Text3-S04|Text3-S06,promoting 可以是“推广/宣传/推荐”；遇到 N + promoting... 时先判断它是否作后置定语修饰前面的名词。,3,2026-07-03
20260424-191,2026-04-24,词组,a cursory search for causes,2026-04-24-article.md,"a cursory search for causes finds that some small group of people was wearing, promoting, or developing whatever it is before anyone else paid attention",对原因的粗略查找；粗略寻找原因,a cursory search for causes；search for causes 表示“寻找原因”，cursory 限定这种寻找很粗略。,一般,阅读高频|固定搭配|社会主题,这个短语提示作者认为这种找原因方式比较表面。,1,2026-04-24
20260424-192,2026-04-24,词组,whatever it is,2026-04-24-article.md,"some small group of people was wearing, promoting, or developing whatever it is",不管那是什么；无论那个东西是什么,whatever it is；这里概括前文的 certain looks、brands、or neighborhoods，表示“这个流行起来的东西，不管具体是什么”。,一般,阅读高频|固定搭配,whatever it is 用来泛指前文提到的事物，顺句时可译成“这种东西/这个东西”。,1,2026-04-24
20260424-193,2026-04-24,词组,before anyone else paid attention,2026-04-24-article.md,"some small group of people was wearing, promoting, or developing whatever it is before anyone else paid attention",在其他任何人注意到之前,before anyone else paid attention；before 引导时间状语，anyone else 表示“其他任何人”，paid attention 表示“注意到/关注”。,适合,写作友好|议论文常用|固定搭配,before anyone else paid attention 可用于表达“早在大众关注之前”。,1,2026-04-24
20260424-194,2026-04-24,单词,anecdotal,2026-04-24-article.md,Anecdotal evidence of this kind fits nicely with the idea that only certain special people can drive trends.,传闻的；轶事性的；基于个别事例的,anecdotal；常修饰 evidence，表示证据来自零散个案或传闻，而不是系统研究。,一般,阅读高频|议论文常用|易混表达,anecdotal 不是严格统计证据，而是“个案/传闻式”的证据。,1,2026-04-24
20260424-195,2026-04-24,单词,nicely,2026-04-24-article.md,Anecdotal evidence of this kind fits nicely with the idea that only certain special people can drive trends.,很好地；恰好地；顺畅地,nicely；这里不是“友善地”，而是修饰 fits with，表示“很自然地/恰好地吻合”。,一般,阅读高频|熟词僻义,nicely 在 fit nicely with 中表示“吻合得很好”。,1,2026-04-24
20260424-196,2026-04-24,词组,anecdotal evidence,2026-04-24-article.md,Anecdotal evidence of this kind fits nicely with the idea that only certain special people can drive trends.,传闻证据；个案证据；轶事性证据,anecdotal evidence；指基于个别事例、个人经历或传闻的证据，通常不如系统研究可靠。,适合,写作友好|议论文常用|固定搭配,议论文中可用 anecdotal evidence 表示“个案证据”，但要注意它证据力度有限。,1,2026-04-24
20260424-197,2026-04-24,词组,fit nicely with,2026-04-24-article.md,Anecdotal evidence of this kind fits nicely with the idea that only certain special people can drive trends.,与……很好地吻合；很符合……,fit nicely with；fit with 在这里不是“穿戴”，而是“与某观点/解释相符合”，nicely 加强“吻合得很自然”。,适合,写作友好|议论文常用|固定搭配,fit nicely with 可用于说明证据、现象与某种观点相吻合。,1,2026-04-24
20260424-198,2026-04-24,单词,finding,2026-04-24-article.md,"some researchers have come up with the finding that influentials have far less impact on social epidemics than is generally supposed",发现；研究结果,finding；常用于研究语境，指研究得出的结果或结论，不是动词 find 的普通“找到”。,适合,写作友好|议论文常用|社会主题,研究语境里 finding 常译为“研究发现/研究结果”。,1,2026-04-24
20260424-199,2026-04-24,词组,come up with,2026-04-24-article.md,"some researchers have come up with the finding that influentials have far less impact on social epidemics than is generally supposed",提出；想出；得出,come up with；后接 idea、solution、finding、plan 等，这里指研究者“得出/提出”一个发现。,适合,写作友好|议论文常用|固定搭配,come up with 在研究语境里可译为“提出/得出”，不是“走上来”。,1,2026-04-24
20260424-200,2026-04-24,词组,come up with the finding that,2026-04-24-article.md,"some researchers have come up with the finding that influentials have far less impact on social epidemics than is generally supposed",得出……发现；提出……研究结果,come up with the finding that；后面接完整从句，说明研究发现的具体内容。,适合,写作友好|议论文常用|固定搭配|社会主题,这是引出研究发现的结构，可理解为 researchers found that...,1,2026-04-24
20260424-201,2026-04-24,词组,than is generally supposed,2026-04-24-article.md,"influentials have far less impact on social epidemics than is generally supposed",比通常认为的……；比人们普遍以为的……,than is generally supposed；比较结构中省略了重复内容，完整理解为“than it is generally supposed that they have”。,适合,写作友好|议论文常用|长难句结构,遇到 than is generally supposed，要补出“比通常认为的程度更……”。,1,2026-04-24
20260424-202,2026-04-24,单词,argument,2026-04-24-article.md,"The researchers' argument stems from a simple observation about social influence",论点；观点；主张,argument；这里不是“争吵”，而是研究者的核心观点或论证。,适合,写作友好|议论文常用|熟词僻义,argument 在议论文和学术文中常译为“论点/观点”，不一定是争论。,1,2026-04-24
20260424-203,2026-04-24,词组,stem from,2026-04-24-article.md,"The researchers' argument stems from a simple observation about social influence",源于；来自；由……造成,stem from；主语常是 argument、problem、difference、risk、impact 等，后面接来源或原因。本次在 Text 3 S05 中复现为 marketing's impact stems from a broad range of factors。,适合,写作友好|议论文常用|固定搭配|Text3-S05,stem from 比 come from 更书面，常用于解释观点、问题或现象的根源。,2,2026-07-03
20260424-204,2026-04-24,单词,celebrities,2026-04-24-article.md,With the exception of a few celebrities like Oprah Winfrey,名人；名流,celebrities；指公众熟知的人物，通常来自娱乐、媒体、体育或公共领域。,一般,阅读高频|社会主题,celebrity 是“名人”，不是普通“有名的人”这么宽泛，常带公众曝光度。,1,2026-04-24
20260424-205,2026-04-24,词组,outsize presence,2026-04-24-article.md,"whose outsize presence is primarily a function of media, not interpersonal, influence",超大的存在感；巨大的影响力,outsize presence；outsize 表示“超常大的”，presence 在这里不是“出席”，而是公众存在感或影响力。,一般,阅读高频|社会主题|固定搭配,注意是 outsize 不是 outside；outsize presence 指“超大的影响力/存在感”。,1,2026-04-24
20260424-206,2026-04-24,单词,primarily,2026-04-24-article.md,"whose outsize presence is primarily a function of media, not interpersonal, influence",主要地；首要地,primarily；用于强调主要原因、主要功能或主要来源，相当于 mainly，但更正式。,适合,写作友好|议论文常用,primarily 可替换 mainly，用于说明主要原因或主要来源。,1,2026-04-24
20260424-207,2026-04-24,词组,a function of,2026-04-24-article.md,"whose outsize presence is primarily a function of media, not interpersonal, influence",是……的结果；取决于……；是……的函数,a function of；这里不是数学函数，而是说某结果主要由某因素决定或造成。,适合,写作友好|议论文常用|固定搭配,be a function of sth 可理解为“取决于/是……作用的结果”。,1,2026-04-24
20260424-208,2026-04-24,单词,interpersonal,2026-04-24-article.md,"not interpersonal, influence",人际的；人与人之间的,interpersonal；常修饰 relationship、communication、influence，表示人与人直接交往层面的。,适合,写作友好|议论文常用|社会主题,interpersonal influence 指人与人直接接触产生的影响，不是媒体影响。,1,2026-04-24
20260424-209,2026-04-24,单词,population,2026-04-24-article.md,even the most influential members of a population simply don't interact with that many others,群体；人口；总体,population；这里不是单纯“人口数量”，而是研究中的一个人群/总体。,一般,阅读高频|社会主题,研究语境中 population 常指被讨论或研究的整体人群。,1,2026-04-24
20260424-210,2026-04-24,单词,precisely,2026-04-24-article.md,"Yet it is precisely these non-celebrity influentials who, according to the two-step-flow theory, are supposed to drive social epidemics, by influencing their friends and colleagues directly.",正是；恰恰；精确地,precisely；这里不是“准确地”这个普通意思，而是在强调句中加强语气，表示“正是这些人”。,适合,写作友好|议论文常用|熟词僻义,precisely 在强调结构里常译为“正是/恰恰”。,1,2026-04-24
20260424-211,2026-04-24,句型,It is precisely A who...,2026-04-24-article.md,"Yet it is precisely these non-celebrity influentials who, according to the two-step-flow theory, are supposed to drive social epidemics, by influencing their friends and colleagues directly.",正是 A……；恰恰是 A……,It is precisely A who...；强调句型 `It is/was + 被强调部分 + who/that...`，这里强调主语 these non-celebrity influentials。,适合,写作友好|议论文常用|长难句结构|已迁句式卡,强调句判断方法：去掉 It is/was 和 who/that 后，句子主干仍基本成立。→ 已建句式卡 SP-001,1,2026-04-24
20260424-212,2026-04-24,单词,occur,2026-04-24-article.md,For a social epidemic to occur,发生；出现,occur；不及物动词，常用于现象、事件、变化“发生/出现”。,一般,阅读高频|议论文常用,occur 比 happen 更正式，常见结构是 for sth to occur。,1,2026-04-24
20260424-213,2026-04-24,单词,initial,2026-04-24-article.md,the initial influential,最初的；起始的,initial；形容词，表示一开始的、最早的，这里修饰 influential，指最初那个有影响力的人。,适合,写作友好|议论文常用,initial 常用于 initial stage/response/impact，表示“最初的”。,1,2026-04-24
20260424-214,2026-04-24,词组,so affected,2026-04-24-article.md,each person so affected must then influence his or her own acquaintances,这样受到影响的；如此受影响的,so affected；过去分词短语作后置定语，修饰 each person，相当于 each person who is so affected。,一般,阅读高频|长难句结构,看到 must then influence 可判断 influence 才是谓语动词，affected 不是谓语，而是修饰 person。,1,2026-04-24
20260424-215,2026-04-24,词组,have little to do with,2026-04-24-article.md,has little to do with the initial influential,与……几乎无关,have little to do with；表示关系很小或几乎没有关系，可与 have something/a lot to do with 对照记忆。,适合,写作友好|议论文常用|固定搭配,have little to do with 是论证中表达“关系不大”的高频结构。,1,2026-04-24
20260424-216,2026-04-24,句型,modal verb + base verb,2026-04-24-article.md,each person so affected must then influence his or her own acquaintances,情态动词后接动词原形,modal verb + base verb；must/can/should/may 后面接动词原形，因此 must then influence 中 influence 是谓语动词原形。,适合,阅读高频|长难句结构,用情态动词判断谓语：must 后面的 influence 是动词原形，前面的 affected 是过去分词定语。,1,2026-04-24
20260424-217,2026-04-24,单词,acquaintances,2026-04-24-article.md,each person so affected must then influence his or her own acquaintances,熟人；认识的人,acquaintances；指认识但未必亲近的人，比 friends 关系弱。,一般,阅读高频|社会主题|易混表达,acquaintance 是“认识的人/熟人”，不是亲密朋友。,1,2026-04-24
20260424-218,2026-04-24,单词,resistant,2026-04-24-article.md,"If people in the network just two degrees removed from the initial influential prove resistant",抵触的；抗拒的；有抵抗力的,resistant；这里指人对影响不接受、抗拒变化，不是医学上的“有免疫力”。,一般,阅读高频|社会主题,prove resistant 表示“结果表现出抗拒/证明是抗拒的”。,1,2026-04-24
20260424-219,2026-04-24,单词,cascade,2026-04-24-article.md,the cascade of change won't propagate very far,连锁反应；级联；瀑布,cascade；本义是“瀑布”，这里比喻变化一层层传递形成的连锁反应。,一般,阅读高频|熟词僻义|社会主题,cascade 在社会传播语境中常指“连锁传播/级联反应”。,1,2026-04-24
20260424-220,2026-04-24,词组,cascade of change,2026-04-24-article.md,the cascade of change won't propagate very far,变化的连锁反应；层层扩散的变化,cascade of change；指影响或变化像链条一样一层层传下去，不是字面“变化的瀑布”。,一般,阅读高频|固定搭配|社会主题,cascade of change 要从“连锁扩散”角度理解。,1,2026-04-24
20260424-221,2026-04-24,单词,propagate,2026-04-24-article.md,the cascade of change won't propagate very far,传播；扩散；繁殖,propagate；这里是不及物动词，指变化的连锁反应继续传播、扩散。,适合,写作友好|议论文常用|社会主题,propagate 比 spread 更正式，常用于观点、影响、变化或信号传播。,1,2026-04-24
20260424-222,2026-04-24,单词,dynamics,2026-04-24-article.md,"the researchers studied the dynamics of social influence by conducting thousands of computer simulations of populations",运行机制；变化规律；动态,dynamics；这里不是物理“动力学”，而是指社会影响如何运转、变化和传播的机制。,适合,写作友好|议论文常用|社会主题,dynamics 常用于 the dynamics of...，表示某事物内部的运行机制。,1,2026-04-24
20260424-223,2026-04-24,单词,conducting,2026-04-24-article.md,"by conducting thousands of computer simulations of populations",进行；开展；实施,conducting；这里是 conduct 的动名词形式，表示“进行/开展”模拟研究，不是“导电”。,适合,写作友好|学术表达|议论文常用,conduct research/experiments/simulations 是学术文中很常见的“开展研究/实验/模拟”。,1,2026-04-24
20260424-224,2026-04-24,单词,simulations,2026-04-24-article.md,"by conducting thousands of computer simulations of populations",模拟；仿真,simulations；指用计算机模型模拟现实中的人群或网络变化。,一般,阅读高频|学术表达|社会主题,simulation 是“模拟”，computer simulations 就是“计算机模拟”。,1,2026-04-24
20260424-225,2026-04-24,单词,manipulating,2026-04-24-article.md,"manipulating a number of variables relating to people's ability to influence others",操控；调整；处理,manipulating；研究语境中指人为调整变量来观察结果，不一定是负面的“操纵”。,一般,阅读高频|学术表达,manipulate variables 表示“操控/调整变量”，是实验研究常见表达。,1,2026-04-24
20260424-226,2026-04-24,单词,variables,2026-04-24-article.md,"manipulating a number of variables relating to people's ability to influence others",变量；可变因素,variables；指研究中可以改变或测量的因素，这里包括影响他人的能力和受影响的倾向。,适合,写作友好|学术表达|议论文常用,variable 在研究类文章中常译为“变量/因素”。,1,2026-04-24
20260424-227,2026-04-24,词组,principal requirement,2026-04-24-article.md,"the principal requirement for what is called ""global cascades""",主要条件；首要要求；核心必要条件,principal requirement；principal 是“主要的/首要的”，requirement 在这里更像“必要条件”。,适合,写作友好|议论文常用|学术表达,principal requirement for... 表示“……的主要条件/核心必要条件”。,1,2026-04-24
20260424-228,2026-04-24,句型,not of A but rather of B,2026-04-24-article.md,"is the presence not of a few influentials but, rather, of a critical mass of easily influenced people",不是 A 的存在，而是 B 的存在,not of A but rather of B；这里与 presence 搭配，完整结构是 the presence not of A but rather of B。,适合,写作友好|议论文常用|对比结构|长难句结构|已迁句式卡,not...but rather... 用来否定前项并强调真正答案。→ 已建句式卡 SP-002,1,2026-04-24
20260424-229,2026-04-24,词组,critical mass,2026-04-24-article.md,a critical mass of easily influenced people,足够数量；临界数量；关键规模,critical mass；指某事发生所需的足够数量或关键规模，不是“批判的大众”。,适合,写作友好|议论文常用|熟词僻义,critical mass of... 表示“足够数量的……/关键规模的……”。,1,2026-04-24
20260424-230,2026-04-24,词组,easily influenced people,2026-04-24-article.md,a critical mass of easily influenced people,易受影响的人,easily influenced people；过去分词 influenced 作形容词，easily 修饰 influenced，表示“容易被影响的”。,一般,阅读高频|社会主题|长难句结构,easily influenced = easy to influence，注意是被动含义“易受影响的”。,1,2026-04-24
20260424-231,2026-04-24,词组,serve as,2026-04-24-article.md,serves as a solution to marketing problems,作为；充当；起到……作用,serve as；后面接身份、功能或用途，表示“作为/充当/起到……作用”。,适合,写作友好|议论文常用|固定搭配,serve as 不要拆成 serve 和 as，整体记“充当/起到……作用”。,1,2026-04-24
20260425-001,2026-04-25,单词,validity,2026-04-24-article.md,requires solid evidence for its validity,有效性；合理性；正当性,validity；名词，指理论、观点、证据或结论是否站得住脚、是否有效。,适合,写作友好|议论文常用|学术表达,validity 常和 evidence/theory/argument 搭配，用来谈“是否有充分依据”。,1,2026-04-25
20260425-002,2026-04-25,词组,eagerness to be accepted,2026-04-24-article.md,The eagerness to be accepted,渴望被接受；渴望被认可,eagerness；名词，表示强烈愿望，后接 to do/to be done。,一般,阅读高频|心理态度|选项词,eagerness 比 desire 更强调“急切、热切”。,1,2026-04-25
20260425-003,2026-04-25,词组,impulse to influence others,2026-04-24-article.md,The impulse to influence others,影响他人的冲动；想影响他人的冲动,impulse；名词，表示一时的冲动或内在驱动力，后接 to do。,一般,阅读高频|心理态度|选项词,impulse 常指未深思的冲动或本能驱动。,1,2026-04-25
20260425-004,2026-04-25,词组,readiness to be influenced,2026-04-24-article.md,The readiness to be influenced,愿意受影响；易于接受影响,readiness；名词，表示准备好、愿意或乐于做某事，后接 to do/to be done。,适合,写作友好|议论文常用|心理态度|选项词,readiness to be influenced 对应本文核心答案“易受影响”。,1,2026-04-25
20260425-005,2026-04-25,词组,inclination to rely on others,2026-04-24-article.md,The inclination to rely on others,依赖他人的倾向；倾向于依赖他人,inclination；名词，表示倾向、偏好，后接 to do。,适合,写作友好|议论文常用|心理态度|选项词,inclination 是较正式的“倾向”，常用于议论文。,1,2026-04-25
20260607-001,2026-06-07,词组,in public,2026-05-27-2010-english-i-text-4.md,Bankers have been blaming themselves for their troubles in public.,在公开场合,in public 修饰 have been blaming themselves 这个动作；不是修饰 troubles。,一般,阅读高频|固定搭配|易错修饰关系,先判断状语修饰动作还是名词；本句是“公开责备自己”。,1,2026-06-07
20260607-002,2026-06-07,词组,behind the scenes,2026-05-27-2010-english-i-text-4.md,"Behind the scenes, they have been taking aim at someone else: the accounting standard-setters.",幕后；私下里,behind the scenes 与 in public 对比；表示银行私下真正的指责方向。,一般,阅读高频|固定搭配|态度对比,和 in public 成对看：公开自责 vs 幕后指责别人。,1,2026-06-07
20260607-003,2026-06-07,词组,take aim at,2026-05-27-2010-english-i-text-4.md,"Behind the scenes, they have been taking aim at someone else: the accounting standard-setters.",把矛头对准；针对；批评,take aim at 本义可指瞄准；本文是比喻用法，指把批评矛头指向某人。,一般,阅读高频|固定搭配|熟词僻义,阅读中看到 take aim at sb 要先想到“批评/针对某人”。,1,2026-06-07
20260607-004,2026-06-07,单词,accounting,2026-05-27-2010-english-i-text-4.md,the accounting standard-setters,会计的；会计,accounting 在本文中修饰 standard-setters，表示“会计准则制定者”，不是“记录”。,一般,阅读高频|经济主题|易混表达,accounting standard-setters 整体理解为“会计准则制定者”。,1,2026-06-07
20260607-005,2026-06-07,词组,standard-setters,2026-05-27-2010-english-i-text-4.md,the accounting standard-setters,标准制定者,standard-setters 指制定规则或标准的人或机构；本文特指会计准则制定者。,一般,阅读高频|经济主题|固定搭配,看清 setter 是“制定者/设置者”，不要因听辨或拼写卡住。,1,2026-06-07
20260607-006,2026-06-07,词组,their rules,2026-05-27-2010-english-i-text-4.md,"Their rules, moan the banks, have forced them to report enormous losses, and it's just not fair.",他们的规则；此处指会计准则制定者的规则,their 回指前一句 the accounting standard-setters；不是银行家的规则。,一般,阅读高频|指代关系|易错修饰关系,先回到前一句找 their 的指代对象：这里是会计准则制定者。,1,2026-06-07
20260607-007,2026-06-07,单词,moan,2026-05-27-2010-english-i-text-4.md,"Their rules, moan the banks, have forced them to report enormous losses, and it's just not fair.",抱怨,moan the banks 是插入语，等于 the banks moan；表示银行抱怨说。,一般,阅读高频|插入语|态度表达,看到逗号夹住的 moan the banks，先当插入语处理。,1,2026-06-07
20260607-008,2026-06-07,词组,force sb to do sth,2026-05-27-2010-english-i-text-4.md,"Their rules, moan the banks, have forced them to report enormous losses, and it's just not fair.",迫使某人做某事,have forced them to report enormous losses；them 指银行方，表示规则迫使银行报告亏损。,适合,写作友好|议论文常用|固定搭配,force sb to do sth 是高频因果压力结构，不要把 forced 看成“集中”。,1,2026-06-07
20260607-009,2026-06-07,词组,report losses,2026-05-27-2010-english-i-text-4.md,"Their rules, moan the banks, have forced them to report enormous losses, and it's just not fair.",报告亏损；确认损失,report losses 是财务语境表达，指把亏损报告出来或确认到报表中。,一般,阅读高频|经济主题|固定搭配,losses 是“亏损/损失”，不要和 environment 误连成“环境损失”。,1,2026-06-07
20260607-010,2026-06-07,单词,enormous,2026-05-27-2010-english-i-text-4.md,enormous losses,巨大的；庞大的,enormous 修饰 losses，表示亏损规模巨大；不是 environment。,一般,阅读高频|易混表达,enormous losses = 巨额亏损。,1,2026-06-07
20260607-011,2026-06-07,词组,not fair,2026-05-27-2010-english-i-text-4.md,"it's just not fair",不公平,fair 在这里是“公平的”，not fair 是银行抱怨规则不公平。,一般,阅读高频|态度表达|熟词僻义,fair 不只表示“集市/浅色”，这里是“公平”。,1,2026-06-07
20260607-012,2026-06-07,单词,value,2026-05-27-2010-english-i-text-4.md,they must value some assets,评估；给……估值,value 在这里是动词，指给资产估值；不是“有价值”。,一般,阅读高频|经济主题|熟词僻义,value 作动词接资产时，优先理解为“评估/估值”。,1,2026-06-07
20260607-013,2026-06-07,单词,assets,2026-05-27-2010-english-i-text-4.md,they must value some assets,资产；财产,assets 是银行持有的资产，不是评估机构或评级机构。,一般,阅读高频|经济主题|易混表达,assets 常和 value/report/losses 等财务语境搭配。,1,2026-06-07
20260607-014,2026-06-07,词组,value some assets,2026-05-27-2010-english-i-text-4.md,they must value some assets,评估一些资产；给一些资产估值,value some assets 是“给部分资产估值”，value 是动词。,一般,阅读高频|经济主题|固定搭配,看到 value + assets，不要译成“资产有价值”。,1,2026-06-07
20260607-015,2026-06-07,词组,third party,2026-05-27-2010-english-i-text-4.md,the price a third party would pay,第三方,third party 指交易中除双方以外的第三方，不是 thirty 或 30%。,一般,阅读高频|经济主题|易混表达,third party = 第三方；和 30 没关系。,1,2026-06-07
20260607-016,2026-06-07,句型,the price a third party would pay,2026-05-27-2010-english-i-text-4.md,the price a third party would pay,第三方愿意支付的价格,the price 后接定语从句 a third party would pay，修饰这个价格。,一般,阅读高频|长难句结构|经济主题|已迁句式卡,看到 the price + 句子，要判断后面是否是省略关系词的定语从句。→ 已建句式卡 SP-004,1,2026-06-07
20260607-017,2026-06-07,单词,them,2026-05-27-2010-english-i-text-4.md; 2026-07-03-2011-english-i-text-3.md,not the price managers and regulators would like them to fetch; the businesses that originally created them,他们；它们；需回指具体先行词,them 在 2010 Text 4 中指银行方；在 Text 3 S15 中指 media 表示最初创建这些媒介的企业。,一般,阅读高频|指代关系|错句来源|Text3-S15,代词 them 必须回前文找先行词；S15 中 them 回指 media 不是 businesses。,2,2026-07-03
20260607-018,2026-06-07,单词,fetch,2026-05-27-2010-english-i-text-4.md,not the price managers and regulators would like them to fetch,售得；卖得某价,fetch 在价格语境中表示某物卖得某个价格，不是普通“拿来”。,一般,阅读高频|经济主题|熟词僻义,fetch a price = 卖得某价。,1,2026-06-07
20260607-019,2026-06-07,句型,at the price A would pay not the price B would like,2026-05-27-2010-english-i-text-4.md,"at the price a third party would pay, not the price managers and regulators would like them to fetch",按照 A 愿付价格，而不是按照 B 希望卖出的价格,这是价格对比结构，说明会计准则要求按市场第三方愿付价格估值，而非按管理者和监管者期待价格估值。,一般,阅读高频|长难句结构|经济主题|对比结构|已迁句式卡,抓住 at the price... not the price...，就能读出两种估值标准的对比。→ 已建句式卡 SP-002,1,2026-06-07
20260607-020,2026-06-07,单词,lobbying,2026-05-27-2010-english-i-text-4.md,"Unfortunately, banks' lobbying now seems to be working.",游说；游说活动,lobbying 表示“持续的游说行为”；在金融和政策语境里常是指对监管者施加影响。,一般,阅读高频|经济主题|金融政策,金融文体中 lobbying 常译为“游说 / 游说活动”，常用来描述团体对规则制定的施压。,1,2026-06-07
20260607-021,2026-06-07,单词,unknowable,2026-05-27-2010-english-i-text-4.md,The details may be unknowable,难以获知的；不可知的,unknowable 常表示“细节难以确定/难以知晓”，强调信息不足导致无法可靠还原。,一般,阅读高频|学术风格,在政策或媒体语境里常用于“事实细节可能无法还原或确认”.,1,2026-06-07
20260607-022,2026-06-07,单词,independence,2026-05-27-2010-english-i-text-4.md,the independence of standard-setters is being compromised,独立性; 自主性,independence 指机构或规则制定者不受不当影响的状态。,一般,阅读高频|学术政治经济,在金融监管语境里常对应“监管/准则制定者独立性”.,1,2026-06-07
20260607-023,2026-06-07,词组,proper functioning,2026-05-27-2010-english-i-text-4.md,the proper functioning of capital markets,正常运作；正常运行,proper functioning 常用于制度系统层面，表示“系统持续有效运作，机制不受阻碍”。,一般,阅读高频|议论文常用|经济主题,强调“功能性 + 正常状态”，可与 proper operation 同义互换。,1,2026-06-07
20260607-024,2026-06-07,单词,compromised,2026-05-27-2010-english-i-text-4.md,the independence ... is being compromised,受损的；受损害的（被削弱）,compromised 为被动分词，含“完整性/独立性被削弱、被损害”的含义。,一般,阅读高频|政治经济|风险语境,经常用于形容机构独立性、标准、审查程序、信誉等“受损/受侵蚀”。,1,2026-06-07
20260607-025,2026-06-07,词组,capital markets,2026-05-27-2010-english-i-text-4.md,the proper functioning of capital markets,资本市场,capital markets 指资本市场体系（股票、债券、信贷等相关市场总称）。,一般,阅读高频|经济主题,常见于宏观、金融监管、市场机制相关语境。,1,2026-06-07
20260607-026,2026-06-07,词组,essential,2026-05-27-2010-english-i-text-4.md,"the independence of standard-setters, essential to the proper functioning of capital markets, is being compromised.",至关重要的；关键的,essential 作后位定语（介词短语中的核心定语成分）表示“非常重要，关系到核心运作”；此处修饰 independence。,一般,阅读高频|议论文常用|经济主题,essential to... 在语法上常用于突出“对...至关重要/关键”的关系，不能漏译为“至关重要”。,1,2026-06-07
20260607-027,2026-06-07,单词,diminishing,2026-05-27-2010-english-i-text-4.md,the diminishing role of management.,逐渐减少；减弱,diminishing role 常写成 diminish 的进行形容词化，表示作用逐步减小。,一般,阅读高频|经济主题|词形识别,题干里的 diminishing 用于判断“作用范围被削弱”而非“消失”，常见于学术议论文。,1,2026-06-07
20260607-028,2026-06-07,单词,follow,2026-05-27-2010-english-i-text-4.md,"Bankers complained that they were forced to follow unfavorable asset evaluation rules.",遵循；跟随,follow + rules/要求 = 按规则去做；不是“走在后面”。,一般,阅读高频|固定搭配|政策语境,在题干里常考 be forced to do sth 后接 follow，表示被迫遵从。,1,2026-06-07
20260607-029,2026-06-07,单词,evaluation,2026-05-27-2010-english-i-text-4.md,follow unfavorable asset evaluation rules.,评估; 评价,evaluation 在经济类句中常指“资产评估/价值评估标准”，本题对应不利资产评估规则。,一般,阅读高频|经济主题|考试高频词,词根 eval- 常见于 policy/economic 场景，注意和 value 的关系。,1,2026-06-07
20260607-030,2026-06-07,单词,reevaluate,2026-05-27-2010-english-i-text-4.md,reevaluate some of their assets.,重新评估; 再次评估,不及物/及物动词都可见，题目中的 D 选项直接考“重新评估部分资产”。,一般,阅读高频|学术考试|金融语境,"re- 前缀表示“再次/重新”，比 assess 更强调修正或重算。",1,2026-06-07
20260607-031,2026-06-07,单词,revival,2026-05-27-2010-english-i-text-4.md,the revival of the banking system.,复兴；复苏,revival 的对象常是系统、市场、行业，在选项中是“银行体系复苏”。,一般,阅读高频|学术主题|政策语境,题干中常与 system / condition 连用，表示恢复、再生长。,1,2026-06-07
20260607-032,2026-06-07,词组,long-term,2026-05-27-2010-english-i-text-4.md,losses on long-term assets in their income statements.,长期; 长期的,修饰 assets/losses 时常作复合形容词，不是“很长一段时间”的口语用法。,一般,阅读高频|经济主题|常见搭配,金融文本中 long-term 的常见搭子是 assets/strategy/investment/losses。,1,2026-06-07
20260607-033,2026-06-07,词组,result in,2026-05-27-2010-english-i-text-4.md,may result in the weakening of its independence.,导致；引起,A cause -> B effect 结构，result in = 导致/造成。可与 leads to / bring about 对换。,一般,阅读高频|逻辑关系|议论文,result in 比较正式，常用于学术段落表因果。,1,2026-06-07
20260607-034,2026-06-07,单词,unless,2026-05-27-2010-english-i-text-4.md,"And, unless banks carry toxic assets at prices that attract buyers, reviving the banking system will be difficult.",除非；如果不, unless 引导条件状语从句，表示否定条件（未满足时主句成立）。,一般,阅读高频|逻辑关系|议论文,条件关系题里常见，不要误译为“并且/除去”。,1,2026-06-07
20260607-035,2026-06-07,单词,toxic,2026-05-27-2010-english-i-text-4.md,toxic assets,有毒的；有害的,toxic 在金融语境指有毒/不良资产，不是“税收资产”。,一般,阅读高频|经济主题|熟词僻义,toxic 往往和资产质量（bad assets / credit risk）等成对出现。,1,2026-06-07
20260607-036,2026-06-07,单词,difficult,2026-05-27-2010-english-i-text-4.md,will be difficult,困难的；难办的,difficult 表示“难以实现/难以做到”，是 do so 的状态难度判断。,一般,阅读高频|逻辑关系|议论文,difficult 需结合主语补语判断“困难在什么对象上”。,1,2026-06-07
20260607-037,2026-06-07,词组,bruising encounter,2026-05-27-2010-english-i-text-4.md,"After a bruising encounter with Congress",激烈交锋；硬碰硬的一场交锋,bruising encounter 在这里不是“受伤”，而是形容争执激烈、摩擦很重的“交锋/硬碰硬事件”.,一般,阅读高频|经济政治|议论文常用,记住 bruising encounter = 与国会间激烈交锋,1,2026-06-07
20260607-038,2026-06-07,词组,rushed through,2026-05-27-2010-english-i-text-4.md,"After a bruising encounter with Congress, America's Financial Accounting Standards Board (FASB) rushed through rule changes.",仓促地通过；强行推动通过,rushed through 为主动短语，表示机构将规则“快/硬着头皮推过程序、通过”.,一般,阅读高频|金融政策|议论文常用,不要拆成被动“被规则冲撞”; 这句主语是FASB（主动通过规则更改）.,1,2026-06-07
20260607-039,2026-06-07,单词,illiquid,2026-05-27-2010-english-i-text-4.md,These gave banks more freedom to use models to value illiquid assets,非流动的；不易变现的,illiquid 在财务语境指资产难以快速变现、流通性的，不等于“缺乏流动性”这种口语扩展。,一般,阅读高频|金融主题|会计语境,银行资产的“非流动”对应资产本身不容易短期变现。,1,2026-06-07
20260607-040,2026-06-07,单词,recognize,2026-05-27-2010-english-i-text-4.md,more flexibility in recognizing losses on long-term assets in their income statements,确认；确认为,recognize（尤其在会计句中）常指会计入账/确认损失，不是“认识到”“分析”或泛泛的“承认”。,一般,阅读高频|会计术语|金融主题,财务语境里要优先按“确认（入账）”解读，不要泛译为“承认”。,2,2026-06-13
20260607-041,2026-06-07,单词,recognizing,2026-05-27-2010-english-i-text-4.md,more flexibility in recognizing losses on long-term assets,确认；将...确立,recognizing 是 recognize 的现在分词，搭配在 ...in recognizing losses 时是“在确认损失”语境。,一般,阅读高频|会计术语|金融主题,记忆时把 recognizing 与 recognize 绑在一起，避免误译为“认识/认识到”.,1,2026-06-07
20260607-042,2026-06-07,词组,income statement,2026-05-27-2010-english-i-text-4.md,losses on long-term assets in their income statements,损益表；收益表（现金流量表常另称 cash flow statement）,income statement 是会计报表之一，常见于题干与财务核算语境。,一般,阅读高频|会计术语|金融主题,与 balance sheet、cash flow statement 配套区分报表类型。,1,2026-06-07
20260607-043,2026-06-07,单词,statement,2026-05-27-2010-english-i-text-4.md,income statements,报表；声明,会计语境里的 statement 常指财务报表（如 income statement）而不是“发言/口头陈述”这一常见口语默认。,一般,阅读高频|会计术语|写作词汇,财务文本中出现 income/balance/cash flow statements 时优先理解为“报表”.,1,2026-06-07
20260607-044,2026-06-07,单词,role,2026-05-27-2010-english-i-text-4.md,the diminishing role of management.,作用；角色；职责,role 在此强调“角色/作用”，不是“权利”。,一般,阅读高频|经济政策|议论文,题干中的 role 常对应 management 的“作用/地位”概念。,1,2026-06-07
20260607-045,2026-06-07,单词,weakening,2026-05-27-2010-english-i-text-4.md,the weakening of its independence,削弱；减弱,weakening 是 weaken 的现在分词，表示“正在减弱”，不是“唤醒”。,一般,阅读高频|政策语境|金融主题,与 result in 搭配常构成结果关系：导致……的削弱/减弱。,1,2026-06-07
20260607-046,2026-06-07,词组,object to,2026-05-27-2010-english-i-text-4.md,McCreevy objects to the IASB's attempt to,反对；不赞成,object to 后接名词或动名词，题干中表示 McCreevy 反对 IASB 试图做某事。,一般,阅读高频|题干动词|固定搭配,object to = 反对；to 是介词，后面接名词/doing。,1,2026-06-07
20260607-047,2026-06-07,词组,keep away from,2026-05-27-2010-english-i-text-4.md,keep away from political influences,远离；避免接触,keep away from political influences 表示远离政治影响，不是“保持政策有利性”。,一般,阅读高频|固定搭配|政治语境,keep away from 后面常接负面或不想接触的对象。,1,2026-06-07
20260607-048,2026-06-07,词组,political influences,2026-05-27-2010-english-i-text-4.md,keep away from political influences,政治影响,political influences 指来自政治环境或政治人物的影响，不是“政策有利性”。,一般,阅读高频|政治语境|抽象名词,political 修饰 influences，整体按“政治影响”理解。,1,2026-06-07
20260607-049,2026-06-07,单词,pressure,2026-05-27-2010-english-i-text-4.md,evade the pressure from their peers,压力,pressure 在题目中是抽象名词，表示外部施压或压力来源。,一般,阅读高频|政治经济|抽象名词,常见搭配：face pressure / under pressure / pressure from...,1,2026-06-07
20260607-050,2026-06-07,单词,peer,2026-05-27-2010-english-i-text-4.md,pressure from their peers,同辈；同类机构；同行,peer 不只指年龄相同的人，在机构语境中可指同类机构或同行。,一般,阅读高频|熟词拓展|政治经济,看到 their peers 要结合主体判断：人是同辈，机构是同类机构/同行。,1,2026-06-07
20260607-051,2026-06-07,词组,act on one's own,2026-05-27-2010-english-i-text-4.md,act on their own in rule-setting,独立行动；自主行事,act on one's own 表示不依赖别人、自主行动；题目中指在规则制定中自主行事。,一般,阅读高频|固定搭配|题干选项,on one's own = 独自地/自主地，注意和 own 的“拥有”义区分。,1,2026-06-07
20260607-052,2026-06-07,单词,rule-setting,2026-05-27-2010-english-i-text-4.md,act on their own in rule-setting,规则制定,rule-setting 是复合名词，表示制定规则/准则的过程。,一般,阅读高频|政治经济|会计语境,结合 IASB/FASB 时多指会计准则制定。,1,2026-06-07
20260607-053,2026-06-07,词组,take gradual measures,2026-05-27-2010-english-i-text-4.md,take gradual measures in reform,采取渐进措施；循序渐进地采取措施,gradual measures 指逐步推进的措施，不是一次性剧烈改变。,一般,阅读高频|改革语境|固定搭配,gradual 强调“逐步的、渐进的”，常和 reform/measures/change 搭配。,1,2026-06-07
20260607-054,2026-06-07,词组,in reform,2026-05-27-2010-english-i-text-4.md,take gradual measures in reform,在改革中；在改革方面,in reform 表示改革语境或改革领域中的动作范围，题目里修饰 take gradual measures。,一般,阅读高频|改革语境|介词短语,不要把 in reform 单独翻复杂，本质是“在改革中/改革方面”。,1,2026-06-07
20260607-055,2026-06-07,单词,chairman,2026-05-27-2010-english-i-text-4.md,"Bob Herz, the FASB's chairman, cried out against those who ""question our motives.""",主席；董事长,FASB's chairman 是 Bob Herz 的同位语；本篇 named him CEO and chairman 中 chairman 指董事长/主席职务。,一般,阅读高频|机构职务|同位语|错句来源,chairman = 主席 / 董事长；遇到 named him CEO and chairman 时按职务补语处理。,2,2026-06-22
20260607-056,2026-06-07,词组,cry out against,2026-05-27-2010-english-i-text-4.md,"Bob Herz, the FASB's chairman, cried out against those who ""question our motives.""",强烈反对；大声抗议,cry out against 表示公开强烈反对某人或某事，比普通 object to 语气更强。,一般,阅读高频|态度表达|固定搭配,against 后面接反对对象；本句对象是 those who question our motives。,1,2026-06-07
20260607-057,2026-06-07,单词,question,2026-05-27-2010-english-i-text-4.md,"those who ""question our motives""",质疑；对……提出疑问,question 在这里是动词，不是名词“问题”；question our motives = 质疑我们的动机。,一般,阅读高频|熟词僻义|态度表达,看到 question 后面直接接名词宾语时，优先判断是否为动词“质疑”。,1,2026-06-07
20260607-058,2026-06-07,单词,motive,2026-05-27-2010-english-i-text-4.md,"those who ""question our motives""",动机；目的,motive 指行为背后的动机或意图；motives 是复数，表示“我们的动机”。,一般,阅读高频|抽象名词|态度表达,question one's motives = 质疑某人的动机/意图。,1,2026-06-07
20260607-059,2026-06-07,词组,bank shares,2026-05-27-2010-english-i-text-4.md,"Yet bank shares rose and the changes enhance what one lobbying group politely calls ""the use of judgment by management.""",银行股；银行股票,bank shares 指银行股票或银行股价相关对象，不是“分享”。,一般,阅读高频|金融主题|熟词僻义,share 在金融语境中常指股票/股份，不能按动词“分享”处理。,1,2026-06-07
20260607-060,2026-06-07,单词,rose,2026-05-27-2010-english-i-text-4.md,bank shares rose,上涨；上升,rose 是 rise 的过去式，此处表示股价上涨，不是名词 rose“玫瑰”。,一般,阅读高频|金融主题|熟词僻义,看到 shares rose 要整体按“股票上涨/股价上涨”理解。,1,2026-06-07
20260607-061,2026-06-07,单词,enhance,2026-05-27-2010-english-i-text-4.md,"the changes enhance what one lobbying group politely calls ""the use of judgment by management.""",增强；提高；扩大,enhance 的主语是 the changes，表示这些规则变化增强/扩大了某种空间或能力。,一般,阅读高频|议论文常用|金融主题,enhance 常接抽象名词或 what 从句，表示“增强某种作用/能力/空间”。,1,2026-06-07
20260607-062,2026-06-07,单词,politely,2026-05-27-2010-english-i-text-4.md,"what one lobbying group politely calls ""the use of judgment by management.""",礼貌地；委婉地,politely 是副词，修饰 calls；这里带有委婉称呼的意味，不是 political“政治的”。,一般,阅读高频|态度表达|易混词,politely 和 political 形近但词义不同：一个是礼貌/委婉，一个是政治。,1,2026-06-07
20260607-063,2026-06-07,词组,lobbying group,2026-05-27-2010-english-i-text-4.md,what one lobbying group politely calls,游说团体；利益游说组织,lobbying group 指为特定利益进行游说的团体，常出现在政策和监管语境。,一般,阅读高频|政治经济|金融政策,和 lobbying 连在一起看，表示利益相关方对规则制定施压。,1,2026-06-07
20260607-064,2026-06-07,句型,what sb calls...,2026-05-27-2010-english-i-text-4.md; 2026-07-11-2012-english-i-text-1.md,"what one lobbying group politely calls ""the use of judgment by management.""; what she calls the social cure",某人称作……的东西,what sb calls... 是名词性结构；what 自带先行词并在 calls 中作宾语，后面的名称作宾语补足语。,一般,阅读高频|长难句结构|名词性从句|已迁句式卡|Text1-S04,不要把 what 当普通定语从句标志；call A B 表示“把 A 称为 B”。→ 已归并句式卡 SP-006,2,2026-08-13
20260607-065,2026-06-07,单词,judgment,2026-05-27-2010-english-i-text-4.md,"the use of judgment by management",判断；判断力；裁量,jurisdiction 不同，judgment 在此指管理层进行估值判断的裁量空间。,一般,阅读高频|抽象名词|金融主题,the use of judgment = 判断/裁量的使用，不是“审判的使用”。,1,2026-06-07
20260607-066,2026-06-07,单词,management,2026-05-27-2010-english-i-text-4.md,"the use of judgment by management",管理层；管理方,management 在此指银行管理层/管理方，不是抽象的“管理”动作。,一般,阅读高频|金融主题|机构角色,by management = 由管理层进行，不是“被管理审判”。,1,2026-06-07
20260607-067,2026-06-07,词组,the use of judgment by management,2026-05-27-2010-english-i-text-4.md,"the use of judgment by management",管理层判断/裁量权的运用,这是游说团体对规则松动的委婉说法，实际含义是管理层有更大自由裁量空间。,一般,阅读高频|金融政策|态度表达,注意作者语气：politely calls 暗示这种说法偏委婉，背后是管理层裁量空间扩大。,1,2026-06-07
20260607-068,2026-06-07,单词,ministers,2026-05-27-2010-english-i-text-4.md,"European ministers instantly demanded that the International Accounting Standards Board (IASB) do likewise.",部长们；大臣（政府官员）,ministers 在此指“欧洲部长”，不是政府中的小职员。,一般,阅读高频|政治主题|机构角色,语境中常见于“欧盟/各国官员”这类机构语境。,1,2026-06-07
20260607-069,2026-06-07,单词,instantly,2026-05-27-2010-english-i-text-4.md,"European ministers instantly demanded...",立刻；立即,instantly 表示行为发生的时机很快，语气上较强调紧迫。,一般,阅读高频|时序副词|政治/新闻语境,比 just now 更强调“立即就”。,1,2026-06-07
20260607-070,2026-06-07,动词,demand,2026-05-27-2010-english-i-text-4.md,"European ministers instantly demanded that the International Accounting Standards Board (IASB) do likewise.",要求；要求（某方）去做某事,该句中的 demand 是正式动词“要求”；不是“需要”或“想要”，强调施压/要求。 ,一般,阅读高频|政治经济|动词,常后接 that 从句表达要求行为。,1,2026-06-07
20260607-071,2026-06-07,词组,do likewise,2026-05-27-2010-english-i-text-4.md,"European ministers instantly demanded that the International Accounting Standards Board (IASB) do likewise.","照样去做；采取同样做法",do likewise 表示按照前例或先例去做同样行动。,一般,阅读高频|政策语境|题干选项,本句是欧洲部长要求 IASB 跟随前文 FASB 的做法。,1,2026-06-07
20260607-072,2026-06-07,词组,overall planning,2026-05-27-2010-english-i-text-4.md,"The IASB says it does not want to act without overall planning",总体规划；整体规划,overall planning 指先有全局性安排和方案，不是只看局部行动。,一般,阅读高频|政策语境|抽象名词,without overall planning = 在没有总体规划的情况下。,1,2026-06-07
20260607-073,2026-06-07,单词,act,2026-05-27-2010-english-i-text-4.md,"it does not want to act without overall planning",行动；采取行动,act 在这里是动词“采取行动”，不是名词“行为”或“法案”。,一般,阅读高频|熟词僻义|政策语境,act without... = 在没有...的情况下行动。,1,2026-06-07
20260607-074,2026-06-07,单词,fold,2026-05-27-2010-english-i-text-4.md,the pressure to fold,屈服；让步,fold 在政治和谈判语境中可表示“让步/屈服”，不是物理意义的“折叠”。,一般,阅读高频|熟词僻义|政治经济,pressure to fold = 迫使其让步的压力。,1,2026-06-07
20260607-075,2026-06-07,词组,pressure to fold,2026-05-27-2010-english-i-text-4.md,the pressure to fold when it completes its reconstruction of rules later this year,让步压力；迫使其屈服的压力,to fold 是 pressure 的后置定语，说明压力的方向是“让 IASB 屈服/让步”。,一般,阅读高频|长难句结构|政治经济,不要理解为“压力被折叠”；结构是 pressure + to do。,1,2026-06-07
20260607-076,2026-06-07,词组,reconstruction of rules,2026-05-27-2010-english-i-text-4.md,it completes its reconstruction of rules later this year,规则重建；规则体系重构,reconstruction of rules 指对规则体系进行重建/重构。,一般,阅读高频|政策语境|抽象名词,complete its reconstruction of rules = 完成其规则重建。,1,2026-06-07
20260607-077,2026-06-07,单词,commissioner,2026-05-27-2010-english-i-text-4.md,"Charlie McCreevy, a European commissioner, warned the IASB...",委员；专员,European commissioner 指欧盟委员会委员/欧盟专员，是职务同位语。,一般,阅读高频|机构职务|同位语,逗号夹住的 a European commissioner 说明 Charlie McCreevy 的身份。,1,2026-06-07
20260607-078,2026-06-07,单词,vacuum,2026-05-27-2010-english-i-text-4.md,not live in a political vacuum,真空；脱离外界影响的状态,vacuum 本义是真空，引申为不受外界影响的隔绝状态。,一般,阅读高频|熟词拓展|政治语境,political vacuum 不是物理真空，而是“政治真空/脱离政治环境”。,1,2026-06-07
20260607-079,2026-06-07,词组,political vacuum,2026-05-27-2010-english-i-text-4.md,not live in a political vacuum,政治真空；脱离政治影响的环境,political vacuum 指不受政治压力和政治现实影响的隔绝环境。,一般,阅读高频|政治语境|抽象表达,not live in a political vacuum = 不是生活在政治真空中。,1,2026-06-07
20260607-080,2026-06-07,词组,develop different rules,2026-05-27-2010-english-i-text-4.md,Europe could yet develop different rules,制定不同规则；形成不同规则,develop rules 在政策语境中可译为制定/形成规则，不是“发展规则”的机械直译。,一般,阅读高频|政策语境|熟词僻义,develop + rules/policy/system 常表示制定、形成或逐步建立。,1,2026-06-07
20260607-081,2026-06-07,词组,on the wrong planet,2026-05-27-2010-english-i-text-4.md,The author thinks the banks were "on the wrong planet",不切实际；脱离现实,on the wrong planet 是比喻表达，表示某人对现实判断严重脱节，不是字面“在错误星球上”。,一般,阅读高频|比喻表达|态度题,引号里的表达通常要结合后文解释定位，不要只按字面翻译。,1,2026-06-07
20260607-082,2026-06-07,词组,vastly overvalued assets,2026-05-27-2010-english-i-text-4.md,with accounts that vastly overvalued assets,严重高估资产；大幅高估资产,vastly 表示程度很大，overvalued assets 表示资产被高估；整组是第 39 题定位关键。,一般,阅读高频|金融主题|题目定位,看到 vastly + overvalue，要把程度“严重/大幅”翻出来。,1,2026-06-07
20260607-083,2026-06-07,词组,overstate losses,2026-05-27-2010-english-i-text-4.md,market prices overstate losses,夸大损失；高估损失,overstate 表示把某事说得或显示得过高；overstate losses 指市场价格夸大了亏损程度。,一般,阅读高频|金融主题|熟词拓展,over- 前缀表示“过度”，overstate losses = 夸大损失。,1,2026-06-07
20260607-084,2026-06-07,词组,temporary illiquidity,2026-05-27-2010-english-i-text-4.md,the temporary illiquidity of markets,暂时的流动性不足；临时性流动性不足,temporary 修饰 illiquidity，强调市场流动性不足只是暂时现象。,一般,阅读高频|金融主题|抽象名词,illiquidity 是 illiquid 的名词形式，表示流动性不足。,1,2026-06-07
20260607-085,2026-06-07,词组,likely extent of bad debts,2026-05-27-2010-english-i-text-4.md,not the likely extent of bad debts,坏账可能达到的程度；坏账的可能规模,likely extent 表示可能程度/可能规模，bad debts 指坏账。,一般,阅读高频|金融主题|逻辑限定,extent 要译出“程度/范围/规模”，likely 表示可能性限定。,1,2026-06-07
20260607-090,2026-06-07,词组,book losses,2026-05-27-2010-english-i-text-4.md,denied booking losses in their sale of assets,入账亏损；记录损失,book 作动词时可表示把损益记入账目；book losses = 记录/入账亏损。,一般,阅读高频|金融主题|熟词僻义,不是“预订损失”，而是会计入账动作。,1,2026-06-07
20260613-001,2026-06-13,句型,will not be known for years,2026-05-27-2010-english-i-text-4.md,The truth will not be known for years.,很多年内不会被知道；多年后才会被揭晓,will not be known 是将来被动；for years 表示持续很多年，合起来不是“为了多年”，而是“很多年内都不会被知道”。,一般,阅读高频|长难句结构|被动语态|时间状语,看到 will not be done for years，要译出“很多年内不会…… / 要过很多年才会……”。,1,2026-06-13
20260613-002,2026-06-13,单词,trade,2026-05-27-2010-english-i-text-4.md,"But banks' shares trade below their book value, suggesting that investors are skeptical",交易；以某价格交易,trade 在股票语境中可作不及物动词，表示股票在市场上以某价格水平交易，不是普通“贸易”。,一般,阅读高频|金融主题|熟词僻义,shares trade below... = 股票交易价格低于……。,1,2026-06-13
20260613-003,2026-06-13,词组,book value,2026-05-27-2010-english-i-text-4.md,"But banks' shares trade below their book value, suggesting that investors are skeptical",账面价值,book value 指账面价值，即会计账面上记录的资产或公司价值；不是“报告的损失”。,一般,阅读高频|金融主题|会计术语,book 在会计语境中常和账目有关，book value = 账面价值。,1,2026-06-13
20260613-004,2026-06-13,句型,suggesting that...,2026-05-27-2010-english-i-text-4.md,"But banks' shares trade below their book value, suggesting that investors are skeptical",这表明……；这说明……,suggesting that... 是现在分词结构，补充说明前面事实所暗示的结论；这里不是“建议”。,一般,阅读高频|长难句结构|逻辑关系,逗号 + suggesting that... 常译为“这表明/这说明……”。,1,2026-06-13
20260613-005,2026-06-13,词组,dead markets,2026-05-27-2010-english-i-text-4.md,"And dead markets partly reflect the paralysis of banks which will not sell assets for fear of booking losses, yet are reluctant to buy all those supposed bargains.",死气沉沉的市场；交易停滞的市场,dead 修饰 markets，表示市场缺乏交易活力或交易几乎停滞，不是普通“死亡市场”。,一般,阅读高频|金融主题|熟词僻义,dead markets = 交易停滞、没有活力的市场。,1,2026-06-13
20260613-006,2026-06-13,单词,paralysis,2026-05-27-2010-english-i-text-4.md,"And dead markets partly reflect the paralysis of banks which will not sell assets for fear of booking losses, yet are reluctant to buy all those supposed bargains.",瘫痪；麻痹；行动停滞,paralysis 在这里指银行因为害怕确认亏损而不卖、又不愿买的行动停滞状态，不是 analysis“分析”。,一般,阅读高频|金融主题|易混表达,paralysis 和 analysis 形近但不同；本文是“银行行动瘫痪”。,1,2026-06-13
20260613-007,2026-06-13,词组,for fear of,2026-05-27-2010-english-i-text-4.md,"banks which will not sell assets for fear of booking losses",由于害怕；唯恐,for fear of 后接名词或动名词，表示不做某事的原因是害怕发生某种后果。,一般,阅读高频|固定搭配|逻辑关系,for fear of doing = 因害怕做某事会带来后果。,1,2026-06-13
20260613-008,2026-06-13,单词,reluctant,2026-05-27-2010-english-i-text-4.md,"yet are reluctant to buy all those supposed bargains",不情愿的；勉强的,be reluctant to do 表示不愿意做某事；本文指银行也不愿意买那些所谓的便宜资产。,一般,阅读高频|态度表达|固定搭配,be reluctant to buy = 不愿意购买。,1,2026-06-13
20260613-009,2026-06-13,词组,supposed bargains,2026-05-27-2010-english-i-text-4.md,"yet are reluctant to buy all those supposed bargains",所谓的便宜货；号称划算的资产,supposed 表示“所谓的/被认为的”，bargains 指便宜货或划算交易；本文带有怀疑语气。,一般,阅读高频|金融主题|态度表达,supposed bargains 暗示这些资产未必真的便宜。,1,2026-06-13
20260613-010,2026-06-13,句型,get the system working again,2026-05-27-2010-english-i-text-4.md,"To get the system working again, losses must be recognized and dealt with.",使系统重新运转,get + O + working/adj 表示“使某物处于某种状态”；working 是宾语补足语，不是普通名词“工作”。,一般,阅读高频|长难句结构|目的状语,get the system working again = 让系统重新运转起来。,1,2026-06-13
20260613-011,2026-06-13,词组,deal with,2026-05-27-2010-english-i-text-4.md,"losses must be recognized and dealt with",处理；应对,deal with 是固定词组；被动形式 be dealt with 表示“被处理”，with 不能丢。,一般,阅读高频|固定搭配|金融主题,losses must be dealt with = 损失必须被处理。,1,2026-06-13
20260613-012,2026-06-13,句型,must be recognized and dealt with,2026-05-27-2010-english-i-text-4.md,"losses must be recognized and dealt with",必须被确认并处理,must 后接动词原形；这里是 must be done 的情态被动结构，recognized and dealt with 是并列被动谓语，不是宾语或表语。,一般,阅读高频|长难句结构|被动语态|会计术语,看到 must be V-ed and V-ed，要先按“必须被……”处理。,1,2026-06-13
20260613-013,2026-06-13,词组,buy up toxic assets,2026-05-27-2010-english-i-text-4.md,"America's new plan to buy up toxic assets will not work unless banks mark assets to levels which buyers find attractive.",大量买入 / 全部买入有毒资产,buy up 表示大量买入或全部买进；toxic assets 是有毒资产 / 不良资产。,一般,阅读高频|金融主题|固定搭配,buy up toxic assets = 大量买入不良资产。,1,2026-06-13
20260613-014,2026-06-13,词组,mark assets to levels,2026-05-27-2010-english-i-text-4.md,"unless banks mark assets to levels which buyers find attractive",把资产按某一水平计价 / 标价,mark 在金融会计语境中可表示按某价格或水平给资产计价；to levels 表示达到某种价格水平，不是“升级”。,一般,阅读高频|金融主题|会计术语,mark assets to levels = 把资产计价到某个水平。,1,2026-06-13
20260613-015,2026-06-13,句型,levels which buyers find attractive,2026-05-27-2010-english-i-text-4.md,"levels which buyers find attractive",买家觉得有吸引力的水平,which 引导定语从句修饰 levels；find attractive 是“find + 宾语 + 宾补”结构，which 在从句中作 find 的宾语。,一般,阅读高频|长难句结构|定语从句|宾语补足语,levels which buyers find attractive = 买家觉得有吸引力的价格水平。,1,2026-06-13
20260613-016,2026-06-13,单词,combative,2026-05-27-2010-english-i-text-4.md,"Successful markets require independent and even combative standard-setters.",好斗的；敢于对抗的；强硬的,combative 表示有对抗性、敢于争斗或强硬，不是 cooperative“合作的”。,一般,阅读高频|态度表达|易混表达,combative standard-setters = 敢于对抗压力的强硬准则制定者。,1,2026-06-13
20260613-017,2026-06-13,词组,independent and even combative standard-setters,2026-05-27-2010-english-i-text-4.md,"Successful markets require independent and even combative standard-setters.",独立甚至强硬的准则制定者,independent and even combative 并列修饰 standard-setters；even 表示递进，强调不只是独立，还要敢于对抗压力。,适合,写作友好|议论文常用|金融主题|态度表达,even combative 表示递进加强：不仅独立，还要强硬。,1,2026-06-13
20260613-018,2026-06-13,句型,have been exactly that,2026-05-27-2010-english-i-text-4.md,"The FASB and IASB have been exactly that, cleaning up rules on stock options and pensions, for example, against hostility from special interests.",正是如此；一直就是这样,that 回指前一句 independent and even combative standard-setters；exactly that 表示“正是前面说的那样”。,一般,阅读高频|指代关系|长难句结构,看到 exactly that 要回前一句找 that 的具体内容。,1,2026-06-13
20260613-019,2026-06-13,词组,clean up rules on,2026-05-27-2010-english-i-text-4.md,"cleaning up rules on stock options and pensions",清理 / 整顿 / 规范关于……的规则,clean up 在规则制度语境中表示清理、整顿、规范，不是把规则“清空”。,一般,阅读高频|政策语境|熟词僻义,clean up rules = 整顿规则，不是清空规则。,1,2026-06-13
20260613-020,2026-06-13,词组,stock options,2026-05-27-2010-english-i-text-4.md,"cleaning up rules on stock options and pensions",股票期权,stock options 是金融术语，指股票期权；stock 不是“袜子”，options 也不是普通“选择”。,一般,阅读高频|金融主题|会计术语,stock options = 股票期权。,1,2026-06-13
20260613-021,2026-06-13,单词,pensions,2026-05-27-2010-english-i-text-4.md,"cleaning up rules on stock options and pensions",养老金；退休金,pensions 指养老金或退休金，不是 patience“耐心”。,一般,阅读高频|金融主题|易混表达,pensions 和 patience 形近音近但意义不同。,1,2026-06-13
20260613-022,2026-06-13,单词,hostility,2026-05-27-2010-english-i-text-4.md,"against hostility from special interests",敌意；反对；敌对态度,hostility 表示敌意或强烈反对，不是 history“历史”。,一般,阅读高频|态度表达|易混表达,hostility from... = 来自……的敌意 / 反对。,1,2026-06-13
20260613-023,2026-06-13,词组,special interests,2026-05-27-2010-english-i-text-4.md,"against hostility from special interests",特殊利益集团；特殊利益群体,special interests 指有特定利益诉求并施加影响的利益集团，不是普通“特殊兴趣”。,一般,阅读高频|政治经济|政策语境,special interests = 特殊利益集团。,1,2026-06-13
20260613-024,2026-06-13,词组,against hostility from,2026-05-27-2010-english-i-text-4.md,"against hostility from special interests",顶着来自……的敌意 / 反对,against 在这里表示面对、顶着、冒着某种反对或阻力，不是 again“再一次”，也不是单纯“以……为竞争对手”。,一般,阅读高频|态度表达|介词短语,against hostility from... = 顶着来自……的敌意 / 反对。,1,2026-06-13
20260613-025,2026-06-13,词组,give in to critics,2026-05-27-2010-english-i-text-4.md,"But by giving in to critics now they are inviting pressure to make more concessions.",向批评者让步 / 屈服于批评者,give in to 表示让步或屈服；critics 是批评者，不是 crisis“危机”。,一般,阅读高频|固定搭配|态度表达,give in to critics = 向批评者让步。,1,2026-06-13
20260613-026,2026-06-13,单词,critics,2026-05-27-2010-english-i-text-4.md,"by giving in to critics now",批评者；批评人士,critics 指提出批评的人或群体，不是 crisis“危机”。,一般,阅读高频|易混表达|态度表达,critics 和 crisis 形近音近但不同；本句是“批评者”。,1,2026-06-13
20260613-027,2026-06-13,词组,invite pressure,2026-05-27-2010-english-i-text-4.md,"they are inviting pressure to make more concessions",招致压力；引来压力,invite 在这里不是普通“邀请”，而是“招致 / 引来”某种麻烦或压力。,一般,阅读高频|熟词僻义|逻辑关系,invite pressure = 招致压力。,1,2026-06-13
20260613-028,2026-06-13,词组,make concessions,2026-05-27-2010-english-i-text-4.md,"pressure to make more concessions",作出让步,concession 表示让步；make concessions 是固定搭配，表示作出让步或妥协。,一般,阅读高频|固定搭配|政治经济,make more concessions = 作出更多让步。,1,2026-06-13
20260613-029,2026-06-13,词组,pressure to make more concessions,2026-05-27-2010-english-i-text-4.md,"they are inviting pressure to make more concessions",要求作出更多让步的压力 / 迫使其继续让步的压力,to make more concessions 是 pressure 的后置定语，说明压力的方向或内容，不是“为了让压力作出让步”。,一般,阅读高频|长难句结构|逻辑关系,pressure to do = 要求 / 迫使某方做某事的压力。,1,2026-06-13
20260621-001,2026-06-21,单词,hire,2026-06-21-alan-gilbert-philharmonic.md,"The decision of the New York Philharmonic to hire Alan Gilbert as its next music director has been the talk of the classical-music world ever since the sudden announcement of his appointment in 2009.",聘请,hire sb as... 表示聘请某人担任某职位；本句是聘请 Gilbert 担任下一任音乐总监。,一般,阅读高频|错句来源|固定搭配,hire sb as... = 聘请某人担任……。,1,2026-06-21
20260621-002,2026-06-21,单词,appointment,2026-06-21-alan-gilbert-philharmonic.md,"the sudden announcement of his appointment in 2009",任命,appointment 在本文中是“任命”，不是 opinion“观点”；his appointment 指 Alan Gilbert 的任命。,一般,阅读高频|错句来源|易混表达,appointment = 任命；注意不要误看成 opinion。,1,2026-06-21
20260621-003,2026-06-21,词组,the talk of,2026-06-21-alan-gilbert-philharmonic.md,"has been the talk of the classical-music world",……热议的话题 / 谈论焦点,the talk of... 表示某事成为某圈子的热门话题，不是普通“谈话”。,一般,阅读高频|错句来源|固定搭配,the talk of... = ……热议的话题。,1,2026-06-21
20260621-004,2026-06-21,词组,music director,2026-06-21-alan-gilbert-philharmonic.md,"as its next music director",音乐总监,music director 是固定职位名，不宜直译成“音乐领导人”。,一般,仅阅读识别|错句来源,music director = 音乐总监。,1,2026-06-21
20260621-005,2026-06-21,词组,for the most part,2026-06-21-alan-gilbert-philharmonic.md,"For the most part, the response has been favorable, to say the least.",大体上；总体上；在很大程度上,for the most part 修饰整句，表示总体程度，不是“对大部分人来说”。,一般,阅读高频|错句来源|易混表达,for the most part = 大体上 / 总体上。,1,2026-06-21
20260621-006,2026-06-21,单词,response,2026-06-21-alan-gilbert-philharmonic.md,"the response has been favorable",反应；反响,response 在本文中指外界对任命的反应，不是“回答”。,一般,阅读高频|错句来源|易混表达,response = 反应 / 反响；不要机械译成“回答”。,1,2026-06-21
20260621-007,2026-06-21,单词,favorable,2026-06-21-alan-gilbert-philharmonic.md,"the response has been favorable, to say the least",赞同的；正面的；支持的,favorable 描述态度方向，表示正面支持，不只是“受欢迎的”。,一般,阅读高频|题目定位|错句来源,favorable response = 正面的 / 支持的反应。,1,2026-06-21
20260621-008,2026-06-21,词组,to say the least,2026-06-21-alan-gilbert-philharmonic.md,"the response has been favorable, to say the least",至少可以说；说得保守一点,to say the least 是语气补充，暗示实际程度可能比字面表达更强。,一般,阅读高频|题目定位|错句来源,to say the least = 至少可以说 / 说得保守一点。,1,2026-06-21
20260621-009,2026-06-21,词组,at least,2026-06-21-alan-gilbert-philharmonic.md,"to say the least",至少,at least 在 to say the least 中体现“至少可以说”的保守语气。,一般,阅读高频|错句来源,at least = 至少；在插入语中注意语气。,1,2026-06-21
20260621-010,2026-06-21,单词,sober-sided,2026-06-21-alan-gilbert-philharmonic.md,"Anthony Tommasini, a sober-sided classical-music critic",冷静的；持重的；沉稳的,sober-sided 描述评论家风格冷静持重，不是普通 sober“清醒的”简单直译。,一般,仅阅读识别|错句来源|易混表达,sober-sided = 冷静持重的。,1,2026-06-21
20260621-011,2026-06-21,单词,acclaim,2026-06-21-alan-gilbert-philharmonic.md,"[C] received acclaim",好评；称赞,acclaim 是称赞和好评，不是责备；对应文中 favorable 和 Hooray。,一般,阅读高频|题目定位|错句来源|易混表达,receive acclaim = 获得好评 / 受到称赞。,1,2026-06-21
20260621-012,2026-06-21,单词,incur,2026-06-21-alan-gilbert-philharmonic.md,"[A] incurred criticism",招致；引起,incur 常接负面结果，如 criticism / debt / losses；不是“占据”。,一般,阅读高频|题目定位|错句来源|易混表达,incur criticism = 招致批评。,1,2026-06-21
20260621-013,2026-06-21,单词,criticism,2026-06-21-alan-gilbert-philharmonic.md; 2026-07-10-2011-english-i-text-4.md,"[A] incurred criticism; are constantly exposed to criticism",批评；指责,criticism 是名词“批评”；critic 才是“批评者”。be exposed to criticism 表示受到批评。,一般,阅读高频|题目定位|错句来源|易混表达|Text4-Q38,不要把 criticism 当作人；先看介词 to 后接的是批评这一事物。,2,2026-08-06
20260621-014,2026-06-21,词组,raise suspicion,2026-06-21-alan-gilbert-philharmonic.md,"[B] raised suspicion",引起怀疑,raise suspicion 表示引起怀疑，不宜直译成“提高怀疑”。,一般,阅读高频|题目定位|错句来源|固定搭配,raise suspicion = 引起怀疑。,1,2026-06-21
20260621-015,2026-06-21,词组,arouse curiosity,2026-06-21-alan-gilbert-philharmonic.md,"[D] aroused curiosity",引起好奇,arouse curiosity 表示引起好奇，不是“充满好奇”。,一般,阅读高频|题目定位|错句来源|固定搭配,arouse curiosity = 引起好奇。,1,2026-06-21
20260621-016,2026-06-21,单词,comparatively,2026-06-21-alan-gilbert-philharmonic.md,"Gilbert is comparatively little known",相对地；比较而言,comparatively 修饰 little known，表示“相对不太知名”，不要漏译程度副词。,一般,阅读高频|错句来源,comparatively = 相对地 / 比较而言。,1,2026-06-21
20260621-017,2026-06-21,单词,advocate,2026-06-21-alan-gilbert-philharmonic.md,"who had advocated Gilbert’s appointment in the Times",支持；主张,advocate 在这里表示公开支持 Gilbert 的任命，不是空泛的“提倡”。,一般,阅读高频|错句来源,advocate sth = 支持 / 主张某事。,1,2026-06-21
20260621-018,2026-06-21,单词,musician,2026-06-21-alan-gilbert-philharmonic.md,"an unpretentious musician",音乐家,musician 指“音乐家”，是人；不要被 music 带成“音乐”。,一般,阅读高频|错句来源,musician = 音乐家。,1,2026-06-21
20260621-019,2026-06-21,单词,unpretentious,2026-06-21-alan-gilbert-philharmonic.md,"an unpretentious musician",谦逊的；不炫耀的,unpretentious 描述人不摆架子、不炫耀；本句指 Gilbert 的音乐家气质很低调。,一般,阅读高频|错句来源|态度表达,unpretentious = 谦逊的 / 不炫耀的。,1,2026-06-21
20260621-020,2026-06-21,词组,no air of,2026-06-21-alan-gilbert-philharmonic.md,"with no air of the formidable conductor about him",没有……的架子 / 气派 / 派头,air 描述人时可表示神态、气质、派头，不是“空气”。,一般,阅读高频|错句来源|熟词僻义,no air of... = 没有……的架子 / 派头。,1,2026-06-21
20260621-021,2026-06-21,单词,formidable,2026-06-21-alan-gilbert-philharmonic.md,"the formidable conductor",令人敬畏的；强大的,formidable 在这里形容大师级指挥家的气场强大、令人敬畏。,一般,阅读高频|错句来源|态度表达,formidable = 令人敬畏的 / 强大的。,1,2026-06-21
20260621-022,2026-06-21,单词,conductor,2026-06-21-alan-gilbert-philharmonic.md,"the formidable conductor",指挥家,conductor 在音乐语境中是“指挥家”，不是普通“导体/售票员”。,一般,阅读高频|错句来源|熟词僻义,conductor = 指挥家（音乐语境）。,1,2026-06-21
20260621-023,2026-06-21,词组,regard A as B,2026-06-21-alan-gilbert-philharmonic.md,"Tommasini regards Gilbert as an artist who is",认为 A 是 B；把 A 看作 B,regard...as... 是“认为/视为”，不是 record“记录”。,一般,阅读高频|题目定位|错句来源|易混表达,regard A as B = 认为 A 是 B。,1,2026-06-21
20260621-024,2026-06-21,单词,artist,2026-06-21-alan-gilbert-philharmonic.md,"Tommasini regards Gilbert as an artist who is",艺术家,artist 在本文是“艺术家”，不是 author“作家”。,一般,阅读高频|题目定位|错句来源|易混表达,artist = 艺术家；author = 作者/作家。,1,2026-06-21
20260621-025,2026-06-21,单词,modest,2026-06-21-alan-gilbert-philharmonic.md,"[B] modest",谦逊的；不自大的,modest 对应原文 unpretentious 和 no air of...，表示人低调谦逊。,一般,阅读高频|题目定位|错句来源|态度表达,modest = 谦逊的；可对应 unpretentious。,1,2026-06-21
20260621-026,2026-06-21,单词,talented,2026-06-21-alan-gilbert-philharmonic.md,"[D] talented",有才华的,talented 是“有才华的”，不是 tolerant“容忍的”。,一般,阅读高频|题目定位|错句来源|易混表达,talented = 有才华的；tolerant = 容忍的。,1,2026-06-21
20260621-027,2026-06-21,单词,tolerant,2026-06-21-alan-gilbert-philharmonic.md,"[D] talented",容忍的；宽容的,tolerant 才是“容忍的/宽容的”，不要和 talented“有才华的”混淆。,一般,易混表达|错句来源,tolerant = 容忍的；talented = 有才华的。,1,2026-06-21
20260621-028,2026-06-21,单词,description,2026-06-21-alan-gilbert-philharmonic.md,"As a description of the next music director",描述；评价性说法,description 在本句是“对下一任音乐总监的描述/评价说法”，不是单纯说明文字。,一般,阅读高频|错句来源,description = 描述 / 评价性说法。,1,2026-06-21
20260621-029,2026-06-21,单词,orchestra,2026-06-21-alan-gilbert-philharmonic.md,"an orchestra that has hitherto been led by musicians like Gustav Mahler and Pierre Boulez",管弦乐团；交响乐团,orchestra 指管弦乐团/交响乐团，是本文音乐主题核心词。,一般,阅读高频|错句来源|文化主题,orchestra = 管弦乐团 / 交响乐团。,1,2026-06-21
20260621-030,2026-06-21,单词,hitherto,2026-06-21-alan-gilbert-philharmonic.md,"that has hitherto been led by musicians like Gustav Mahler and Pierre Boulez",迄今；到目前为止,hitherto 是时间副词，表示到目前为止，不是“英雄”。,一般,阅读高频|错句来源|易混表达,hitherto = 迄今 / 到目前为止。,1,2026-06-21
20260621-031,2026-06-21,句型,seem likely to have done,2026-06-21-alan-gilbert-philharmonic.md,"that seems likely to have struck at least some Times readers as faint praise",似乎很可能已经……,seem likely to have done 表示对已发生影响的推测；to have done 带完成意味。,一般,阅读高频|长难句结构|错句来源,seem likely to have done = 似乎很可能已经……。,1,2026-06-21
20260621-032,2026-06-21,词组,strike sb as sth,2026-06-21-alan-gilbert-philharmonic.md,"struck at least some Times readers as faint praise",给某人以……印象；让某人觉得是……,strike sb as sth 表示“让某人觉得/给某人以某种印象”，不是 strike 的打击义。,一般,阅读高频|固定搭配|错句来源|熟词僻义,strike sb as sth = 让某人觉得是……。,1,2026-06-21
20260621-033,2026-06-21,词组,faint praise,2026-06-21-alan-gilbert-philharmonic.md,"struck at least some Times readers as faint praise",勉强的赞美；轻描淡写的赞扬,faint praise 指称赞力度很弱，听起来不像真正夸奖。,一般,阅读高频|态度表达|错句来源,faint praise = 勉强的赞美。,1,2026-06-21
20260621-034,2026-06-21,单词,faint,2026-06-21-alan-gilbert-philharmonic.md,"faint praise",微弱的；不强烈的；勉强的,faint 在 faint praise 中表示称赞力度很弱，不是 fair“公平的”。,一般,阅读高频|易混表达|错句来源,faint = 微弱的 / 不强烈的；fair = 公平的。,1,2026-06-21
20260621-035,2026-06-21,词组,for my part,2026-06-21-alan-gilbert-philharmonic.md,"For my part, I have no idea whether Gilbert is a great conductor or even a good one.",就我而言；在我看来,for my part 用来引出作者个人立场，不是“在某些情况下”。,一般,阅读高频|错句来源|固定搭配,for my part = 就我而言 / 在我看来。,1,2026-06-21
20260621-036,2026-06-21,句型,have no idea whether,2026-06-21-alan-gilbert-philharmonic.md,"I have no idea whether Gilbert is a great conductor or even a good one",不知道是否……,have no idea whether... 表示“不知道是否……”，不是“没能力判断”。,一般,阅读高频|错句来源|长难句结构,have no idea whether... = 不知道是否……。,1,2026-06-21
20260621-037,2026-06-21,词组,great conductor,2026-06-21-alan-gilbert-philharmonic.md,"whether Gilbert is a great conductor",伟大的指挥家,great conductor 是“伟大的指挥家”，不是“强大的指挥家”。,一般,阅读高频|错句来源|文化主题,great conductor = 伟大的指挥家。,1,2026-06-21
20260621-038,2026-06-21,词组,a good one,2026-06-21-alan-gilbert-philharmonic.md,"or even a good one",一个好的同类事物；本句指一个好指挥家,one 指代前文 conductor，所以 a good one 是“一个好指挥家”，不是“一个好人”。,一般,阅读高频|错句来源|指代,a good one 要回找前文名词；本句 one = conductor。,1,2026-06-21
20260621-039,2026-06-21,单词,whether,2026-06-21-alan-gilbert-philharmonic.md,"whether Gilbert is a great conductor or even a good one",是否,whether 引导“是否……”的内容；本句 `whether A or even B` 不是 A/B 二选一，而是“是否达到 A，甚至是否达到 B”。,一般,阅读高频|错句来源|逻辑关系,whether A or even B = 是否 A，甚至是否 B。,1,2026-06-21
20260621-040,2026-06-21,词组,to be sure,2026-06-21-alan-gilbert-philharmonic.md,"To be sure, he performs an impressive variety of interesting compositions",诚然；固然,to be sure 在议论文中常表示先让步承认，不是“可以确保的是”。,一般,阅读高频|错句来源|逻辑关系,to be sure = 诚然 / 固然，常与 but 构成让步转折。,1,2026-06-21
20260621-041,2026-06-21,单词,impressive,2026-06-21-alan-gilbert-philharmonic.md,"an impressive variety of interesting compositions",令人印象深刻的；可观的,impressive 修饰 variety，表示种类丰富程度令人印象深刻。,一般,阅读高频|错句来源,impressive = 令人印象深刻的 / 可观的。,1,2026-06-21
20260621-042,2026-06-21,单词,composition,2026-06-21-alan-gilbert-philharmonic.md,"interesting compositions",音乐作品；作品,composition 在音乐语境中是“音乐作品”，不是只按“作文/组成”理解。,一般,阅读高频|错句来源|熟词僻义,composition = 音乐作品（音乐语境）。,1,2026-06-21
20260621-043,2026-06-21,词组,anywhere else,2026-06-21-alan-gilbert-philharmonic.md,"or anywhere else",任何其他地方,anywhere else 表示地点“任何其他地方”，不是 anyone else“任何其他人”。,一般,阅读高频|错句来源|易混表达,anywhere else = 任何其他地方；anyone else = 任何其他人。,1,2026-06-21
20260621-044,2026-06-21,词组,orchestral music,2026-06-21-alan-gilbert-philharmonic.md,"to hear interesting orchestral music",管弦乐；交响乐,orchestral music 指管弦乐/交响乐，是本文音乐主题核心词。,一般,阅读高频|错句来源|文化主题,orchestral music = 管弦乐 / 交响乐。,1,2026-06-21
20260621-045,2026-06-21,句型,it is not necessary for sb to do sth,2026-06-21-alan-gilbert-philharmonic.md,"it is not necessary for me to visit Avery Fisher Hall",某人没有必要做某事,necessary 表示必要性；it is not necessary for me to do 是“我没有必要做”，不是“不成功”。,一般,阅读高频|错句来源|长难句结构,it is not necessary for sb to do sth = 某人没有必要做某事。,1,2026-06-21
20260621-046,2026-06-21,句型,all I have to do is to,2026-06-21-alan-gilbert-philharmonic.md,"All I have to do is to go to my CD shelf",我所要做的只是……,all I have to do is to... 表示“我只需要做……”，不是“最好的办法”。,一般,阅读高频|错句来源|长难句结构,All I have to do is to... = 我所要做的只是……。,1,2026-06-21
20260621-047,2026-06-21,单词,shelf,2026-06-21-alan-gilbert-philharmonic.md,"go to my CD shelf",架子；搁板,shelf 在 CD shelf 中是“CD 架 / 唱片架”。,一般,仅阅读识别|错句来源,shelf = 架子 / 搁板。,1,2026-06-21
20260621-048,2026-06-21,词组,boot up,2026-06-21-alan-gilbert-philharmonic.md,"boot up my computer",启动计算机,boot up 表示启动电脑或系统，不是普通 boot“靴子”。,一般,阅读高频|错句来源|熟词僻义,boot up = 启动计算机。,1,2026-06-21
20260621-049,2026-06-21,词组,still more,2026-06-21-alan-gilbert-philharmonic.md,"download still more recorded music from iTunes",还要更多；更多的,still more 中 still 修饰 more，表示“还要更多”，不是“然而”。,一般,阅读高频|错句来源|易混表达,still more = 还要更多 / 更多的。,1,2026-06-21
20260621-050,2026-06-21,词组,recorded music,2026-06-21-alan-gilbert-philharmonic.md,"still more recorded music from iTunes",音乐录音；录制好的音乐,recorded music 是本文与 live performance 对比的核心概念，表示录音音乐。,一般,阅读高频|错句来源|题目定位,recorded music = 音乐录音 / 录制好的音乐。,1,2026-06-21
20260621-051,2026-06-21,单词,devoted,2026-06-21-alan-gilbert-philharmonic.md,"Devoted concertgoers",忠实的；热爱的,devoted 在 devoted concertgoers 中表示忠实热爱的，不是“贡献”。,一般,阅读高频|错句来源|态度表达,devoted = 忠实的 / 热爱的。,1,2026-06-21
20260621-052,2026-06-21,单词,concertgoer,2026-06-21-alan-gilbert-philharmonic.md,"Devoted concertgoers",音乐会常客；常去音乐会的人,concertgoer 指经常去听音乐会的人。,一般,阅读高频|错句来源|文化主题,concertgoer = 音乐会常客。,1,2026-06-21
20260621-053,2026-06-21,单词,recording,2026-06-21-alan-gilbert-philharmonic.md,"recordings are no substitute for live performance",录音；录制品,recording 在本文中指音乐录音，不是“记载”。,一般,阅读高频|错句来源|题目定位,recording = 录音 / 录制品。,1,2026-06-21
20260621-054,2026-06-21,词组,no substitute for,2026-06-21-alan-gilbert-philharmonic.md,"recordings are no substitute for live performance",不能替代；不是……的替代品,no substitute for 表示无法替代某物，是价值比较中的固定表达。,一般,阅读高频|固定搭配|错句来源,no substitute for = 不能替代 / 不是……的替代品。,1,2026-06-21
20260621-055,2026-06-21,词组,live performance,2026-06-21-alan-gilbert-philharmonic.md,"live performance",现场演奏；现场表演,live performance 是与 recordings / recorded music 对比的核心概念。,一般,阅读高频|错句来源|题目定位,live performance = 现场演奏 / 现场表演。,1,2026-06-21
20260621-056,2026-06-21,词组,miss the point,2026-06-21-alan-gilbert-philharmonic.md,"are missing the point",没有抓住重点；没有理解关键问题,miss the point 表示没有抓住问题关键，是议论文中作者反驳对方观点的常见表达。,一般,阅读高频|固定搭配|错句来源|逻辑关系,miss the point = 没有抓住重点。,1,2026-06-21
20260621-057,2026-06-21,词组,art-loving public,2026-06-21-alan-gilbert-philharmonic.md,"the time, attention, and money of the art-loving public",热爱艺术的公众,art-loving public 指热爱艺术的公众，是 time / attention / money 的所属者。,一般,阅读高频|错句来源|文化主题,art-loving public = 热爱艺术的公众。,1,2026-06-21
20260621-058,2026-06-21,单词,attention,2026-06-21-alan-gilbert-philharmonic.md,"For the time, attention, and money of the art-loving public",注意力；关注,attention 是注意力/关注，不是 attitude“态度”。,一般,阅读高频|错句来源|易混表达,attention = 注意力；attitude = 态度。,1,2026-06-21
20260621-059,2026-06-21,单词,instrumentalist,2026-06-21-alan-gilbert-philharmonic.md,"classical instrumentalists must compete",乐器演奏家,instrumentalist 指乐器演奏家；classical instrumentalists 指古典乐器演奏家。,一般,阅读高频|错句来源|文化主题,instrumentalist = 乐器演奏家。,1,2026-06-21
20260621-060,2026-06-21,词组,compete with,2026-06-21-alan-gilbert-philharmonic.md,"must compete not only with opera houses",与……竞争,compete with 表示与……竞争；不要和 complete“完成”或 compute“计算”混淆。,一般,阅读高频|错句来源|易混表达,compete with = 与……竞争。,1,2026-06-21
20260621-061,2026-06-21,词组,opera house,2026-06-21-alan-gilbert-philharmonic.md,"opera houses",歌剧院,opera house 是固定场所名，表示歌剧院，不能拆成“歌剧房子”。,一般,阅读高频|错句来源|文化主题,opera house = 歌剧院。,1,2026-06-21
20260621-062,2026-06-21,词组,dance troupe,2026-06-21-alan-gilbert-philharmonic.md,"dance troupes",舞蹈团,troupe 指演出团体；dance troupe 是舞蹈团。,一般,阅读高频|错句来源|文化主题,dance troupe = 舞蹈团。,1,2026-06-21
20260621-063,2026-06-21,词组,theater company,2026-06-21-alan-gilbert-philharmonic.md,"theater companies",剧团；戏剧公司,theater company 指剧团/戏剧公司，不是普通商业公司。,一般,阅读高频|错句来源|文化主题,theater company = 剧团 / 戏剧公司。,1,2026-06-21
20260621-064,2026-06-21,单词,museum,2026-06-21-alan-gilbert-philharmonic.md,"museums",博物馆,museum 是博物馆，常作为文化机构出现在阅读中。,一般,阅读高频|错句来源|文化主题,museum = 博物馆。,1,2026-06-21
20260621-065,2026-06-21,词组,recorded performances,2026-06-21-alan-gilbert-philharmonic.md,"the recorded performances of the great classical musicians of the 20th century",演奏录音；录制下来的演出,recorded 是过去分词作定语，performances 是名词核心；recorded performances 指录制下来的演奏，是 live performance 的对照项。,一般,阅读高频|题目定位|错句来源,recorded performances = 演奏录音 / 录制下来的演出；recorded 不是谓语动词。,1,2026-06-21
20260621-066,2026-06-21,词组,"for the time, attention, and money of",2026-06-21-alan-gilbert-philharmonic.md,"For the time, attention, and money of the art-loving public",为了争夺……的时间、注意力和金钱,这里的 for 引出竞争目标，不是“在某些时候”；后面接 compete with 时要译成“为了争夺……”。,一般,阅读高频|长难句结构|错句来源|逻辑关系,"for the time, attention, and money of... = 为了争夺……的时间、注意力和金钱。",1,2026-06-21
20260621-067,2026-06-21,单词,available,2026-06-21-alan-gilbert-philharmonic.md,"These recordings are cheap, available everywhere",可获得的；可用的,available 表示可获得/可使用；available everywhere 表示随处可得。,一般,阅读高频|题目定位|错句来源,available = 可获得的 / 可用的。,1,2026-06-21
20260621-068,2026-06-21,词组,available everywhere,2026-06-21-alan-gilbert-philharmonic.md,"available everywhere",随处可得；到处都能获得,available everywhere 是录音音乐的可获得性优势，对应题目中 accessible to the general public。,一般,阅读高频|题目定位|错句来源,available everywhere = 随处可得。,1,2026-06-21
20260621-069,2026-06-21,词组,very often,2026-06-21-alan-gilbert-philharmonic.md,"very often much higher in artistic quality",常常；往往,very often 表示频率，修饰后面的比较判断，不要漏译“往往”。,一般,阅读高频|错句来源,very often = 常常 / 往往。,1,2026-06-21
20260621-070,2026-06-21,句型,much higher in... than...,2026-06-21-alan-gilbert-philharmonic.md,"much higher in artistic quality than today’s live performances",在……方面比……高得多,much higher in... than... 是比较结构；本句指在艺术质量上比现场演奏高得多。,一般,阅读高频|长难句结构|错句来源,much higher in N than... = 在 N 方面比……高得多。,1,2026-06-21
20260621-071,2026-06-21,词组,artistic quality,2026-06-21-alan-gilbert-philharmonic.md,"artistic quality",艺术质量；艺术水准,artistic quality 指艺术质量/艺术水准，是比较维度。,一般,阅读高频|题目定位|错句来源,artistic quality = 艺术质量 / 艺术水准。,1,2026-06-21
20260621-072,2026-06-21,单词,moreover,2026-06-21-alan-gilbert-philharmonic.md,"moreover, they can be “consumed” at a time and place of the listener’s choosing",此外；而且,moreover 是补充递进连接副词，表示此外/而且，不是“甚至”。,一般,阅读高频|逻辑关系|错句来源,moreover = 此外 / 而且。,1,2026-06-21
20260621-073,2026-06-21,词组,be consumed,2026-06-21-alan-gilbert-philharmonic.md,"they can be “consumed”",被消费；被享用,be consumed 是被动结构；本句用引号把听录音类比为消费录音。,一般,阅读高频|错句来源|熟词僻义,be consumed = 被消费 / 被享用。,1,2026-06-21
20260621-074,2026-06-21,词组,at a time and place,2026-06-21-alan-gilbert-philharmonic.md,"at a time and place of the listener’s choosing",在某个时间和地点,at a time and place 是整体状语，不要把 time 和 place 拆成两段理解。,一般,阅读高频|长难句结构|错句来源,at a time and place = 在某个时间和地点。,1,2026-06-21
20260621-075,2026-06-21,词组,of one's choosing,2026-06-21-alan-gilbert-philharmonic.md,"of the listener’s choosing",由某人选择的,of one's choosing 后置修饰前面的名词组；本句修饰 time and place。,一般,阅读高频|长难句结构|错句来源,of one's choosing = 由某人选择的。,1,2026-06-21
20260621-076,2026-06-21,词组,at a time and place of one's choosing,2026-06-21-alan-gilbert-philharmonic.md,"at a time and place of the listener’s choosing",在某人自己选择的时间和地点,这是完整结构；of the listener's choosing 修饰 time and place，表示时间地点由听众选择。,一般,阅读高频|长难句结构|错句来源,at a time and place of one's choosing = 在某人自己选择的时间和地点。,1,2026-06-21
20260621-077,2026-06-21,词组,widespread availability,2026-06-21-alan-gilbert-philharmonic.md,"The widespread availability of such recordings",普遍可得性；广泛可获得,widespread availability 指广泛可获得，不是“广泛使用”。,一般,阅读高频|题目定位|错句来源,widespread availability = 普遍可得性。,1,2026-06-21
20260621-078,2026-06-21,单词,availability,2026-06-21-alan-gilbert-philharmonic.md,"availability of such recordings",可获得性；可用性,availability 强调能否获得/是否可用，不等于 use“使用”。,一般,阅读高频|题目定位|错句来源,availability = 可获得性 / 可用性。,1,2026-06-21
20260621-079,2026-06-21,单词,thus,2026-06-21-alan-gilbert-philharmonic.md,"has thus brought about a crisis",因此；于是,thus 表示结果承接，概括前文录音优势导致危机。,一般,阅读高频|逻辑关系|错句来源,thus = 因此 / 于是。,1,2026-06-21
20260621-080,2026-06-21,词组,bring about,2026-06-21-alan-gilbert-philharmonic.md,"has thus brought about a crisis",引起；导致；带来,bring about 表示导致/引起；brought 是 bring 的过去分词，不是 bought“买了”。,一般,阅读高频|逻辑关系|错句来源|易混表达,bring about = 引起 / 导致；brought != bought。,1,2026-06-21
20260621-081,2026-06-21,单词,institution,2026-06-21-alan-gilbert-philharmonic.md,"the institution of the traditional classical concert",制度；习俗；由来已久的惯例,institution 在这里指传统古典音乐会这一制度/习俗，不是具体机构。,一般,阅读高频|熟词僻义|错句来源,institution = 制度 / 习俗 / 惯例（本句语境）。,1,2026-06-21
20260621-082,2026-06-21,词组,traditional classical concert,2026-06-21-alan-gilbert-philharmonic.md,"the traditional classical concert",传统古典音乐会,traditional classical concert 是 institution of 的内容，concert 指音乐会。,一般,阅读高频|文化主题|错句来源,traditional classical concert = 传统古典音乐会。,1,2026-06-21
20260621-083,2026-06-21,句型,a crisis in the institution of,2026-06-21-alan-gilbert-philharmonic.md,"a crisis in the institution of the traditional classical concert",……这一制度/习俗中的危机,in the institution of... 是介词短语，修饰 crisis，说明危机发生的领域/对象。,一般,阅读高频|长难句结构|错句来源,a crisis in the institution of... = ……这一制度/习俗中的危机。,1,2026-06-21
20260621-084,2026-06-21,单词,expense,2026-06-21-alan-gilbert-philharmonic.md,"ignore the expenses of live performances",费用；开支,expense 表示费用/开支；本题 A 选项用于干扰，不是原文重点。,一般,阅读高频|题目定位|错句来源,expense = 费用 / 开支。,1,2026-06-21
20260621-085,2026-06-21,单词,reject,2026-06-21-alan-gilbert-philharmonic.md,"reject most kinds of recorded performances",拒绝；排斥,reject 表示拒绝/排斥；B 选项把原文“不能替代”误导成“拒绝录音”。,一般,阅读高频|题目定位|错句来源,reject = 拒绝 / 排斥。,1,2026-06-21
20260621-086,2026-06-21,单词,exaggerate,2026-06-21-alan-gilbert-philharmonic.md,"exaggerate the variety of live performances",夸大,exaggerate 表示夸大；C 选项说夸大现场演奏种类，原文没有这个信息。,一般,阅读高频|题目定位|错句来源,exaggerate = 夸大。,1,2026-06-21
20260621-087,2026-06-21,单词,variety,2026-06-21-alan-gilbert-philharmonic.md,"the variety of live performances",多样性；种类,variety 表示多样性/种类；注意和 value“价值”区分。,一般,阅读高频|题目定位|错句来源,variety = 多样性 / 种类。,1,2026-06-21
20260621-088,2026-06-21,单词,overestimate,2026-06-21-alan-gilbert-philharmonic.md,"overestimate the value of live performances",高估,overestimate 表示高估；D 选项概括作者认为忠实听众高估现场演奏价值。,一般,阅读高频|题目定位|错句来源,overestimate = 高估。,1,2026-06-21
20260621-089,2026-06-21,单词,value,2026-06-21-alan-gilbert-philharmonic.md,"the value of live performances",价值,value 在本题中是现场演奏的价值，不是“价格”。,一般,阅读高频|题目定位|错句来源,value = 价值。,1,2026-06-21
20260621-090,2026-06-21,词组,inferior to,2026-06-21-alan-gilbert-philharmonic.md,"They are often inferior to live concerts in quality.",次于；不如,inferior to 表示质量/地位等低于、不如；A 选项与原文 higher in quality 方向相反。,一般,阅读高频|题目定位|错句来源,inferior to = 次于 / 不如。,1,2026-06-21
20260621-091,2026-06-21,词组,accessible to,2026-06-21-alan-gilbert-philharmonic.md,"They are easily accessible to the general public.",对……可获得；可接触到,accessible to 对应原文 available everywhere / widespread availability，表示大众容易获得。,一般,阅读高频|题目定位|错句来源,accessible to = 对……可获得 / 可接触到。,1,2026-06-21
20260621-092,2026-06-21,词组,general public,2026-06-21-alan-gilbert-philharmonic.md,"the general public",普通公众；大众,general public 指普通公众/大众，不是特定群体。,一般,阅读高频|题目定位|错句来源,general public = 普通公众 / 大众。,1,2026-06-21
20260621-093,2026-06-21,词组,improve the quality of,2026-06-21-alan-gilbert-philharmonic.md,"They help improve the quality of music.",提高……的质量,improve the quality of... 表示提高质量；C 选项是干扰项，原文未说录音提高音乐质量。,一般,阅读高频|题目定位|错句来源,improve the quality of... = 提高……的质量。,1,2026-06-21
20260621-094,2026-06-21,单词,cover,2026-06-21-alan-gilbert-philharmonic.md,"They have only covered masterpieces.",覆盖；包含,cover 在选项中表示覆盖/包含某类作品，不是“盖住”。,一般,阅读高频|题目定位|错句来源,cover = 覆盖 / 包含。,1,2026-06-21
20260621-095,2026-06-21,单词,masterpiece,2026-06-21-alan-gilbert-philharmonic.md,"They have only covered masterpieces.",杰作；名作,masterpiece 指杰作/名作；D 选项说录音只覆盖杰作，原文没有该限制。,一般,阅读高频|题目定位|错句来源,masterpiece = 杰作 / 名作。,1,2026-06-21
20260621-096,2026-06-21,熟词僻义,response,2026-06-21-alan-gilbert-philharmonic.md,"One possible response is for classical performers to program attractive new music",应对方式；回应措施,response 在这里是对上文危机的可能应对方式，不是“回答”，也不同于前文 response“反响”。,一般,阅读高频|熟词僻义|错句来源,response = 应对方式 / 回应措施（议论文语境）。,1,2026-06-21
20260621-097,2026-06-21,单词,performer,2026-06-21-alan-gilbert-philharmonic.md,"classical performers",表演者；演奏者,classical performers 指古典音乐演奏者。,一般,阅读高频|文化主题|错句来源,performer = 表演者 / 演奏者。,1,2026-06-21
20260621-098,2026-06-21,单词,program,2026-06-21-alan-gilbert-philharmonic.md,"to program attractive new music",安排演出曲目；编排节目,program 作动词在音乐会语境中表示安排/编排演出曲目，不是“编程”。,一般,阅读高频|熟词僻义|错句来源,program new music = 安排演出新音乐作品。,1,2026-06-21
20260621-099,2026-06-21,单词,attractive,2026-06-21-alan-gilbert-philharmonic.md,"attractive new music",有吸引力的,attractive 修饰 new music，表示能吸引听众的新音乐作品。,一般,阅读高频|错句来源,attractive = 有吸引力的。,1,2026-06-21
20260621-100,2026-06-21,词组,available on record,2026-06-21-alan-gilbert-philharmonic.md,"not yet available on record",有录音可获得；已有录音,available on record 在音乐语境中表示以录音形式可得，不是“记录在案”。,一般,阅读高频|熟词僻义|错句来源,available on record = 有录音可获得 / 已有录音。,1,2026-06-21
20260621-101,2026-06-21,句型,One possible response is for sb to do sth,2026-06-21-alan-gilbert-philharmonic.md,"One possible response is for classical performers to program attractive new music",一种可能的应对方式是让某人做某事,该结构用 for sb to do sth 说明 response 的具体内容。,一般,阅读高频|长难句结构|错句来源,One possible response is for sb to do sth = 一种可能的应对方式是让某人做某事。,1,2026-06-21
20260621-102,2026-06-21,词组,be widely noted,2026-06-21-alan-gilbert-philharmonic.md,"Gilbert’s own interest in new music has been widely noted",被广泛注意；广为人知,be widely noted 表示广为人知/受到广泛注意，不是“被广泛记录”。,一般,阅读高频|错句来源,be widely noted = 被广泛注意 / 广为人知。,1,2026-06-21
20260621-103,2026-06-21,词组,describe A as B,2026-06-21-alan-gilbert-philharmonic.md,"has described him as a man",把 A 描述为 B；称 A 为 B,describe A as B 表示把 A 描述/称为 B，后面的名词短语整体是评价。,一般,阅读高频|固定搭配|错句来源,describe A as B = 把 A 描述为 B。,1,2026-06-21
20260621-104,2026-06-21,词组,be capable of,2026-06-21-alan-gilbert-philharmonic.md,"who is capable of turning the Philharmonic into",有能力；能够,be capable of 后接名词或动名词，表示有能力做某事。,一般,阅读高频|固定搭配|错句来源,be capable of doing = 有能力做某事。,1,2026-06-21
20260621-105,2026-06-21,词组,turn A into B,2026-06-21-alan-gilbert-philharmonic.md,"turning the Philharmonic into “a markedly different, more vibrant organization”",把 A 变成 B,turn A into B 表示把 A 转变成 B；本句指把纽约爱乐变成一个不同且更有活力的组织。,一般,阅读高频|固定搭配|错句来源,turn A into B = 把 A 变成 B。,1,2026-06-21
20260621-106,2026-06-21,单词,markedly,2026-06-21-alan-gilbert-philharmonic.md,"a markedly different, more vibrant organization",显著地；明显地,markedly 修饰 different，表示显著不同。,一般,阅读高频|错句来源,markedly = 显著地 / 明显地。,1,2026-06-21
20260621-107,2026-06-21,单词,vibrant,2026-06-21-alan-gilbert-philharmonic.md,"more vibrant organization",充满活力的,vibrant 表示充满活力的、有生气的。,一般,阅读高频|错句来源|态度表达,vibrant = 充满活力的。,1,2026-06-21
20260621-108,2026-06-21,单词,organization,2026-06-21-alan-gilbert-philharmonic.md,"more vibrant organization",组织；团体,organization 在本句指纽约爱乐这个组织/团体。,一般,阅读高频|错句来源,organization = 组织 / 团体。,1,2026-06-21
20260621-109,2026-06-21,熟词僻义,nature,2026-06-21-alan-gilbert-philharmonic.md,"what will be the nature of that difference",本质；性质,nature 在抽象讨论中表示本质/性质，不是“自然”。,一般,阅读高频|熟词僻义|错句来源,nature = 本质 / 性质（抽象语境）。,1,2026-06-21
20260621-110,2026-06-21,词组,the nature of,2026-06-21-alan-gilbert-philharmonic.md,"the nature of that difference",……的本质；……的性质,the nature of... 用于追问某种差异/问题/现象的本质。,一般,阅读高频|固定搭配|错句来源,the nature of... = ……的本质 / 性质。,1,2026-06-21
20260621-111,2026-06-21,单词,merely,2026-06-21-alan-gilbert-philharmonic.md,"Merely expanding the orchestra’s repertoire",仅仅；只不过,merely 限制 expanding 的作用，配合 will not be enough 表达作者质疑。,一般,阅读高频|逻辑关系|错句来源,merely = 仅仅 / 只不过。,1,2026-06-21
20260621-112,2026-06-21,词组,expand repertoire,2026-06-21-alan-gilbert-philharmonic.md,"expanding the orchestra’s repertoire",扩充曲目；扩大演奏曲目,expand repertoire 表示扩充乐团/演奏者的曲目范围。,一般,阅读高频|文化主题|错句来源,expand repertoire = 扩充曲目。,1,2026-06-21
20260621-113,2026-06-21,单词,repertoire,2026-06-21-alan-gilbert-philharmonic.md,"the orchestra’s repertoire",全部曲目；演奏曲目,repertoire 指乐团或表演者可演出的全部曲目/节目。,一般,阅读高频|文化主题|错句来源,repertoire = 全部曲目 / 演奏曲目。,1,2026-06-21
20260621-114,2026-06-21,句型,Doing sth will not be enough,2026-06-21-alan-gilbert-philharmonic.md,"Merely expanding the orchestra’s repertoire will not be enough.",做某事是不够的,动名词短语作主语；will not be enough 表示不足以解决问题。,一般,阅读高频|长难句结构|错句来源,Doing sth will not be enough = 做某事是不够的。,1,2026-06-21
20260621-115,2026-06-21,句型,be to do,2026-06-21-alan-gilbert-philharmonic.md,"If Gilbert and the Philharmonic are to succeed",要做；将要做；要想做成,be to do 在条件句中常表示“要想……/如果要……”。,一般,阅读高频|长难句结构|错句来源,be to do = 要做 / 要想做成（视语境）。,1,2026-06-21
20260621-116,2026-06-21,词组,are to succeed,2026-06-21-alan-gilbert-philharmonic.md,"If Gilbert and the Philharmonic are to succeed",如果要成功；要想成功,are to succeed 在 if 从句中表示“如果要想成功”，不是“如果是成功的”。,一般,阅读高频|错句来源|逻辑关系,if A are to succeed = 如果 A 要想成功。,1,2026-06-21
20260621-117,2026-06-21,单词,first,2026-06-21-alan-gilbert-philharmonic.md,"they must first change",首先,first 在本句表示首先/第一步，不是“彻底地”。,一般,阅读高频|错句来源|逻辑关系,first = 首先。,1,2026-06-21
20260621-118,2026-06-21,词组,change the relationship between A and B,2026-06-21-alan-gilbert-philharmonic.md,"change the relationship between America’s oldest orchestra and the new audience",改变 A 与 B 之间的关系,change the relationship between A and B 是末句核心动作，说明振兴乐团要改变老牌乐团与新观众的关系。,一般,阅读高频|长难句结构|错句来源,change the relationship between A and B = 改变 A 与 B 之间的关系。,1,2026-06-21
20260621-119,2026-06-21,词组,America's oldest orchestra,2026-06-21-alan-gilbert-philharmonic.md,"America’s oldest orchestra",美国最古老的管弦乐团,America's oldest orchestra 指纽约爱乐乐团，强调其历史悠久，不是“旧的管弦乐团”。,一般,阅读高频|文化主题|错句来源,America's oldest orchestra = 美国最古老的管弦乐团。,1,2026-06-21
20260621-120,2026-06-21,词组,audience it hopes to attract,2026-06-21-alan-gilbert-philharmonic.md,"the new audience it hopes to attract",它希望吸引的观众,it 指乐团/纽约爱乐；audience 是 attract 的宾语，省略了关系代词 that/whom。,一般,阅读高频|长难句结构|错句来源,audience it hopes to attract = 它希望吸引的观众。,1,2026-06-21
20260621-121,2026-06-21,单词,revitalize,2026-06-21-alan-gilbert-philharmonic.md,"Regarding Gilbert’s role in revitalizing the Philharmonic",使恢复活力；振兴,revitalize 表示使重新有活力/振兴；题干 revitalizing 指振兴纽约爱乐。,一般,阅读高频|题目定位|错句来源,revitalize = 振兴 / 使恢复活力。,1,2026-06-21
20260621-122,2026-06-21,单词,doubtful,2026-06-21-alan-gilbert-philharmonic.md,"[A] doubtful",怀疑的,doubtful 表示怀疑的，对应末段作者质疑 Gilbert 作用的态度。,一般,阅读高频|题目定位|态度表达,doubtful = 怀疑的。,1,2026-06-21
20260621-123,2026-06-21,单词,enthusiastic,2026-06-21-alan-gilbert-philharmonic.md,"[B] enthusiastic",热情的；热心的,enthusiastic 是热情/热心，不是“满意的”；本题为干扰态度词。,一般,阅读高频|题目定位|态度表达|错句来源,enthusiastic = 热情的 / 热心的。,1,2026-06-21
20260621-124,2026-06-21,单词,confident,2026-06-21-alan-gilbert-philharmonic.md,"[C] confident",有信心的,confident 表示有信心的；作者末段不是 confident，而是 doubtful。,一般,阅读高频|题目定位|态度表达,confident = 有信心的。,1,2026-06-21
20260621-125,2026-06-21,单词,puzzled,2026-06-21-alan-gilbert-philharmonic.md,"[D] puzzled",困惑的,puzzled 表示困惑的；注意和 doubtful“怀疑的”区分。,一般,阅读高频|题目定位|态度表达,puzzled = 困惑的。,1,2026-06-21
20260622-001,2026-06-22,单词,depart,2026-06-22-2011-english-i-text-2.md,"When Liam McGee departed as president of Bank of America in August, his explanation was surprisingly straight up.",离开；离任；卸任,depart 在本句中是动词“离任/卸任”，不是 department“部门”。,一般,阅读高频|错句来源|易混表达,depart = 离开 / 离任；注意不要和 department“部门”混淆。,1,2026-06-22
20260622-002,2026-06-22,词组,depart as,2026-06-22-2011-english-i-text-2.md,"When Liam McGee departed as president of Bank of America in August, his explanation was surprisingly straight up.",辞去……职务；以……身份离任,depart as president of... 要整体理解为“辞去……总裁职务”。,一般,阅读高频|固定搭配|错句来源,depart as + 职务 = 辞去……职务 / 以……身份离任。,1,2026-06-22
20260622-003,2026-06-22,词组,straight up,2026-06-22-2011-english-i-text-2.md,"When Liam McGee departed as president of Bank of America in August, his explanation was surprisingly straight up.",坦率的；直截了当的,straight up 在本句评价 explanation，表示解释坦率直接；surprisingly 修饰 straight up。,一般,阅读高频|固定搭配|错句来源|态度表达,straight up = 坦率的 / 直截了当的；注意 surprisingly 修饰它。,1,2026-06-22
20260622-004,2026-06-22,单词,excuse,2026-06-22-2011-english-i-text-2.md,"Rather than cloaking his exit in the usual vague excuses, he came right out and said he was leaving “to pursue my goal of running a company.”",借口；理由,excuse 在本句中指离职时常见的模糊借口；注意复数 excuses。,一般,阅读高频|错句来源,excuse = 借口 / 理由；本句 vague excuses = 含糊的借口。,1,2026-06-22
20260622-005,2026-06-22,词组,come right out and say,2026-06-22-2011-english-i-text-2.md,"Rather than cloaking his exit in the usual vague excuses, he came right out and said he was leaving “to pursue my goal of running a company.”",直截了当地说；公开直接说出,come right out and say 强调不遮掩地直接说出真实想法；right out 加强“直接、毫不含糊”的语气。,一般,阅读高频|固定搭配|错句来源|态度表达,come right out and say = 直截了当地说 / 公开直接说出。,1,2026-06-22
20260622-006,2026-06-22,单词,broadcast,2026-06-22-2011-english-i-text-2.md,"Broadcasting his ambition was “very much my decision,” McGee says.",公开宣布；传播,broadcast 在本句中不是“广播节目”，而是“公开宣布/公开表明”自己的抱负。,一般,阅读高频|错句来源|态度表达,broadcast = 公开宣布 / 传播；Broadcasting his ambition = 公开表明自己的抱负。,1,2026-06-22
20260622-007,2026-06-22,词组,for the first time,2026-06-22-2011-english-i-text-2.md,"Within two weeks, he was talking for the first time with the board of Hartford Financial Services Group, which named him CEO and chairman on September 29.",首次；第一次,for the first time 是时间频次表达，修饰 was talking，表示首次与董事会交谈。,一般,阅读高频|固定搭配|错句来源,for the first time = 首次 / 第一次；不要只看 first。,1,2026-06-22
20260622-008,2026-06-22,熟词僻义,board,2026-06-22-2011-english-i-text-2.md,"Within two weeks, he was talking for the first time with the board of Hartford Financial Services Group, which named him CEO and chairman on September 29.",董事会,board 在公司机构语境中常指“董事会”，不是“木板”。,一般,阅读高频|熟词僻义|机构职务|错句来源,board = 董事会；公司语境中不要误译成“木板”。,1,2026-06-22
20260622-009,2026-06-22,句型,name sb + 职务,2026-06-22-2011-english-i-text-2.md,"Hartford Financial Services Group, which named him CEO and chairman on September 29.",任命某人为……,name sb CEO and chairman 中 name 是“任命”，him 是宾语，CEO and chairman 是宾语补足语。,一般,阅读高频|长难句结构|机构职务|错句来源,name sb + 职务 = 任命某人为某职务；注意 him 指被任命的人。,1,2026-06-22
20260622-010,2026-06-22,单词,arrogant,2026-06-22-2011-english-i-text-2.md,"[A] arrogant.",傲慢的；自大的,arrogant 是负面态度词；第 26 题中用于干扰 McGee 的坦率离职方式。,一般,阅读高频|题目定位|态度表达|错句来源,arrogant = 傲慢的 / 自大的；注意和 frank“坦率的”区分。,1,2026-06-22
20260622-011,2026-06-22,单词,impulsive,2026-06-22-2011-english-i-text-2.md,"[D] impulsive.",冲动的；一时冲动的,impulsive 表示冲动的，不是“从众”；第 26 题中与原文有计划的职业目标不符。,一般,阅读高频|题目定位|态度表达|错句来源,impulsive = 冲动的；不要误解成“从众”。,1,2026-06-22
20260622-012,2026-06-22,熟词僻义,position,2026-06-22-2011-english-i-text-2.md,"McGee says leaving without a position lined up gave him time to reflect on what kind of company he wanted to run.",职位；工作岗位,position 在本句是“职位/岗位”，不是空间上的“位置”。,一般,阅读高频|熟词僻义|错句来源|职场主题,position = 职位 / 岗位；职场语境中不要只译成“位置”。,1,2026-06-22
20260622-013,2026-06-22,词组,line up,2026-06-22-2011-english-i-text-2.md,"McGee says leaving without a position lined up gave him time to reflect on what kind of company he wanted to run.",安排好；准备好；落实好,line up 在 a position lined up 中表示“安排好/落实好”职位。,一般,阅读高频|固定搭配|错句来源|职场主题,a position lined up = 一个已经安排好的职位 / 找好的下家。,1,2026-06-22
20260622-014,2026-06-22,单词,aspiration,2026-06-22-2011-english-i-text-2.md,"It also sent a clear message to the outside world about his aspirations.",抱负；志向；强烈愿望,aspiration 在本句指 McGee 对未来职业发展的抱负/志向，不是普通“愿望”。,一般,阅读高频|错句来源|职场主题|抽象名词,aspiration = 抱负 / 志向；his aspirations = 他的职业抱负。,1,2026-06-22
20260622-015,2026-06-22,熟词僻义,post,2026-06-22-2011-english-i-text-2.md,"In recent weeks the No.2 executives at Avon and American Express quit with the explanation that they were looking for a CEO post.",职位；岗位,post 在本句指 CEO 职位，不是“帖子/邮政”。,一般,阅读高频|熟词僻义|错句来源|职场主题,post = 职位 / 岗位；a CEO post = 一个 CEO 职位。,1,2026-06-22
20260622-016,2026-06-22,词组,look for,2026-06-22-2011-english-i-text-2.md,"In recent weeks the No.2 executives at Avon and American Express quit with the explanation that they were looking for a CEO post.",寻找；寻求,look for 在本句表示寻找/寻求 CEO 职位。,一般,阅读高频|固定搭配|错句来源|职场主题,look for a post = 寻找一个职位 / 寻求一个岗位。,1,2026-06-22
20260622-017,2026-06-22,单词,scrutinize,2026-06-22-2011-english-i-text-2.md,"As boards scrutinize succession plans in response to shareholder pressure, executives who don’t get the nod also may wish to move on.",仔细审查；认真检查,scrutinize 在本句指董事会仔细审查继任计划。,一般,阅读高频|错句来源|职场主题,scrutinize = 仔细审查 / 认真检查。,1,2026-06-22
20260622-018,2026-06-22,词组,succession plans,2026-06-22-2011-english-i-text-2.md,"As boards scrutinize succession plans in response to shareholder pressure, executives who don’t get the nod also may wish to move on.",继任计划；接班安排,succession plans 指公司董事会审查的高层继任/接班计划。,一般,阅读高频|固定搭配|错句来源|职场主题,succession plans = 继任计划 / 接班安排。,1,2026-06-22
20260622-019,2026-06-22,单词,shareholder,2026-06-22-2011-english-i-text-2.md,"As boards scrutinize succession plans in response to shareholder pressure, executives who don’t get the nod also may wish to move on.",股东,shareholder pressure 指来自股东的压力。,一般,阅读高频|错句来源|职场主题|经济主题,shareholder = 股东；shareholder pressure = 股东压力。,1,2026-06-22
20260622-020,2026-06-22,词组,get the nod,2026-06-22-2011-english-i-text-2.md,"executives who don’t get the nod also may wish to move on",得到认可；获得首肯,get the nod 在本句指获得董事会点头认可/接班机会。,一般,阅读高频|固定搭配|错句来源|职场主题,get the nod = 得到认可 / 获得首肯。,1,2026-06-22
20260622-021,2026-06-22,词组,move on,2026-06-22-2011-english-i-text-2.md,"executives who don’t get the nod also may wish to move on",离开现职；另谋发展,move on 在本句不是泛泛“继续前进”，而是指离开现职位、另谋出路。,一般,阅读高频|固定搭配|错句来源|职场主题,move on = 离开现状 / 另谋发展；职场语境可译为“跳槽/离开”。,1,2026-06-22
20260622-022,2026-06-22,单词,senior,2026-06-22-2011-english-i-text-2.md,"A turbulent business environment also has senior managers cautious of letting vague pronouncements cloud their reputations.; a senior position",高级的；资深的,senior 在 senior managers / a senior position 中表示高级的/资深的，修饰人或职位。,一般,阅读高频|错句来源|职场主题,senior = 高级的 / 资深的；a senior position = 一个高级职位。,2,2026-06-22
20260622-023,2026-06-22,单词,cautious,2026-06-22-2011-english-i-text-2.md,"A turbulent business environment also has senior managers cautious of letting vague pronouncements cloud their reputations.",谨慎的；小心的,cautious 表示谨慎的/小心的，不是 curious“好奇的”。,一般,阅读高频|错句来源|易混表达,cautious = 谨慎的 / 小心的；注意和 curious“好奇的”区分。,1,2026-06-22
20260622-024,2026-06-22,单词,reputation,2026-06-22-2011-english-i-text-2.md,"A turbulent business environment also has senior managers cautious of letting vague pronouncements cloud their reputations.; [C] top performers care more about reputations.",声誉；名声,reputation 在文章和选项中都指职业声誉/名声；reputations 是复数形式。,一般,阅读高频|错句来源|职场主题,reputation = 声誉 / 名声；their reputations = 他们的声誉；care more about reputations = 更重视名声。,2,2026-06-22
20260622-025,2026-06-22,单词,cloud,2026-06-22-2011-english-i-text-2.md,"letting vague pronouncements cloud their reputations",使模糊；给……蒙上阴影；损害,cloud 在本句是动词，表示使声誉蒙上阴影/受损。,一般,阅读高频|熟词僻义|错句来源,cloud one's reputation = 给某人的声誉蒙上阴影 / 损害声誉。,1,2026-06-22
20260622-026,2026-06-22,句型,have sb adj of doing,2026-06-22-2011-english-i-text-2.md,"A turbulent business environment also has senior managers cautious of letting vague pronouncements cloud their reputations.",使某人处于某种状态,have senior managers cautious of doing 表示“使高级经理人对做某事保持谨慎”。,一般,阅读高频|长难句结构|错句来源,have sb adj of doing = 使某人对做某事保持某种状态；本句是 has senior managers cautious of letting...,1,2026-06-22
20260622-027,2026-06-22,句型,be cautious of + doing,2026-06-22-2011-english-i-text-2.md,"A turbulent business environment also has senior managers cautious of letting vague pronouncements cloud their reputations.",谨慎于；担心/不愿让某事发生,be cautious of + doing 表示对某动作保持谨慎；本句可理解为“不愿让含糊声明损害声誉”。,一般,阅读高频|长难句结构|固定搭配|错句来源,be cautious of + doing = 谨慎于 / 担心或不愿让 + 动名词短语发生。,1,2026-06-22
20260622-028,2026-06-22,词组,be spurred by,2026-06-22-2011-english-i-text-2.md,"According to Paragraph 2, senior executives’ quitting may be spurred by...",被……促使；受……推动；由……引发,be spurred by 是题干因果表达，表示某行为可能受某因素促使/推动。,一般,阅读高频|题目定位|固定搭配|错句来源,be spurred by = 被……促使 / 受……推动 / 由……引发。,1,2026-06-22
20260622-029,2026-06-22,单词,expectation,2026-06-22-2011-english-i-text-2.md,"[A] their expectation of better financial status.",期待；期望,expectation 在选项中表示对更好财务状况的期待。,一般,阅读高频|题目定位|错句来源,expectation = 期待 / 期望；their expectation of... = 他们对……的期待。,1,2026-06-22
20260622-030,2026-06-22,词组,private life,2026-06-22-2011-english-i-text-2.md,"[B] their need to reflect on their private life.",私人生活；个人生活,private life 指私人/个人生活，不是职业目标。,一般,阅读高频|题目定位|固定搭配|错句来源,private life = 私人生活 / 个人生活。,1,2026-06-22
20260622-031,2026-06-22,词组,strained relations with,2026-06-22-2011-english-i-text-2.md,"[C] their strained relations with the boards.",与……的紧张关系,strained relations with 表示与某方关系紧张。,一般,阅读高频|题目定位|固定搭配|错句来源,strained relations with = 与……的紧张关系；strained = 紧张的。,1,2026-06-22
20260622-032,2026-06-22,词组,first signs of recovery,2026-06-22-2011-english-i-text-2.md,"As the first signs of recovery begin to take hold, deputy chiefs may be more willing to make the jump without a net.",复苏的最初迹象；好转的初步迹象,first signs of recovery 指经济复苏/好转的初步迹象。,一般,阅读高频|固定搭配|错句来源|经济主题,first signs of recovery = 复苏的最初迹象 / 好转的初步迹象。,1,2026-06-22
20260622-033,2026-06-22,词组,take hold,2026-06-22-2011-english-i-text-2.md,"As the first signs of recovery begin to take hold, deputy chiefs may be more willing to make the jump without a net.",开始显现；开始扎根；开始产生影响,take hold 在本句指复苏迹象开始显现并产生影响。,一般,阅读高频|固定搭配|错句来源|经济主题,take hold = 开始显现 / 开始产生影响。,1,2026-06-22
20260622-034,2026-06-22,熟词僻义,chief,2026-06-22-2011-english-i-text-2.md,"deputy chiefs may be more willing to make the jump without a net",主管；负责人；高管,chief 在职场语境中指主管/负责人，不是“酋长”。,一般,阅读高频|熟词僻义|错句来源|职场主题,chief = 主管 / 负责人；职场语境不要误译成“酋长”。,1,2026-06-22
20260622-035,2026-06-22,词组,deputy chiefs,2026-06-22-2011-english-i-text-2.md,"deputy chiefs may be more willing to make the jump without a net",副主管；副总裁；二把手,deputy chiefs 指副主管/二把手高管。,一般,阅读高频|固定搭配|错句来源|职场主题,deputy chiefs = 副主管 / 副总裁 / 二把手。,1,2026-06-22
20260622-036,2026-06-22,词组,without a net,2026-06-22-2011-english-i-text-2.md,"deputy chiefs may be more willing to make the jump without a net",没有安全网；没有退路；没有保障,without a net 是比喻表达，指没有后备保障/没有找好下家。,一般,阅读高频|固定搭配|错句来源|职场主题,without a net = 没有安全网 / 没有退路 / 没有保障。,1,2026-06-22
20260622-037,2026-06-22,词组,make the jump without a net,2026-06-22-2011-english-i-text-2.md,"deputy chiefs may be more willing to make the jump without a net",在没有保障的情况下跳槽；无下家跳槽,make the jump without a net 在本句指没有找好下家就冒险跳槽/离职。,一般,阅读高频|固定搭配|错句来源|职场主题,make the jump without a net = 无下家跳槽 / 没有安全网地跳槽。,1,2026-06-22
20260622-038,2026-06-22,单词,quarter,2026-06-22-2011-english-i-text-2.md,"In the third quarter, CEO turnover was down 23% from a year ago...",季度,quarter 在经济/公司数据语境中常指季度；the third quarter = 第三季度。,一般,阅读高频|经济主题|错句来源,quarter = 季度；the third quarter = 第三季度。,1,2026-06-22
20260622-039,2026-06-22,熟词僻义,turnover,2026-06-22-2011-english-i-text-2.md,"CEO turnover was down 23% from a year ago",人员更替率；人事变动率,turnover 在 CEO turnover 中指 CEO 人事更替率，不是营业额。,一般,阅读高频|熟词僻义|职场主题|错句来源,turnover 可指“营业额”，但 CEO turnover = CEO 更替率 / 人事变动率。,1,2026-06-22
20260622-040,2026-06-22,单词,nervous,2026-06-22-2011-english-i-text-2.md,"as nervous boards stuck with the leaders they had",担忧的；紧张不安的,nervous 在本句修饰 boards，指董事会因形势不稳而谨慎/担忧。,一般,阅读高频|态度表达|职场主题|错句来源,nervous = 担忧的 / 紧张不安的；nervous boards = 担忧的董事会。,1,2026-06-22
20260622-041,2026-06-22,句型,the leaders they had,2026-06-22-2011-english-i-text-2.md,"boards stuck with the leaders they had",他们原有的领导层；他们当时已有的领导者,the leaders they had 中 they had 是省略关系代词的后置定语，表示“他们已有的/原有的”。,一般,阅读高频|长难句结构|职场主题|错句来源,the leaders they had = 他们原有的领导层；名词后接 S + have/had 可作后置定语。,1,2026-06-22
20260622-042,2026-06-22,句型,as + 原因状语从句,2026-06-22-2011-english-i-text-2.md,"CEO turnover was down 23% from a year ago as nervous boards stuck with the leaders they had",因为；由于；随着语境下表示原因,as 可引导原因状语从句；本句解释 CEO 更替率下降的原因：董事会继续留用原有领导层。,一般,阅读高频|长难句结构|逻辑关系|错句来源,as + 句子可表示原因；看到结果句后接 as，要试着译成“因为/由于”。,1,2026-06-22
20260622-043,2026-06-22,单词,abound,2026-06-22-2011-english-i-text-2.md,"opportunities will abound for aspiring leaders",大量存在；充足；很多,abound 作谓语表示机会大量存在；opportunities abound = 机会很多/大量出现。,一般,阅读高频|经济主题|职场主题|错句来源,abound = 大量存在；opportunities abound = 机会很多 / 大量出现。,1,2026-06-22
20260622-044,2026-06-22,单词,aspiring,2026-06-22-2011-english-i-text-2.md,"aspiring leaders",有抱负的；有志向的；渴望成功的,aspiring 修饰人，表示有抱负的/有志向的；aspiring leaders = 有抱负的领导者。,一般,阅读高频|职场主题|态度表达|错句来源,aspiring = 有抱负的 / 有志向的；注意和 aspiration“抱负”联动记忆。,1,2026-06-22
20260622-045,2026-06-22,单词,unconventional,2026-06-22-2011-english-i-text-2.md,"The decision to quit a senior position to look for a better one is unconventional.",不合常规的；非传统的；不同寻常的,unconventional 评价某做法不符合通常惯例，不是 inconvenient“不方便的”。,一般,阅读高频|态度表达|易混表达|错句来源,unconventional = 不合常规的 / 非传统的；注意和 inconvenient“不方便的”区分。,1,2026-06-22
20260622-046,2026-06-22,单词,headhunter,2026-06-22-2011-english-i-text-2.md,"For years executives and headhunters have adhered to the rule...",猎头；高级人才招聘顾问,headhunter 在职场语境中指专门搜寻高级人才的人，不是普通猎人。,一般,阅读高频|职场主题|错句来源,headhunter = 猎头；和 poach / search / candidate 属于同一人才搜寻语义场。,1,2026-06-22
20260622-047,2026-06-22,单词,candidate,2026-06-22-2011-english-i-text-2.md,"the most attractive CEO candidates",候选人；候选对象,candidate 在 CEO candidates 中指 CEO 候选人，不是泛泛的申请人。,一般,阅读高频|职场主题|错句来源,candidate = 候选人；CEO candidate = CEO 候选人。,1,2026-06-22
20260622-048,2026-06-22,单词,poach,2026-06-22-2011-english-i-text-2.md,"the ones who must be poached",挖角；从别处挖走人才,poach 在职场语境中指从别的公司挖走人才，不是普通“偷猎/水煮”。,一般,阅读高频|熟词僻义|职场主题|错句来源,poach = 挖角 / 从别处挖人；本句 be poached = 被挖角。,1,2026-06-22
20260622-049,2026-06-22,词组,be poached,2026-06-22-2011-english-i-text-2.md,"the ones who must be poached",被挖角；被从别处挖走,be poached 是被动结构，说明最有吸引力的 CEO 候选人是必须从别处挖来的人。,一般,阅读高频|固定搭配|被动语态|职场主题|错句来源,be poached = 被挖角 / 被挖走；注意和 headhunter 语义场联动。,1,2026-06-22
20260622-050,2026-06-22,句型,the rule that...,2026-06-22-2011-english-i-text-2.md,"the rule that the most attractive CEO candidates are the ones who must be poached",……这一规则；规则内容是……,the rule that... 中 that 从句说明 rule 的具体内容，常按同位语从句处理，不是普通定语从句。,一般,阅读高频|长难句结构|同位语从句|错句来源,the rule that... = “……这一规则”；that 后面解释规则内容。,1,2026-06-22
20260622-051,2026-06-22,熟词僻义,partner,2026-06-22-2011-english-i-text-2.md,"Korn/Ferry senior partner Dennis Carey",合伙人；合伙人级别成员,partner 在咨询/律所/猎头公司语境中常指合伙人，不是普通“伙伴”。,一般,阅读高频|熟词僻义|职场主题|错句来源,partner = 合伙人；senior partner = 高级合伙人。,1,2026-06-22
20260622-052,2026-06-22,熟词僻义,search,2026-06-22-2011-english-i-text-2.md,"I can't think of a single search I've done...",人才搜寻；招聘寻访；猎头项目,search 在猎头语境中指一次人才搜寻/寻聘项目，不是普通“搜索一下”。,一般,阅读高频|熟词僻义|职场主题|错句来源,search = 人才搜寻 / 寻聘项目；a single search = 一次寻聘。,1,2026-06-22
20260622-053,2026-06-22,单词,instruct,2026-06-22-2011-english-i-text-2.md,"a board has not instructed me to look at sitting CEOs first",指示；命令；要求,instruct sb to do sth 表示指示/要求某人做某事；本句是董事会要求猎头先看在任 CEO。,一般,阅读高频|固定搭配|职场主题|错句来源,instruct sb to do sth = 指示 / 要求某人做某事。,1,2026-06-22
20260622-054,2026-06-22,句型,a single search I've done,2026-06-22-2011-english-i-text-2.md,"I can't think of a single search I've done",我做过的任何一次寻聘,I've done 是省略关系代词的定语从句，后置修饰 a single search。,一般,阅读高频|长难句结构|定语从句|错句来源,a single search I've done = 我做过的任何一次寻聘；名词后接 S + have done 可作后置定语。,1,2026-06-22
20260622-055,2026-06-22,句型,where + clause after search,2026-06-22-2011-english-i-text-2.md,"a single search I've done where a board has not instructed me...",在这次寻聘中……,where 可修饰抽象名词 search，表示“在这次寻聘中/在这种情况下”。,一般,阅读高频|长难句结构|定语从句|错句来源,search where... = 在这次寻聘中……；where 不只修饰地点，也可修饰抽象情境。,1,2026-06-22
20260622-056,2026-06-22,词组,sitting CEOs,2026-06-22-2011-english-i-text-2.md,"look at sitting CEOs first",在任 CEO；现任首席执行官,sitting CEOs 指仍在任职的 CEO，是猎头优先考虑的对象。,一般,阅读高频|职场主题|固定搭配|错句来源,sitting CEOs = 在任 CEO / 现任 CEO。,1,2026-06-22
20260622-057,2026-06-22,词组,look at sitting CEOs first,2026-06-22-2011-english-i-text-2.md,"instructed me to look at sitting CEOs first",优先考虑在任 CEO；先看在任 CEO,look at 在招聘语境中可表示考虑/评估候选人；本句指董事会要求先考虑在任 CEO。,一般,阅读高频|职场主题|固定搭配|错句来源,look at sitting CEOs first = 优先考虑在任 CEO。,1,2026-06-22
20260622-058,2026-06-22,词组,approved of,2026-06-22-2011-english-i-text-2.md,"[A] approved of.",被认可；被赞同,approve of 表示赞同/认可；本题中 approved of 不符合 poached 的猎头挖角语境。,一般,阅读高频|题目定位|固定搭配|错句来源,approve of = 赞同 / 认可；approved of = 被认可 / 被赞同。,1,2026-06-22
20260622-059,2026-06-22,词组,attended to,2026-06-22-2011-english-i-text-2.md,"[B] attended to.",被照料；被处理；被关注,attend to 表示处理/照料/关注，不是 participate in“参与”；本题中与 poached 的“被寻找/被挖角”不匹配。,一般,阅读高频|题目定位|固定搭配|错句来源,attend to = 处理 / 照料 / 关注；不要误解成“参与”。,1,2026-06-22
20260622-060,2026-06-22,词组,hunted for,2026-06-22-2011-english-i-text-2.md,"[C] hunted for.",被寻找；被搜寻,hunt for 表示寻找/搜寻；本题中 hunted for 与 headhunter/search/poached 同属人才搜寻语义场。,一般,阅读高频|题目定位|固定搭配|错句来源,hunt for = 寻找 / 搜寻；hunted for = 被寻找 / 被搜寻。,1,2026-06-22
20260622-061,2026-06-22,词组,guarded against,2026-06-22-2011-english-i-text-2.md,"[D] guarded against.",被防范；被提防,guard against 表示防范/提防，不是 again“再一次”，也不是 guarantee“担保”。,一般,阅读高频|题目定位|固定搭配|易混表达|错句来源,guard against = 防范 / 提防；guarded against = 被防范 / 被提防。,1,2026-06-22
20260622-062,2026-06-22,句型,those who...,2026-06-22-2011-english-i-text-2.md,"Those who jumped without a job...",那些……的人,those who... 是名词性结构，可整体作主语；who 从句修饰 those。,一般,阅读高频|长难句结构|定语从句|错句来源,those who... = 那些……的人；先把整个结构当主语处理。,1,2026-06-22
20260622-063,2026-06-22,词组,jump without a job,2026-06-22-2011-english-i-text-2.md,"Those who jumped without a job...",没找好工作就跳槽；无下家跳槽,jump 在职场语境中可指跳槽/离职；without a job 说明没有下家或没有新工作。,一般,阅读高频|职场主题|固定搭配|错句来源,jump without a job = 无下家跳槽 / 没有工作就离职。,1,2026-06-22
20260622-064,2026-06-22,词组,without a job,2026-06-22-2011-english-i-text-2.md,"Those who jumped without a job...",没有工作；没有下家,without a job 在本文语境中不是普通状态描写，而是说明跳槽时没有新职位保障。,一般,阅读高频|职场主题|固定搭配|错句来源,without a job = 没有工作 / 没有下家；结合裸辞语境理解。,1,2026-06-22
20260622-065,2026-06-22,熟词僻义,land,2026-06-22-2011-english-i-text-2.md,"haven't always landed in top positions quickly",获得；谋得；成功得到,land 在求职/职位语境中可表示获得职位或成功进入某位置，不是“降落”。,一般,阅读高频|熟词僻义|职场主题|错句来源,land a job / land in a position = 获得工作 / 得到职位。,1,2026-06-22
20260622-066,2026-06-22,词组,land in top positions,2026-06-22-2011-english-i-text-2.md,"haven't always landed in top positions quickly",获得高层职位；进入高位,land in top positions 表示获得高层职位/进入高位；本句是否定：并不总能很快获得高位。,一般,阅读高频|职场主题|固定搭配|错句来源,land in top positions = 获得高层职位 / 进入高位。,1,2026-06-22
20260622-067,2026-06-22,句型,It was + 时间段 + before...,2026-06-22-2011-english-i-text-2.md,"It was a year before she became head of a tiny Internet-based commodities exchange.",过了……才……,It was a year before... 强调时间间隔，表示“过了一年才……”，不是严格倒装句。,一般,阅读高频|长难句结构|时间表达|错句来源,It was + 时间段 + before... = 过了……才……；强调等了多长时间。,1,2026-06-22
20260622-068,2026-06-22,熟词僻义,head,2026-06-22-2011-english-i-text-2.md,"she became head of a tiny Internet-based commodities exchange",负责人；主管；首脑,head 在职务语境中指负责人/主管，不是身体部位“头”。,一般,阅读高频|熟词僻义|职场主题|错句来源,head = 负责人 / 主管；become head of... = 成为……的负责人。,1,2026-06-22
20260622-069,2026-06-22,词组,become head of,2026-06-22-2011-english-i-text-2.md,"she became head of a tiny Internet-based commodities exchange",成为……的负责人；成为……主管,become head of... 是职务表达，表示成为某机构或组织的负责人。,一般,阅读高频|固定搭配|职场主题|错句来源,become head of... = 成为……的负责人。,1,2026-06-22
20260622-070,2026-06-22,词组,commodities exchange,2026-06-22-2011-english-i-text-2.md,"a tiny Internet-based commodities exchange",商品交易所,commodities exchange 指商品交易所，交易对象通常是大宗商品或商品合约。,一般,阅读高频|经济主题|职场主题|错句来源,commodities exchange = 商品交易所。,1,2026-06-22
20260622-071,2026-06-22,词组,take a post,2026-06-22-2011-english-i-text-2.md,"He finally took that post at a major financial institution three years later.",担任某职位；接任某职位；获得某职位,take a post 在职位语境中表示担任/接任某职位；本句 took that post 指三年后终于担任了那个 CEO 职位。,一般,阅读高频|固定搭配|职场主题|错句来源,take a post = 担任 / 接任职位；that post 要回指前文的 CEO 职位。,1,2026-06-22
20260622-072,2026-06-22,单词,recruiter,2026-06-22-2011-english-i-text-2.md,"Many recruiters say the old disgrace is fading for top performers.",招聘人员；招聘顾问；招聘者,recruiter 指负责招聘的人；本文语境中是评价高管求职市场的招聘人员/猎头顾问。,一般,阅读高频|职场主题|人物身份|错句来源,recruiter = 招聘人员；和 headhunter 都属于招聘语境，但 recruiter 更宽泛。,1,2026-06-22
20260622-073,2026-06-22,单词,disgrace,2026-06-22-2011-english-i-text-2.md,"Many recruiters say the old disgrace is fading for top performers.",丢脸；耻辱；不光彩,disgrace 在本句中指高管裸辞或待业过去带来的“不体面/耻辱感”；the old disgrace is fading 表示这种旧污名正在淡化。,一般,阅读高频|抽象名词|职场主题|错句来源,disgrace = 耻辱 / 不光彩；the old disgrace is fading = 旧有污名正在淡化。,1,2026-06-22
20260622-074,2026-06-22,词组,be between jobs,2026-06-22-2011-english-i-text-2.md,"The financial crisis has made it more acceptable to be between jobs or to leave a bad one.",处于待业状态；处于两份工作之间的空档期,be between jobs 是固定表达，表示暂时没有工作/处于工作空档期；不要把 between 误看成连接 jobs 和后面的 to leave...,一般,阅读高频|固定搭配|职场主题|错句来源,be between jobs = 待业 / 工作空档期；整体识别，不要拆成 between A and B。,1,2026-06-22
20260622-075,2026-06-22,句型,make it + adj + to do A or to do B,2026-06-22-2011-english-i-text-2.md,"The financial crisis has made it more acceptable to be between jobs or to leave a bad one.",使做 A 或做 B 变得……,make it + adj + to do... 中 it 是形式宾语，真正内容是后面的不定式；本句中并列的是 to be between jobs 和 to leave a bad one。,一般,阅读高频|长难句结构|形式宾语|错句来源,make it + adj + to do... = 使做某事变得……；or 并列两个 to do。,1,2026-06-22
20260622-076,2026-06-22,词组,stay where you are,2026-06-22-2011-english-i-text-2.md,"The traditional rule was it's safer to stay where you are, but that's been fundamentally inverted.",留在原岗位；继续待在现职位,stay where you are 字面是待在你所在的地方，本文职场语境中指留在原岗位/继续待在现职位。,一般,阅读高频|固定搭配|职场主题|错句来源,stay where you are = 留在原岗位；不要只按地点字面翻译。,1,2026-06-22
20260622-077,2026-06-22,单词,fundamentally,2026-06-22-2011-english-i-text-2.md,"that's been fundamentally inverted",从根本上；彻底地,fundamentally 修饰 inverted，表示这条传统规则不是小幅改变，而是被根本性反转。,一般,阅读高频|抽象副词|态度变化|错句来源,fundamentally = 从根本上 / 彻底地；常修饰 changed/inverted/flawed 等词。,1,2026-06-22
20260622-078,2026-06-22,词组,be fundamentally inverted,2026-06-22-2011-english-i-text-2.md,"that's been fundamentally inverted",被彻底颠覆；被根本性反转,be fundamentally inverted 表示某种规则/观念被从根本上颠倒或反转；本句指“留在原岗位更安全”的传统规则已被颠覆。,一般,阅读高频|固定搭配|态度变化|职场主题|错句来源,be fundamentally inverted = 被彻底颠覆 / 被根本性反转；that 要回指前文规则。,1,2026-06-22
20260622-079,2026-06-22,句型,has/have been + done,2026-06-22-2011-english-i-text-2.md,"that's been fundamentally inverted; who've been hurt",已经被……；现在完成时被动,has/have been + 过去分词构成现在完成时被动语态；that's been fundamentally inverted = that has been fundamentally inverted；who've been hurt = who have been hurt。,一般,阅读高频|长难句结构|被动语态|错句来源,has/have been + done = 已经被……；先识别时态语态，再翻译动作结果。,2,2026-06-22
20260622-080,2026-06-22,词组,hurt the worst,2026-06-22-2011-english-i-text-2.md,"The people who've been hurt the worst are those who've stayed too long.",受伤害最深；受损害最严重,hurt the worst 中 the worst 作程度状语，表示受伤害/受损害的程度最严重；不要把 worst 单独误解为“最坏的人”。,一般,阅读高频|程度表达|职场主题|错句来源,hurt the worst = 受害最深 / 受损最严重；worst 修饰 hurt 的程度。,1,2026-06-22
20260622-081,2026-06-22,单词,loyalty,2026-06-22-2011-english-i-text-2.md,"[B] loyalty of top performers is getting out-dated.",忠诚；忠诚度,loyalty 在选项中表示忠诚/忠诚度；本题中它是选项额外加入的评价，不能直接等同于 stay where you are。,一般,阅读高频|题目定位|抽象名词|错句来源,loyalty = 忠诚 / 忠诚度；不要把“留在岗位”直接偷换成“忠诚”。,1,2026-06-22
20260622-082,2026-06-22,单词,out-dated,2026-06-22-2011-english-i-text-2.md,"[B] loyalty of top performers is getting out-dated.",过时的；不合时宜的,out-dated 表示过时的/不合时宜的；本题 B 项虽有“旧规则不再成立”的影子，但 loyalty 是过度推断。,一般,阅读高频|题目定位|态度变化|错句来源,out-dated = 过时的；注意区分“规则被颠覆”和“忠诚过时”。,1,2026-06-22
20260622-083,2026-06-22,词组,care more about,2026-06-22-2011-english-i-text-2.md,"[C] top performers care more about reputations.",更重视；更在意,care more about 表示更重视/更在意；本题 C 项把第 2 段 reputation 话题挪到最后一段，和第 29 题定位不匹配。,一般,阅读高频|题目定位|固定搭配|错句来源,care more about = 更重视 / 更在意；先确认题目定位段再匹配选项。,1,2026-06-22
20260622-084,2026-06-22,词组,where to go,2026-06-22-2011-english-i-text-2.md,"[A] CEOs: Where to Go?",去往何方；往哪里去,where to go 表示去哪里/去往何方；标题选项中把焦点放在 CEO 的去向上，范围偏窄。,一般,阅读高频|题目定位|标题题|错句来源,where to go = 去往何方；标题题中注意它是否覆盖全文中心。,1,2026-06-22
20260622-085,2026-06-22,词组,all the way up,2026-06-22-2011-english-i-text-2.md,"[B] CEOs: All the Way Up?",一路向上；一路高升,all the way up 表示一路向上/一路高升；本题 B 项只突出晋升方向，不能覆盖全文的裸辞风险和规则变化。,一般,阅读高频|题目定位|固定搭配|错句来源,all the way up = 一路向上 / 一路高升；不要把标题题缩成单一晋升主题。,1,2026-06-22
20260622-086,2026-06-22,词组,the only way out,2026-06-22-2011-english-i-text-2.md,"[D] The Only Way Out for Top Performers",唯一出路；唯一办法,the only way out 表示唯一出路/唯一办法；本题 D 项的 only 过于绝对，文章没有说裸辞是顶尖人才唯一出路。,一般,阅读高频|题目定位|固定搭配|错句来源,the only way out = 唯一出路；警惕标题选项中的绝对化 only。,1,2026-06-22
20260703-001,2026-07-03,词组,rough guide,2026-07-03-2011-english-i-text-3.md,The rough guide to marketing success used to be that you got what you paid for.,大致准则；粗略规则,rough guide 在本句中不是“粗糙的指南” 而是概括性的“大致准则”。,一般,阅读高频|熟词僻义|错句来源|Text3-S01,rough guide = 大致准则；不要逐词拆成 rough=粗糙 guide=指南。,1,2026-07-03
20260703-002,2026-07-03,熟词僻义,rough,2026-07-03-2011-english-i-text-3.md,The rough guide to marketing success used to be that you got what you paid for.,大致的；粗略的,rough 修饰 guide 时表示粗略的/大致的 不一定是物理表面的粗糙。,一般,阅读高频|熟词僻义|错句来源|Text3-S01,rough 在抽象名词前常表示“大致的/粗略的”。,1,2026-07-03
20260703-003,2026-07-03,熟词僻义,guide,2026-07-03-2011-english-i-text-3.md,The rough guide to marketing success used to be that you got what you paid for.,准则；指导原则,guide 在本句中指指导性规则 不是旅游指南或操作手册。,一般,阅读高频|熟词僻义|错句来源|Text3-S01,guide 可表示“准则/指导原则”；要结合后面的 to marketing success 判断抽象义。,1,2026-07-03
20260703-004,2026-07-03,词组,used to be,2026-07-03-2011-english-i-text-3.md,The rough guide to marketing success used to be that you got what you paid for.,过去曾经是,used to be 是“过去曾经是”的系表结构 不是 be used to 的被动或习惯结构。,一般,阅读高频|固定搭配|长难句结构|错句来源|Text3-S01,used to be 后面接表语内容；不要误读成“过去被使用”。,1,2026-07-03
20260703-005,2026-07-03,词组,get what you pay for,2026-07-03-2011-english-i-text-3.md,The rough guide to marketing success used to be that you got what you paid for.,一分钱一分货；花多少钱得到多少效果,本句用过去式 got what you paid for 表示旧营销规则下投入与回报相对应。,一般,阅读高频|固定搭配|错句来源|Text3-S01,get what you pay for = 一分钱一分货；what 从句整体是 get 的宾语。,1,2026-07-03
20260703-006,2026-07-03,词组,no longer,2026-07-03-2011-english-i-text-3.md,No longer.,不再；不再如此,No longer 是承接上文的省略句 完整理解为 That is no longer true 或 It is no longer the case。,一般,阅读高频|省略句|篇章转折|错句来源|Text3-S02,no longer 承接上文时要补出“这种情况不再成立”。,1,2026-07-03
20260703-007,2026-07-03,熟词僻义,while,2026-07-03-2011-english-i-text-3.md,"While traditional ""paid"" media - such as television commercials and print advertisements - still play a major role, companies today can exploit many alternative forms of media.",虽然；尽管,while 在本句中引导让步状语从句 不是时间状语从句。,一般,阅读高频|熟词僻义|让步状语|错句来源|Text3-S03,while 可表示“虽然/尽管”；看到主句转折时不要默认译成“当……时候”。,1,2026-07-03
20260703-008,2026-07-03,熟词僻义,commercial,2026-07-03-2011-english-i-text-3.md,"While traditional ""paid"" media - such as television commercials and print advertisements - still play a major role, companies today can exploit many alternative forms of media.",广告,commercial 作名词时可以表示商业广告 本句在 television commercials 中指电视广告。,一般,阅读高频|熟词僻义|媒介主题|错句来源|Text3-S03,commercial 不只表示“商业的”；作名词常指广告。,1,2026-07-03
20260703-009,2026-07-03,词组,television commercials,2026-07-03-2011-english-i-text-3.md,"While traditional ""paid"" media - such as television commercials and print advertisements - still play a major role, companies today can exploit many alternative forms of media.",电视广告,television commercials 是传统 paid media 的例子 指电视广告。,一般,阅读高频|媒介主题|固定搭配|错句来源|Text3-S03,television commercials = 电视广告；commercials 在这里是名词。,1,2026-07-03
20260703-010,2026-07-03,熟词僻义,print,2026-07-03-2011-english-i-text-3.md,"While traditional ""paid"" media - such as television commercials and print advertisements - still play a major role, companies today can exploit many alternative forms of media.",平面的；印刷的,print 修饰 advertisements 时表示印刷/平面媒介 不是动词“打印”。,一般,阅读高频|熟词僻义|媒介主题|错句来源|Text3-S03,print advertisements 里的 print = 平面/印刷；不要按“打印”处理。,1,2026-07-03
20260703-011,2026-07-03,词组,print advertisements,2026-07-03-2011-english-i-text-3.md,"While traditional ""paid"" media - such as television commercials and print advertisements - still play a major role, companies today can exploit many alternative forms of media.",平面广告；印刷广告,print advertisements 是传统 paid media 的例子 指平面广告或印刷广告。,一般,阅读高频|媒介主题|固定搭配|错句来源|Text3-S03,print advertisements = 平面广告；关键是 print 的媒介属性。,1,2026-07-03
20260703-012,2026-07-03,单词,exploit,2026-07-03-2011-english-i-text-3.md,"While traditional ""paid"" media - such as television commercials and print advertisements - still play a major role, companies today can exploit many alternative forms of media.",利用；开发利用,exploit 在本句中是主句谓语 表示企业可以利用多种媒介形式。,一般,阅读高频|动作谓语|媒介主题|错句来源|Text3-S03,exploit = 利用/开发利用；阅读中先落到主句动作。,1,2026-07-03
20260703-013,2026-07-03,单词,alternative,2026-07-03-2011-english-i-text-3.md,"While traditional ""paid"" media - such as television commercials and print advertisements - still play a major role, companies today can exploit many alternative forms of media.",替代性的；可供选择的,alternative 修饰 forms of media 表示传统付费媒介之外的替代媒介形式。,一般,阅读高频|媒介主题|对比关系|错句来源|Text3-S03,alternative = 替代性的/可供选择的；注意它承接 traditional paid media 之外的对比。,1,2026-07-03
20260703-014,2026-07-03,词组,alternative forms of media,2026-07-03-2011-english-i-text-3.md,"While traditional ""paid"" media - such as television commercials and print advertisements - still play a major role, companies today can exploit many alternative forms of media.",替代性的媒介形式,alternative forms of media 是主句宾语整体 指付费媒介之外的其他媒介形式。,一般,阅读高频|媒介主题|固定搭配|错句来源|Text3-S03,alternative forms of media = 替代性的媒介形式；核心名词是 forms。,1,2026-07-03
20260703-015,2026-07-03,词组,passionate about,2026-07-03-2011-english-i-text-3.md,Consumers passionate about a product,热衷于；对……充满热情,passionate about a product 是后置形容词短语 修饰 Consumers。,一般,阅读高频|后置定语|媒介主题|错句来源|Text3-S04,passionate about = 热衷于；注意名词后面的形容词短语可以作后置定语。,1,2026-07-03
20260703-016,2026-07-03,单词,willingly,2026-07-03-2011-english-i-text-3.md,by willingly promoting it to friends,自愿地；主动地,willingly 表示主动自愿地 不是“希望”。,一般,阅读高频|方式状语|错句来源|Text3-S04,willingly = 自愿地/主动地；不要误解成 want/hope。,1,2026-07-03
20260703-017,2026-07-03,词组,promote ... to ...,2026-07-03-2011-english-i-text-3.md,by willingly promoting it to friends,向……推荐 / 推广……,promoting it to friends 中 it 指 a product 动作方向是向朋友推荐产品。,一般,阅读高频|固定搭配|代词指代|错句来源|Text3-S04,promote A to B = 向 B 推广/推荐 A；先找清 A 的指代。,1,2026-07-03
20260703-018,2026-07-03,词组,earned media,2026-07-03-2011-english-i-text-3.md,"may create ""earned"" media by willingly promoting it to friends",赢得媒介；口碑媒介,earned media 在本文指由消费者主动推荐形成的口碑媒介。,一般,阅读高频|媒介主题|核心概念|Text3-S04,earned media = 消费者主动传播形成的口碑/赢得媒介。,1,2026-07-03
20260703-019,2026-07-03,单词,leverage,2026-07-03-2011-english-i-text-3.md,"a company may leverage ""owned"" media by sending e-mail alerts about products and sales to customers registered with its Web site",利用；充分发挥作用,leverage 在本句中是动词 与 may 构成谓语部分 表示利用 owned media。,一般,阅读高频|动作谓语|媒介主题|错句来源|Text3-S04,leverage = 利用/充分发挥作用；不要误读成 level 或“等级”。,1,2026-07-03
20260703-020,2026-07-03,词组,owned media,2026-07-03-2011-english-i-text-3.md,"a company may leverage ""owned"" media by sending e-mail alerts about products and sales to customers registered with its Web site",自有媒介,owned media 在本文指企业自建并可控制的媒介渠道。,一般,阅读高频|媒介主题|核心概念|Text3-S04,owned media = 企业自有媒介；常见例子是网站和邮件触达。,1,2026-07-03
20260703-021,2026-07-03,词组,e-mail alerts,2026-07-03-2011-english-i-text-3.md,sending e-mail alerts about products and sales,电子邮件提醒,e-mail alerts 指通过邮件发送的提醒信息 内容由 about products and sales 说明。,一般,阅读高频|媒介主题|固定搭配|错句来源|Text3-S04,e-mail alerts = 电子邮件提醒；alerts 是名词“提醒”。,1,2026-07-03
20260703-022,2026-07-03,熟词僻义,alert,2026-07-03-2011-english-i-text-3.md,sending e-mail alerts about products and sales,提醒；提示,alert 作名词时表示提醒或提示 本句复数 alerts 指邮件提醒。,一般,阅读高频|熟词僻义|媒介主题|错句来源|Text3-S04,alert 不只表示“警觉的”；作名词可表示提醒/提示。,1,2026-07-03
20260703-023,2026-07-03,词组,registered with,2026-07-03-2011-english-i-text-3.md,customers registered with its Web site,在……注册,registered with its Web Site 是过去分词短语后置修饰 customers。,一般,阅读高频|后置定语|固定搭配|错句来源|Text3-S04,registered with = 在……注册；注意过去分词短语后置修饰前面的名词。,1,2026-07-03
20260703-024,2026-07-03,熟词僻义,approach,2026-07-03-2011-english-i-text-3.md,The way consumers now approach the process of making purchase decisions,处理；对待；着手处理,approach 在本句中是动词 表示消费者如何处理购买决策过程 不是“吸引”。,一般,阅读高频|熟词僻义|错句来源|Text3-S05,approach 作动词可表示“处理/对待/着手处理”；不要误读为 attract。,1,2026-07-03
20260703-025,2026-07-03,词组,a broad range of,2026-07-03-2011-english-i-text-3.md,marketing's impact stems from a broad range of factors,广泛的一系列；范围很广的,a broad range of 修饰 factors 表示因素范围很广。,一般,阅读高频|范围表达|固定搭配|错句来源|Text3-S05,a broad range of = 广泛的一系列；整体看作数量/范围短语。,1,2026-07-03
20260703-026,2026-07-03,熟词僻义,beyond,2026-07-03-2011-english-i-text-3.md,factors beyond conventional paid media,超出……之外,beyond 在本句中作介词 表示超出传统付费媒介之外。,一般,阅读高频|后置定语|熟词僻义|错句来源|Text3-S05,beyond + N 可后置修饰名词，表示“超出……之外的”。,1,2026-07-03
20260703-027,2026-07-03,词组,beyond conventional paid media,2026-07-03-2011-english-i-text-3.md,factors beyond conventional paid media,超出传统付费媒介之外,beyond conventional paid media 后置修饰 factors 表示这些因素不局限于传统付费媒介。,一般,阅读高频|媒介主题|后置定语|错句来源|Text3-S05,beyond conventional paid media = 超出传统付费媒介之外；翻译时挂回前面的 factors。,1,2026-07-03
20260703-028,2026-07-03,词组,be inspired by,2026-07-03-2011-english-i-text-3.md,inspired by product-promoting e-mails sent to them,受到……启发 / 激发,be inspired by 表示受到某事启发或激发 Q31-B 中是受到产品促销邮件的启发。,一般,阅读高频|题目选项|被动结构|错句来源|Text3-Q31,B 选项中 inspired by 不是“主动鼓舞别人” 而是“受到……启发”。,1,2026-07-03
20260703-029,2026-07-03,词组,sent to them,2026-07-03-2011-english-i-text-3.md,inspired by product-promoting e-mails sent to them,发给他们的,sent to them 是过去分词短语后置修饰 e-mails 表示“发给他们的邮件”。,一般,阅读高频|题目选项|后置定语|已归句式卡SP-005|错句来源|Text3-Q31,sent to them 要挂回前面的 e-mails；结构相当于 e-mails that were sent to them。,1,2026-07-03
20260703-030,2026-07-03,熟词僻义,feature,2026-07-03-2011-english-i-text-3.md; 2026-07-10-2011-english-i-text-4.md,"According to Paragraph 2 sold media feature; Practically every week features at least one celebrity mom",以……为特征；重点展示；刊登,feature 作动词可表示以某物为特色；媒体语境中还可表示重点展示或刊登。,一般,阅读高频|题干表达|熟词僻义|媒体主题|Text4-S06,先按句中位置判断词性；every week 是主语时 features 是谓语动词而不是名词“特点”。,2,2026-08-06
20260703-031,2026-07-03,词组,sold media,2026-07-03-2011-english-i-text-3.md,"According to Paragraph 2, sold media feature",出售媒介,sold media 在本文指由强流量 owned media 出售广告空间后形成的媒介类型。,一般,阅读高频|媒介主题|核心概念|题干表达|错句来源|Text3-Q32,sold media = 出售媒介；sold 来自 sell 不是 solid“坚硬的”。,1,2026-07-03
20260703-032,2026-07-03,词组,promoting their own products,2026-07-03-2011-english-i-text-3.md,Paid and owned media are controlled by marketers promoting their own products.,推广他们自己的产品,promoting their own products 是现在分词短语后置修饰 marketers 表示“推广自身产品的营销人员”。,一般,阅读高频|后置定语|现在分词|媒介主题|错句来源|Text3-S06,promoting their own products 要挂回 marketers；结构相当于 marketers who promote their own products。,1,2026-07-03
20260703-033,2026-07-03,单词,initiator,2026-07-03-2011-english-i-text-3.md,For earned media such marketers act as the initiator for users' responses.,发起者；引发者,initiator 在 S07 中作 act as 的宾语 表示营销人员充当用户回应的发起者。,一般,阅读高频|媒介主题|角色表达|错句来源|Text3-S07,initiator = 发起者/引发者；act as the initiator 可译为“充当发起者”。,1,2026-07-03
20260703-034,2026-07-03,单词,retailer,2026-07-03-2011-english-i-text-3.md,when an e-commerce retailer sells ad space on its Web site,零售商,retailer 在 S08 例子中指一家电子商务零售商 S10 中复数 retailers 指零售商群体。,一般,阅读高频|商业主题|媒介主题|错句来源|Text3-S08|Text3-S10,retailer = 零售商；retailers 是复数 注意和 retail“零售”关联记忆。,2,2026-07-03
20260703-035,2026-07-03,词组,e-commerce retailer,2026-07-03-2011-english-i-text-3.md,when an e-commerce retailer sells ad space on its Web site,电子商务零售商,e-commerce retailer 是破折号后举例中的主体 指在网站上出售广告空间的电商零售商。,一般,阅读高频|商业主题|媒介主题|固定搭配|错句来源|Text3-S08,e-commerce retailer = 电子商务零售商；核心名词是 retailer。,1,2026-07-03
20260703-036,2026-07-03,单词,ad,2026-07-03-2011-english-i-text-3.md,when an e-commerce retailer sells ad space on its Web site,广告,ad 是 advertisement 的缩写 在 ad space 中表示广告。,一般,阅读高频|媒介主题|缩写|错句来源|Text3-S08,ad = advertisement；ad space = 广告空间。,1,2026-07-03
20260703-037,2026-07-03,词组,ad space,2026-07-03-2011-english-i-text-3.md,when an e-commerce retailer sells ad space on its Web site,广告空间,ad space 指网站或媒介上可出售给广告主投放广告的位置或空间。,一般,阅读高频|媒介主题|商业主题|固定搭配|错句来源|Text3-S08,ad space = 广告空间；sell ad space = 出售广告空间。,1,2026-07-03
20260703-038,2026-07-03,熟词僻义,traffic,2026-07-03-2011-english-i-text-3.md,owned media whose traffic is so strong that other organizations place their content or e-commerce engines within that environment,网站流量；访问量,traffic 在 S09 中不是交通 而是网站或媒介的用户流量/访问量 是 sold media 定义的关键条件；S12 中 user traffic 指用户流量。,一般,阅读高频|熟词僻义|媒介主题|题目定位|错句来源|Text3-S09|Text3-S12,traffic 在网站/媒介语境中常指“流量/访问量”；strong traffic = 流量强/访问量大；user traffic = 用户流量。,2,2026-07-03
20260703-039,2026-07-03,熟词僻义,place,2026-07-03-2011-english-i-text-3.md,other organizations place their content or e-commerce engines within that environment,放置；放入,place 在 S09 中作动词 表示其他组织把内容或电商引擎放入该环境中。,一般,阅读高频|熟词僻义|动作谓语|错句来源|Text3-S09,place 不只作名词“地点”；作动词时可表示“放置/放入”。,1,2026-07-03
20260703-040,2026-07-03,词组,place ... within ...,2026-07-03-2011-english-i-text-3.md,other organizations place their content or e-commerce engines within that environment,把……放入……之中,place ... within ... 在 S09 中表示把自己的内容或电子商务引擎放入某个媒介环境中。,一般,阅读高频|固定搭配|动作谓语|错句来源|Text3-S09,place A within B = 把 A 放入 B 之中；先找清 place 的宾语和地点状语。,1,2026-07-03
20260703-041,2026-07-03,词组,e-commerce engines,2026-07-03-2011-english-i-text-3.md,other organizations place their content or e-commerce engines within that environment,电子商务引擎；电商交易系统,e-commerce engines 在 S09 中指其他组织可嵌入该媒介环境的电商功能/交易系统。,一般,阅读高频|商业主题|媒介主题|固定搭配|错句来源|Text3-S09,engine 在技术/平台语境中可指“引擎/系统”，不是机械发动机。,1,2026-07-03
20260703-042,2026-07-03,熟词僻义,effectively,2026-07-03-2011-english-i-text-3.md,"This trend, which we believe is still in its infancy, effectively began with retailers and travel providers such as airlines and hotels and will no doubt go further.",实际上；实质上,effectively 在 S10 中不是“高效率地” 而是表示实质上/实际上 开启后面的 began with。,一般,阅读高频|熟词僻义|动作谓语|错句来源|Text3-S10,effectively 可表示 in effect/实际上；不要按 efficient 理解成“高效率地”。,1,2026-07-03
20260703-043,2026-07-03,词组,in its infancy,2026-07-03-2011-english-i-text-3.md,which we believe is still in its infancy,处于萌芽阶段；处于初期,in its infancy 表示某趋势或事物仍处在早期发展阶段 不是把 infancy 按婴儿字面硬译。,一般,阅读高频|固定搭配|发展阶段|错句来源|Text3-S10,in its infancy = 处于萌芽/初期阶段；常修饰 trend/industry/market 等抽象发展对象。,1,2026-07-03
20260703-044,2026-07-03,词组,travel providers,2026-07-03-2011-english-i-text-3.md,retailers and travel providers such as airlines and hotels,旅游服务提供商,travel providers 指提供旅行相关服务的机构 后面的 airlines and hotels 是例子。,一般,阅读高频|商业主题|媒介主题|固定搭配|错句来源|Text3-S10,travel providers = 旅游服务提供商；such as 后面列举具体类型。,1,2026-07-03
20260703-045,2026-07-03,单词,airlines,2026-07-03-2011-english-i-text-3.md,travel providers such as airlines and hotels,航空公司,airlines 在 S10 中指航空公司 是 travel providers 的例子 不是 airports“机场”。,一般,阅读高频|商业主题|易混词|错句来源|Text3-S10,airlines = 航空公司；airports = 机场 注意不要看混。,1,2026-07-03
20260703-046,2026-07-03,词组,airlines and hotels,2026-07-03-2011-english-i-text-3.md,travel providers such as airlines and hotels,航空公司和酒店,airlines and hotels 是 such as 后的并列例子 用来说明 travel providers 的范围。,一般,阅读高频|商业主题|并列名词|错句来源|Text3-S10,原文是 airlines and hotels 即航空公司和酒店；不是 airports and hotels。,1,2026-07-03
20260703-047,2026-07-03,词组,go further,2026-07-03-2011-english-i-text-3.md,will no doubt go further,继续发展；更进一步,go further 在 S10 中表示这种趋势还会继续发展 不是简单的空间距离“走得更远”。,一般,阅读高频|发展趋势|固定搭配|错句来源|Text3-S10,will no doubt go further = 无疑还会继续发展；no doubt 修饰确定性 go further 表示发展推进。,1,2026-07-03
20260703-048,2026-07-03,词组,effectively began with,2026-07-03-2011-english-i-text-3.md,effectively began with retailers and travel providers such as airlines and hotels,实际上始于；实质上始于,effectively began with 是 S10 第一个并列谓语的核心 表示趋势实际从某些行业开始。,一般,阅读高频|动作谓语|发展起点|错句来源|Text3-S10,effectively began with = 实际上/实质上始于；先整体识别 began with 再处理宾语并列。,1,2026-07-03
20260703-049,2026-07-03,词组,stand-alone,2026-07-03-2011-english-i-text-3.md,"Johnson & Johnson, for example, has created BabyCenter, a stand-alone media property that promotes complementary and even competitive products.",独立的；单独运行的,stand-alone 修饰 media property 表示 BabyCenter 是独立运行的媒介资产。,一般,阅读高频|商业主题|媒介主题|错句来源|Text3-S11,stand-alone = 独立的/单独运行的；后面通常修饰 system/company/property 等名词。,1,2026-07-03
20260703-050,2026-07-03,词组,media property,2026-07-03-2011-english-i-text-3.md,"Johnson & Johnson, for example, has created BabyCenter, a stand-alone media property that promotes complementary and even competitive products.",媒介资产；媒体平台,media property 在 S11 中指企业拥有或运营的独立媒体资产/平台 不是普通“房产”。,一般,阅读高频|媒介主题|熟词僻义|错句来源|Text3-S11,property 在商业/媒体语境中可指资产；media property = 媒介资产/媒体平台。,1,2026-07-03
20260703-051,2026-07-03,词组,stand-alone media property,2026-07-03-2011-english-i-text-3.md,"Johnson & Johnson, for example, has created BabyCenter, a stand-alone media property that promotes complementary and even competitive products.",独立媒介资产；独立媒体平台,stand-alone media property 是 BabyCenter 的同位语 说明它是一个独立运行的媒介资产。,一般,阅读高频|媒介主题|商业主题|同位语|错句来源|Text3-S11,不要把 property 误解成“产品”；这里是媒介资产/媒体平台。,1,2026-07-03
20260703-052,2026-07-03,单词,complementary,2026-07-03-2011-english-i-text-3.md,that promotes complementary and even competitive products,互补性的,complementary 修饰 products 表示与自身产品互相补充的产品。,一般,阅读高频|商业主题|形容词|错句来源|Text3-S11,complementary = 互补性的；常与 products/services/skills 搭配。,1,2026-07-03
20260703-053,2026-07-03,单词,competitive,2026-07-03-2011-english-i-text-3.md,that promotes complementary and even competitive products,竞争性的；竞争对手的,competitive 修饰 products 表示与自身产品存在竞争关系的产品。,一般,阅读高频|商业主题|形容词|错句来源|Text3-S11,competitive products = 竞争性产品/竞争对手产品；注意和 complementary 形成递进对比。,1,2026-07-03
20260703-054,2026-07-03,词组,complementary and even competitive products,2026-07-03-2011-english-i-text-3.md,that promotes complementary and even competitive products,互补性甚至竞争性的产品,complementary and even competitive products 中 even 强调竞争性产品更出乎意料 体现递进语气。,一般,阅读高频|商业主题|递进关系|错句来源|Text3-S11,even 要翻出“甚至”的递进语气；从互补性产品推进到更意外的竞争性产品。,1,2026-07-03
20260703-055,2026-07-03,词组,besides doing,2026-07-03-2011-english-i-text-3.md,Besides generating income,除了做某事之外,besides doing 放在句首 表示除前一项作用之外 还要引出后面的补充作用。,一般,阅读高频|介词短语|句首状语|错句来源|Text3-S12,besides + doing = 除了做某事之外；后面主句通常补充其他作用或结果。,1,2026-07-03
20260703-056,2026-07-03,词组,besides generating income,2026-07-03-2011-english-i-text-3.md,Besides generating income,除了产生收入之外,Besides generating income 是句首介词短语状语 表示除产生收入外还有后续好处。,一般,阅读高频|媒介主题|句首状语|错句来源|Text3-S12,先把 Besides generating income 整体译成“除了产生收入之外”，再看主句列举的三个效果。,1,2026-07-03
20260703-057,2026-07-03,词组,the presence of,2026-07-03-2011-english-i-text-3.md,the presence of other marketers,……的存在,the presence of ... 可作抽象名词主语 表示某类人/物的存在。,一般,阅读高频|抽象名词|长主语|错句来源|Text3-S12,the presence of other marketers 整体作主语；不要只盯后面的 marketers。,1,2026-07-03
20260703-058,2026-07-03,词组,the presence of other marketers,2026-07-03-2011-english-i-text-3.md,the presence of other marketers,其他营销者的存在,the presence of other marketers 是 S12 的主语 原文是 marketers 不是 consumers。,一般,阅读高频|长主语|媒介主题|错句来源|Text3-S12,主语是“其他营销者的存在”；other marketers 不能误看成 other consumers。,1,2026-07-03
20260703-059,2026-07-03,单词,valuable,2026-07-03-2011-english-i-text-3.md,valuable information about the appeal of other companies' marketing,有价值的,valuable 修饰 information 表示有价值的信息 不是 sensitive“敏感的”。,一般,阅读高频|形容词|易混义|错句来源|Text3-S12,valuable = 有价值的；sensitive = 敏感的 二者不要混淆。,1,2026-07-03
20260703-060,2026-07-03,词组,valuable information,2026-07-03-2011-english-i-text-3.md,valuable information about the appeal of other companies' marketing,有价值的信息,valuable information 是第二个并列谓语 gives 的宾语内部信息内容。,一般,阅读高频|信息表达|错句来源|Text3-S12,valuable information = 有价值的信息；不是“敏感信息”。,1,2026-07-03
20260703-061,2026-07-03,熟词僻义,appeal,2026-07-03-2011-english-i-text-3.md,the appeal of other companies' marketing,吸引力；感染力,appeal 在 S12 中是名词 表示其他公司营销活动的吸引力 不是上诉。,一般,阅读高频|熟词僻义|商业主题|错句来源|Text3-S12,appeal 作名词可表示“吸引力”；the appeal of A = A 的吸引力。,1,2026-07-03
20260703-062,2026-07-03,词组,the appeal of,2026-07-03-2011-english-i-text-3.md,the appeal of other companies' marketing,……的吸引力,the appeal of ... 表示某事物的吸引力 本句说明信息的内容。,一般,阅读高频|固定搭配|商业主题|错句来源|Text3-S12,the appeal of other companies' marketing = 其他公司营销活动的吸引力。,1,2026-07-03
20260703-063,2026-07-03,词组,other companies' marketing,2026-07-03-2011-english-i-text-3.md,the appeal of other companies' marketing,其他公司的营销；其他公司的营销活动,other companies' marketing 中 marketing 指营销活动/营销方式 不是市场本身。,一般,阅读高频|商业主题|媒介主题|错句来源|Text3-S12,marketing 在这里是“营销/营销活动”；other companies' marketing = 其他公司的营销活动。,1,2026-07-03
20260703-064,2026-07-03,词组,the appeal of other companies' marketing,2026-07-03-2011-english-i-text-3.md,the appeal of other companies' marketing,其他公司营销活动的吸引力,该短语是 valuable information about 后面的信息内容 表示企业可以了解其他公司营销活动的吸引力。,一般,阅读高频|商业主题|固定搭配|错句来源|Text3-S12,先把 about 后面的内容整体挂回 information：关于“其他公司营销活动吸引力”的信息。,1,2026-07-03
20260703-065,2026-07-03,词组,expand user traffic,2026-07-03-2011-english-i-text-3.md,may help expand user traffic for all companies concerned,扩大用户流量；增加用户流量,expand user traffic 是第三个并列谓语中的核心动作 表示帮助扩大用户流量。,一般,阅读高频|媒介主题|动作谓语|错句来源|Text3-S12,expand user traffic = 扩大/增加用户流量；expand 的宾语是 user traffic。,1,2026-07-03
20260703-066,2026-07-03,熟词僻义,concerned,2026-07-03-2011-english-i-text-3.md,all companies concerned,相关的；有关的,concerned 后置修饰 companies 时表示相关的/有关的 不是“担心的”。,一般,阅读高频|熟词僻义|后置定语|错句来源|Text3-S12,companies concerned = 相关公司；concerned 后置时常表示 involved/relevant。,1,2026-07-03
20260703-067,2026-07-03,词组,companies concerned,2026-07-03-2011-english-i-text-3.md,all companies concerned,相关公司,companies concerned 中 concerned 是后置形容词 修饰 companies 表示相关的公司。,一般,阅读高频|后置定语|商业主题|错句来源|Text3-S12,concerned 放在名词后面时多译为“相关的/有关的”；不要译成“担心的公司”。,1,2026-07-03
20260703-068,2026-07-03,词组,for all companies concerned,2026-07-03-2011-english-i-text-3.md,may help expand user traffic for all companies concerned,为所有相关公司；对所有相关公司而言,for all companies concerned 是第三个并列谓语的范围/受益对象 说明扩大用户流量惠及所有相关公司。,一般,阅读高频|后置定语|商业主题|错句来源|Text3-S12,for all companies concerned = 为所有相关公司；all 修饰 companies concerned 这个整体。,1,2026-07-03
20260703-069,2026-07-03,单词,dramatic,2026-07-03-2011-english-i-text-3.md,The same dramatic technological changes,重大的；显著的,dramatic 修饰 technological changes 表示变化程度大或影响显著 不是 electronic。,一般,阅读高频|形容词|易混义|错句来源|Text3-S13,dramatic 在阅读中常可译为重大/显著；不要被“戏剧的”或相近形误带偏。,1,2026-07-03
20260703-070,2026-07-03,词组,the same,2026-07-03-2011-english-i-text-3.md,The same dramatic technological changes,同样的；这些同样的,the same 在 S13 中承接上文 指同样这些技术变革既带来传播选择 也带来风险。,一般,阅读高频|篇章衔接|错句来源|Text3-S13,the same 不是可有可无的修饰词；在长主语中要翻出“同样这些”。,1,2026-07-03
20260703-071,2026-07-03,词组,provide A with B,2026-07-03-2011-english-i-text-3.md,that have provided marketers with more (and more diverse) communications choices,给 A 提供 B,provide A with B 表示给 A 提供 B 本句中技术变革给营销者提供更多传播选择。,一般,阅读高频|固定搭配|动作方向|错句来源|Text3-S13,provide A with B 的方向是“给 A 提供 B”；不要看反成 A 提供了技术变革。,1,2026-07-03
20260703-072,2026-07-03,词组,communications choices,2026-07-03-2011-english-i-text-3.md,more (and more diverse) communications choices,传播选择；沟通选择,communications choices 指营销者可使用的传播或沟通渠道选择 是 provide A with B 中的 B。,一般,阅读高频|媒介主题|固定搭配|错句来源|Text3-S13,communications choices 要把 communications 的“传播/沟通”义翻出来；不是只译成选择。,1,2026-07-03
20260703-073,2026-07-03,单词,diverse,2026-07-03-2011-english-i-text-3.md,more (and more diverse) communications choices,多样化的,diverse 修饰 communications choices 表示传播选择更加多样。,一般,阅读高频|形容词|错句来源|Text3-S13,diverse = 多样化的；more diverse = 更加多样化的。,1,2026-07-03
20260703-074,2026-07-03,词组,the risk that ...,2026-07-03-2011-english-i-text-3.md,have also increased the risk that passionate consumers will voice their opinions,……的风险；that 引出风险内容,the risk that ... 中 that 从句说明 risk 的具体内容 即消费者会表达意见这一风险。,一般,阅读高频|长难句结构|同位语从句|错句来源|Text3-S13,the risk that ... 要整体理解为“……的风险”；that 从句挂回 risk 不是另起一句。,1,2026-07-03
20260703-075,2026-07-03,熟词僻义,voice,2026-07-03-2011-english-i-text-3.md,passionate consumers will voice their opinions,表达；发表,voice 在 S13 中作动词 表示表达或发表意见 不是 avoid 也不只是名词“声音”。,一般,阅读高频|熟词僻义|动作谓语|错句来源|Text3-S13,voice one's opinion = 表达/发表意见；看到 will voice 要按动词处理。,1,2026-07-03
20260703-076,2026-07-03,词组,voice their opinions,2026-07-03-2011-english-i-text-3.md,passionate consumers will voice their opinions,表达他们的意见；发表他们的意见,voice their opinions 是 risk 从句中的核心动作 说明消费者会公开表达观点。,一般,阅读高频|固定搭配|媒介主题|错句来源|Text3-S13,voice their opinions = 表达/发表他们的意见；voice 作动词时后面直接接 opinion/views/concerns 等宾语。,1,2026-07-03
20260703-077,2026-07-03,单词,visible,2026-07-03-2011-english-i-text-3.md,"in quicker, more visible, and much more damaging ways",可见的；明显的,visible 修饰 ways 表示消费者表达意见的方式更加可见/显眼。,一般,阅读高频|形容词|比较结构|错句来源|Text3-S13,visible = 可见的/明显的；more visible 表示更容易被看见或注意到。,1,2026-07-03
20260703-078,2026-07-03,单词,damaging,2026-07-03-2011-english-i-text-3.md,"in quicker, more visible, and much more damaging ways",有破坏性的；造成损害的,damaging 修饰 ways 表示表达意见的方式对品牌更具破坏性或损害性。,一般,阅读高频|形容词|负面影响|错句来源|Text3-S13,damaging = 有破坏性的/造成损害的；much more damaging = 破坏性大得多。,1,2026-07-03
20260703-079,2026-07-03,词组,"in quicker, more visible, and much more damaging ways",2026-07-03-2011-english-i-text-3.md,"in quicker, more visible, and much more damaging ways",以更快、更可见且破坏性大得多的方式,该介词短语作方式状语 三个比较级并列修饰 voice their opinions 的方式。,一般,阅读高频|方式状语|比较结构|并列结构|错句来源|Text3-S13,看到 in ... ways 要先按方式状语处理；quicker/more visible/much more damaging 是并列比较级。,1,2026-07-03
20260703-080,2026-07-03,词组,hijacked media,2026-07-03-2011-english-i-text-3.md,Such hijacked media are the opposite of earned media,劫持媒介,hijacked media 在本文指企业资产或活动被消费者等反向利用为施压工具的媒介形态。,一般,阅读高频|媒介主题|核心概念|错句来源|Text3-S14,hijacked media = 劫持媒介；重点是企业原有媒介被他方反向利用 不要只译成损害/危害。,1,2026-07-03
20260703-081,2026-07-03,熟词僻义,opposite,2026-07-03-2011-english-i-text-3.md,the opposite of earned media,反面；对立面,opposite 在 S14 中作名词 表示 earned media 的反面/对立面 不是“位置”。,一般,阅读高频|熟词僻义|逻辑关系|错句来源|Text3-S14,opposite 作名词可表示“反面/对立面”；the opposite of A = A 的反面。,1,2026-07-03
20260703-082,2026-07-03,词组,the opposite of,2026-07-03-2011-english-i-text-3.md,the opposite of earned media,……的反面；与……相对,the opposite of ... 是 S14 前半句的核心表语结构 用来说明 hijacked media 与 earned media 的关系。,一般,阅读高频|固定搭配|逻辑关系|错句来源|Text3-S14,the opposite of earned media = earned media 的反面；不要把 opposite 误译为位置。,1,2026-07-03
20260703-083,2026-07-03,熟词僻义,campaign,2026-07-03-2011-english-i-text-3.md,an asset or campaign,营销活动；宣传活动,campaign 在营销和媒介语境中指一次营销/宣传活动 不只是政治运动或军事行动。,一般,阅读高频|熟词僻义|媒介主题|错句来源|Text3-S14,campaign 可指广告/营销/社交媒体活动；S14 中 an asset or campaign = 一项资产或一次营销活动。,1,2026-07-03
20260703-084,2026-07-03,熟词僻义,hostage,2026-07-03-2011-english-i-text-3.md,becomes hostage to consumers,人质；受制于某方的状态,hostage 在 S14 中是比喻义 表示企业资产或活动受消费者等控制/挟持。,一般,阅读高频|熟词僻义|比喻表达|错句来源|Text3-S14,hostage 字面是人质；become hostage to ... 可引申为被……挟持/受制于……。,1,2026-07-03
20260703-085,2026-07-03,词组,become hostage to,2026-07-03-2011-english-i-text-3.md,"an asset or campaign becomes hostage to consumers, other stakeholders, or activists",被……挟持；受制于……,become hostage to ... 表示某项资产或活动被消费者、利益相关者或激进分子控制/挟持。,一般,阅读高频|固定搭配|比喻表达|媒介主题|错句来源|Text3-S14,become hostage to ... 要整体译为“被……挟持/受制于……”；to 后接挟持或控制的一方。,1,2026-07-03
20260703-086,2026-07-03,单词,stakeholders,2026-07-03-2011-english-i-text-3.md,"consumers, other stakeholders, or activists",利益相关者,stakeholders 指与某品牌、产品或组织有利益关系或受其影响的人或群体。,一般,阅读高频|商业主题|社会主题|错句来源|Text3-S14,stakeholder = 利益相关者；other stakeholders = 其他利益相关者。,1,2026-07-03
20260703-087,2026-07-03,单词,activists,2026-07-03-2011-english-i-text-3.md,"consumers, other stakeholders, or activists",激进分子；行动主义者,activists 指为某种政治、社会或消费者议题积极行动的人 在本句中是可能劫持媒介施压的人群之一。,一般,阅读高频|社会主题|人群表达|错句来源|Text3-S14,activists 可译为行动主义者/激进分子；注意它和 stakeholders 并列。,1,2026-07-03
20260703-088,2026-07-03,词组,negative allegations,2026-07-03-2011-english-i-text-3.md,make negative allegations about a brand or product,负面指控,negative allegations 指针对某品牌或产品的负面指称/指控 是 hijacked media 风险的具体内容。,一般,阅读高频|负面评价|媒介主题|错句来源|Text3-S14,allegation = 指控/指称；negative allegations = 负面指控。,1,2026-07-03
20260703-089,2026-07-03,词组,make allegations about ...,2026-07-03-2011-english-i-text-3.md,who make negative allegations about a brand or product,对……提出指控；作出关于……的指称,make allegations about ... 表示对某对象提出指控或作出指称 本句对象是 a brand or product。,一般,阅读高频|固定搭配|负面评价|错句来源|Text3-S14,make allegations about A = 对 A 提出指控/指称；about 后面接被指控涉及的对象。,1,2026-07-03
20260703-090,2026-07-03,单词,network,2026-07-03-2011-english-i-text-3.md,Members of social networks,网络,network 在 social networks 中表示网络/关系网络 是主语范围的一部分。,一般,阅读高频|社会主题|媒介主题|错句来源|Text3-S15,network = 网络；social network = 社交网络。,1,2026-07-03
20260703-091,2026-07-03,词组,social networks,2026-07-03-2011-english-i-text-3.md,Members of social networks,社交网络,social networks 指社交网络平台或社交关系网络 本句 members of social networks 指这些网络中的成员。,一般,阅读高频|社会主题|媒介主题|错句来源|Text3-S15,social networks = 社交网络；members of social networks = 社交网络成员。,1,2026-07-03
20260703-092,2026-07-03,熟词僻义,learn,2026-07-03-2011-english-i-text-3.md,are learning that they can hijack media,意识到；得知；明白,learn 在 S15 中不是课堂学习 而是逐渐意识到或明白某种情况。,一般,阅读高频|熟词僻义|认知动词|错句来源|Text3-S15,learn that ... 常可译为“得知/意识到/明白……”，不要机械译成“学习”。,1,2026-07-03
20260703-093,2026-07-03,词组,are learning that,2026-07-03-2011-english-i-text-3.md,are learning that they can hijack media,正在逐渐意识到……,are learning that ... 表示某群体正在认识到某种事实 后面接 that 宾语从句说明意识到的内容。,一般,阅读高频|宾语从句|认知动词|错句来源|Text3-S15,are learning that ... = 正在逐渐意识到……；that 后面是被意识到的内容。,1,2026-07-03
20260703-094,2026-07-03,词组,hijack media,2026-07-03-2011-english-i-text-3.md,they can hijack media,劫持媒介,hijack media 是 S15 中对 hijacked media 的动词表达 表示反向利用企业媒介施压。,一般,阅读高频|媒介主题|动作谓语|错句来源|Text3-S15,hijack media = 劫持媒介/反向利用媒介；与 hijacked media 形成名词化对应。,1,2026-07-03
20260703-095,2026-07-03,熟词僻义,apply,2026-07-03-2011-english-i-text-3.md,to apply pressure on the businesses,施加；应用,apply 在 apply pressure 中表示施加压力 不是申请或普通应用。,一般,阅读高频|熟词僻义|动作谓语|错句来源|Text3-S15,apply pressure = 施加压力；apply 在这里是及物动作 不要只按“申请/应用”理解。,1,2026-07-03
20260703-096,2026-07-03,词组,apply pressure on,2026-07-03-2011-english-i-text-3.md,to apply pressure on the businesses,向……施加压力；向……施压,apply pressure on ... 表示对某对象施加压力 本句对象是最初创建媒介的企业。,一般,阅读高频|固定搭配|媒介主题|错句来源|Text3-S15,apply pressure on A = 向 A 施压；本句 to apply pressure on ... 作目的状语。,1,2026-07-03
20260703-097,2026-07-03,熟词僻义,invite,2026-07-03-2011-english-i-text-3.md,invite constant conflicts with passionate consumers,引发；招致,invite 在 Q33-A 中不是邀请 而是引发或招致某种结果。,一般,阅读高频|熟词僻义|选项词汇|错题来源|Text3-Q33,invite 在阅读选项中可表示“引发/招致”；不要机械译成“邀请”。,1,2026-07-03
20260703-098,2026-07-03,单词,constant,2026-07-03-2011-english-i-text-3.md,invite constant conflicts with passionate consumers,持续不断的；经常的,constant 修饰 conflicts 表示冲突持续不断或反复出现。,一般,阅读高频|形容词|选项词汇|错题来源|Text3-Q33,constant = 持续不断的/经常的；不是“立刻”。,1,2026-07-03
20260703-099,2026-07-03,单词,conflicts,2026-07-03-2011-english-i-text-3.md,invite constant conflicts with passionate consumers,冲突,conflicts 指冲突或矛盾 在 Q33-A 中与 passionate consumers 构成选项描述。,一般,阅读高频|名词|选项词汇|错题来源|Text3-Q33,conflict = 冲突；constant conflicts = 持续不断的冲突。,1,2026-07-03
20260703-100,2026-07-03,词组,invite constant conflicts,2026-07-03-2011-english-i-text-3.md,invite constant conflicts with passionate consumers,引发持续不断的冲突,invite constant conflicts 表示招致或引发持续不断的冲突 是 Q33-A 的核心谓语宾语搭配。,一般,阅读高频|固定搭配|选项词汇|错题来源|Text3-Q33,invite constant conflicts 要整体译为“引发持续不断的冲突”；invite 取“招致”义。,1,2026-07-03
20260703-101,2026-07-03,词组,be responsible for,2026-07-03-2011-english-i-text-3.md,may be responsible for fiercer competition,导致；造成；对……负责,be responsible for 在 Q33-C 中更自然地理解为导致或造成某结果。,一般,阅读高频|固定搭配|选项词汇|错题来源|Text3-Q33,be responsible for 不只表示“对……负责”；在结果语境中常译为“导致/造成”。,1,2026-07-03
20260703-102,2026-07-03,单词,fiercer,2026-07-03-2011-english-i-text-3.md,may be responsible for fiercer competition,更激烈的,fiercer 是 fierce 的比较级 修饰 competition 表示竞争更加激烈。,一般,阅读高频|形容词|比较结构|选项词汇|Text3-Q33,fiercer = 更激烈的；要和 competition 合起来看成比较级名词短语。,1,2026-07-03
20260703-103,2026-07-03,单词,competition,2026-07-03-2011-english-i-text-3.md,may be responsible for fiercer competition,竞争,competition 表示竞争 不是合作。,一般,阅读高频|名词|选项词汇|错题来源|Text3-Q33,competition = 竞争；不要和 cooperation 合作混淆。,1,2026-07-03
20260703-104,2026-07-03,词组,fiercer competition,2026-07-03-2011-english-i-text-3.md,may be responsible for fiercer competition,更激烈的竞争,fiercer competition 是 Q33-C 中的结果名词短语 表示竞争程度加剧。,一般,阅读高频|比较结构|选项词汇|错题来源|Text3-Q33,fiercer competition = 更激烈的竞争；fiercer 是比较级。,1,2026-07-03
20260703-105,2026-07-03,单词,deserve,2026-07-03-2011-english-i-text-3.md,deserve all the negative comments about them,应得；配得上；理应受到,deserve 表示应得或理应受到某种评价或结果。,一般,阅读高频|动词|选项词汇|错题来源|Text3-Q33,deserve 后接评价或结果时 常译为“应得/配得上/理应受到”。,1,2026-07-03
20260703-106,2026-07-03,词组,negative comments,2026-07-03-2011-english-i-text-3.md,deserve all the negative comments about them,负面评论；负面评价,negative comments 指负面评价或负面评论 是 Q33-D 中 deserve 的宾语核心。,一般,阅读高频|负面评价|选项词汇|错题来源|Text3-Q33,negative comments = 负面评论/负面评价；和 S14 negative allegations 都属于负面表述但词义不同。,1,2026-07-03
20260703-107,2026-07-03,词组,deserve all the negative comments about them,2026-07-03-2011-english-i-text-3.md,deserve all the negative comments about them,理应受到关于它们的所有负面评论,deserve all the negative comments about them 是 Q33-D 的完整谓宾结构 表示配得上这些负面评价。,一般,阅读高频|选项句法|负面评价|错题来源|Text3-Q33,看到 deserve all the negative comments about them 要先抓 deserve 的“理应受到”义 再处理 comments about them 的修饰关系。,1,2026-07-03
20260703-108,2026-07-03,词组,persuade sb to do sth,2026-07-03-2011-english-i-text-3.md,try to persuade others to boycott products,说服某人做某事,persuade sb to do sth 表示说服某人去做某事 本句中 sb=others 动作=boycott products。,一般,阅读高频|固定搭配|动作链|错句来源|Text3-S16,persuade 后先接被说服的人 再用 to do 表示被说服去做的动作。,1,2026-07-03
20260703-109,2026-07-03,词组,persuade others to boycott products,2026-07-03-2011-english-i-text-3.md,persuade others to boycott products,说服其他人抵制产品,persuade others to boycott products 是 S16 的完整动作链 表示消费者试图说服他人参与抵制。,一般,阅读高频|固定搭配|动作链|媒介主题|错句来源|Text3-S16,先抓 persuade others to do 的骨架 再把 to boycott products 译成被说服去做的动作。,1,2026-07-03
20260703-110,2026-07-03,单词,boycott,2026-07-03-2011-english-i-text-3.md,persuade others to boycott products,抵制,boycott 作动词表示抵制 在 S16 中宾语是 products。,一般,阅读高频|动词|媒介主题|错句来源|Text3-S16,boycott = 抵制；boycott products = 抵制产品。,1,2026-07-03
20260703-111,2026-07-03,词组,boycott products,2026-07-03-2011-english-i-text-3.md,persuade others to boycott products,抵制产品,boycott products 表示拒绝购买或号召不购买某些产品 是 hijacked media 风险后的消费者行动。,一般,阅读高频|固定搭配|媒介主题|错句来源|Text3-S16,boycott products 要整体理解为“抵制产品”；boycott 后直接接抵制对象。,1,2026-07-03
20260703-112,2026-07-03,单词,sufficiently,2026-07-03-2011-english-i-text-3.md,the company's response may not be sufficiently quick or thoughtful,足够地；充分地,sufficiently 修饰 quick or thoughtful 表示公司的回应可能不够迅速或周到。,一般,阅读高频|程度副词|错句来源|Text3-S17,sufficiently = 足够地/充分地；may not be sufficiently ... = 可能不够……。,1,2026-07-03
20260703-113,2026-07-03,单词,thoughtful,2026-07-03-2011-english-i-text-3.md,the company's response may not be sufficiently quick or thoughtful,周到的；考虑周全的,thoughtful 修饰 response 表示回应考虑周全或处理周到。,一般,阅读高频|形容词|评价表达|错句来源|Text3-S17,thoughtful 不只是“有思想的”；修饰 response 时常译为“周到的/考虑周全的”。,1,2026-07-03
20260703-114,2026-07-03,词组,sufficiently quick or thoughtful,2026-07-03-2011-english-i-text-3.md,the company's response may not be sufficiently quick or thoughtful,足够迅速或周到,sufficiently quick or thoughtful 是 S17 中评价公司回应的核心表语短语。,一般,阅读高频|评价表达|固定搭配|错句来源|Text3-S17,看到 sufficiently + A or B 要把程度副词同时挂到两个形容词上。,1,2026-07-03
20260703-115,2026-07-03,词组,learning curve,2026-07-03-2011-english-i-text-3.md,the learning curve has been steep,学习曲线；学习/适应过程,learning curve 指学习或适应某事的过程和难度 不只是字面上的曲线。,一般,阅读高频|固定表达|熟词组合|错句来源|Text3-S17,learning curve = 学习曲线/适应过程；常和 steep 搭配表示上手难、适应难。,1,2026-07-03
20260703-116,2026-07-03,熟词僻义,steep,2026-07-03-2011-english-i-text-3.md,the learning curve has been steep,陡峭的；艰难的；难度大的,steep 原义为陡峭的 在 learning curve 语境中表示学习或适应过程很困难。,一般,阅读高频|熟词僻义|易混词形|错句来源|Text3-S17,steep 不是 stop；steep learning curve 表示学习/适应难度大。,1,2026-07-03
20260703-117,2026-07-03,词组,the learning curve has been steep,2026-07-03-2011-english-i-text-3.md,the learning curve has been steep,学习/适应过程一直很艰难,the learning curve has been steep 表示公司在应对这种新媒介风险时学习和适应难度很大。,一般,阅读高频|固定表达|评价表达|错句来源|Text3-S17,这句不要直译成“学习曲线很陡”就停住；要转成“适应过程很艰难/难度很大”。,1,2026-07-03
20260703-118,2026-07-03,单词,alleviate,2026-07-03-2011-english-i-text-3.md,alleviated some of the damage,减轻；缓解,alleviate 表示减轻或缓解不良影响 本句指丰田减轻召回危机造成的部分损害。,一般,阅读高频|动词|负面影响|错句来源|Text3-S18,alleviate = 减轻/缓解；常接 damage/problem/pressure/pain 等负面对象。,1,2026-07-03
20260703-119,2026-07-03,词组,alleviate some of the damage,2026-07-03-2011-english-i-text-3.md,alleviated some of the damage from its recall crisis,减轻部分损害,alleviate some of the damage 是 S18 主干谓宾结构 表示减轻召回危机带来的部分损害。,一般,阅读高频|固定搭配|负面影响|错句来源|Text3-S18,先抓 Toyota Motor alleviated some of the damage 这个主干 再处理后面的来源和手段。,1,2026-07-03
20260703-120,2026-07-03,熟词僻义,recall,2026-07-03-2011-english-i-text-3.md,its recall crisis,召回,recall 在商业和产品语境中可指产品召回 不是普通“回忆”。,一般,阅读高频|熟词僻义|商业主题|错句来源|Text3-S18,recall crisis 中 recall = 召回；注意和“回忆”义区分。,1,2026-07-03
20260703-121,2026-07-03,词组,recall crisis,2026-07-03-2011-english-i-text-3.md,its recall crisis earlier this year,召回危机,recall crisis 指因产品召回引发的危机 是 damage 的来源。,一般,阅读高频|商业主题|负面事件|错句来源|Text3-S18,recall crisis = 召回危机；from its recall crisis 说明 damage 的来源。,1,2026-07-03
20260703-122,2026-07-03,词组,earlier this year,2026-07-03-2011-english-i-text-3.md,its recall crisis earlier this year,今年早些时候,earlier this year 是时间状语 表示今年较早的时候。,一般,阅读高频|时间状语|错句来源|Text3-S18,earlier this year = 今年早些时候；不是“更早的今年”硬译。,1,2026-07-03
20260703-123,2026-07-03,单词,relatively,2026-07-03-2011-english-i-text-3.md,with a relatively quick and well-orchestrated social-media response campaign,相对地；比较而言,relatively 修饰 quick 表示回应活动相对迅速。,一般,阅读高频|程度副词|评价表达|错句来源|Text3-S18,relatively = 相对地/比较而言；relatively quick = 相对迅速的。,1,2026-07-03
20260703-124,2026-07-03,词组,relatively quick,2026-07-03-2011-english-i-text-3.md,a relatively quick and well-orchestrated social-media response campaign,相对迅速的,relatively quick 修饰 social-media response campaign 表示回应速度比较快。,一般,阅读高频|评价表达|固定搭配|错句来源|Text3-S18,relatively quick = 相对迅速的；quick 和 well-orchestrated 并列修饰 campaign。,1,2026-07-03
20260703-125,2026-07-03,词组,well-orchestrated,2026-07-03-2011-english-i-text-3.md,a relatively quick and well-orchestrated social-media response campaign,精心组织的；周密安排的,well-orchestrated 表示安排周密、组织得当 常用于 campaign/response/plan 等。,一般,阅读高频|评价表达|商业主题|错句来源|Text3-S18,well-orchestrated = 精心组织的/周密安排的；不要只看 orchestrate 的字面音乐义。,1,2026-07-03
20260703-126,2026-07-03,词组,relatively quick and well-orchestrated,2026-07-03-2011-english-i-text-3.md,a relatively quick and well-orchestrated social-media response campaign,相对迅速且组织周密的,relatively quick and well-orchestrated 是并列形容词结构 共同修饰回应活动。,一般,阅读高频|评价表达|并列结构|错句来源|Text3-S18,看到 relatively quick and well-orchestrated 要合起来修饰后面的 campaign。,1,2026-07-03
20260703-127,2026-07-03,词组,social-media response campaign,2026-07-03-2011-english-i-text-3.md,a relatively quick and well-orchestrated social-media response campaign,社交媒体回应活动,social-media response campaign 是 S18 中 with 手段状语的核心名词短语。,一般,阅读高频|媒介主题|商业主题|错句来源|Text3-S18,response campaign = 回应活动；social-media response campaign = 社交媒体回应活动。,1,2026-07-03
20260703-128,2026-07-03,词组,include efforts to do sth,2026-07-03-2011-english-i-text-3.md,which included efforts to engage with consumers directly,包括为做某事而采取的努力,include efforts to do sth 表示包括旨在做某事的努力或措施 本句指包括直接与消费者互动的努力。,一般,阅读高频|固定搭配|动作链|错句来源|Text3-S18,include efforts to do sth = 包括为做某事而采取的努力；to do 修饰 efforts 的内容。,1,2026-07-03
20260703-129,2026-07-03,词组,efforts to engage with consumers directly,2026-07-03-2011-english-i-text-3.md,efforts to engage with consumers directly,直接与消费者互动的努力,efforts to engage with consumers directly 是 which 从句中的宾语核心 说明回应活动具体包括什么。,一般,阅读高频|媒介主题|固定搭配|错句来源|Text3-S18,efforts to do 中 to do 说明努力的方向或内容；这里是直接与消费者互动。,1,2026-07-03
20260703-130,2026-07-03,词组,engage with consumers,2026-07-03-2011-english-i-text-3.md,engage with consumers directly,与消费者互动；接触；沟通,engage with consumers 表示与消费者互动或沟通 不是简单“参与消费者”。,一般,阅读高频|媒介主题|固定搭配|错句来源|Text3-S18,engage with sb = 与某人互动/接触/沟通；with 后接互动对象。,1,2026-07-03
20260703-131,2026-07-03,词组,engage with consumers directly,2026-07-03-2011-english-i-text-3.md,engage with consumers directly on sites such as Twitter and the social-news site Digg,直接与消费者互动 / 沟通,engage with consumers directly 表示在社交平台上直接接触和回应消费者。,一般,阅读高频|媒介主题|固定搭配|错句来源|Text3-S18,engage with consumers directly = 直接与消费者互动/沟通；directly 修饰互动方式。,1,2026-07-03
20260703-132,2026-07-03,词组,respond effectively to,2026-07-03-2011-english-i-text-3.md,responding effectively to hijacked media,有效回应；有效应对,respond effectively to ... 表示对某对象作出有效回应或有效应对 本题用于概括 Toyota 例子中的公司回应方向。,一般,阅读高频|选项词汇|固定搭配|题目定位|Text3-Q34,respond effectively to A = 对 A 有效回应/有效应对；respond to 后接回应对象。,1,2026-07-03
20260703-133,2026-07-03,词组,respond effectively to hijacked media,2026-07-03-2011-english-i-text-3.md,responding effectively to hijacked media,有效回应劫持媒介；有效应对劫持媒介,respond effectively to hijacked media 是 Q34-A 的完整选项表达 指对劫持媒介造成的风险作出有效回应。,一般,阅读高频|选项词汇|媒介主题|题目定位|Text3-Q34,先抓 respond effectively to 的应对方向 再把 hijacked media 接为回应对象。,1,2026-07-03
20260703-134,2026-07-03,词组,persuade sb into doing sth,2026-07-03-2011-english-i-text-3.md,persuading customers into boycotting products,说服某人做某事,persuade sb into doing sth 表示说服某人去做某事 Q34-B 中动作是 boycotting products。,一般,阅读高频|固定搭配|选项词汇|错题来源|Text3-Q34,persuade sb into doing sth 与 persuade sb to do sth 意近；注意 into 后接动名词。,1,2026-07-03
20260703-135,2026-07-03,词组,persuading customers into boycotting products,2026-07-03-2011-english-i-text-3.md,persuading customers into boycotting products,说服顾客抵制产品,persuading customers into boycotting products 是 Q34-B 的完整动作链 但与 Toyota 例子中的公司回应方向不同。,一般,阅读高频|选项词汇|动作链|题目定位|Text3-Q34,注意行为主体：Q34-B 是说服顾客抵制产品 而 Toyota 例子是公司回应并减轻损害。,1,2026-07-03
20260703-136,2026-07-03,词组,cooperate with,2026-07-03-2011-english-i-text-3.md,cooperating with supportive consumers,与……合作,cooperate with 表示与某人或某组织合作 Q34-C 中对象是 supportive consumers。,一般,阅读高频|固定搭配|选项词汇|Text3-Q34,cooperate with A = 与 A 合作；文中 direct engagement 不等同于 cooperate with supportive consumers。,1,2026-07-03
20260703-137,2026-07-03,单词,supportive,2026-07-03-2011-english-i-text-3.md,cooperating with supportive consumers,支持性的；支持的,supportive 表示支持性的或给予支持的 不是 supported“被支持的”。,一般,阅读高频|形容词|易混表达|选项词汇|Text3-Q34,supportive consumers = 支持企业或支持性消费者；不要译成“受支持的顾客”。,1,2026-07-03
20260703-138,2026-07-03,词组,supportive consumers,2026-07-03-2011-english-i-text-3.md,cooperating with supportive consumers,支持性的消费者；支持企业的消费者,supportive consumers 指态度上支持企业或品牌的消费者 是 Q34-C 的对象短语。,一般,阅读高频|选项词汇|易混表达|Text3-Q34,supportive = 支持性的；supported = 被支持的 二者方向不同。,1,2026-07-03
20260703-139,2026-07-03,词组,take advantage of,2026-07-03-2011-english-i-text-3.md,taking advantage of hijacked media,利用；从……中获益；占……的便宜,take advantage of ... 是动词短语 表示利用某物或从某种情况中获益 不是名词“优势”。,一般,阅读高频|固定搭配|熟词组合|选项词汇|Text3-Q34,take advantage of A = 利用 A / 从 A 中获益；不要拆成 advantage“优势”。,1,2026-07-03
20260703-140,2026-07-03,词组,take advantage of hijacked media,2026-07-03-2011-english-i-text-3.md,taking advantage of hijacked media,利用劫持媒介；从劫持媒介中获益,take advantage of hijacked media 是 Q34-D 的完整表达 指利用劫持媒介这一情形。,一般,阅读高频|选项词汇|媒介主题|错题来源|Text3-Q34,注意主体方向：利用或劫持媒介施压的是消费者一侧 Toyota 例子强调公司回应。,1,2026-07-03
20260703-141,2026-07-03,单词,alternatives,2026-07-03-2011-english-i-text-3.md,Alternatives to conventional paid media.,替代形式；可替代的事物,alternatives 是名词复数 表示可替代的事物或替代形式 本题中不是单纯形容词 alternative。,一般,阅读高频|选项词汇|主旨题|熟词组合|Text3-Q35,alternatives to A = A 的替代形式；主旨题里要读出范围感。,1,2026-07-03
20260703-142,2026-07-03,词组,alternatives to conventional paid media,2026-07-03-2011-english-i-text-3.md,Alternatives to conventional paid media.,传统付费媒介的替代形式,alternatives to conventional paid media 是 Q35-A 的完整选项表达 指相对于传统付费媒介的其他媒介形式或替代渠道。,一般,阅读高频|选项词汇|媒介主题|主旨题|Text3-Q35,读主旨题时要把 alternatives to ... 作为整体范围 不要漏掉“替代形式”。,1,2026-07-03
20260703-143,2026-07-03,单词,conflict,2026-07-03-2011-english-i-text-3.md,Conflict between hijacked and earned media.,冲突,conflict 表示冲突或矛盾 Q35-B 中用于概括 hijacked media 与 earned media 之间的关系。,一般,阅读高频|选项词汇|主旨题|Text3-Q35,conflict = 冲突；主旨题中要判断它是否覆盖全文而不只是局部线索。,1,2026-07-03
20260703-144,2026-07-03,词组,conflict between A and B,2026-07-03-2011-english-i-text-3.md,Conflict between hijacked and earned media.,A 与 B 之间的冲突,conflict between A and B 表示 A 与 B 之间的冲突或矛盾 是阅读选项中常见的关系概括结构。,一般,阅读高频|选项词汇|固定搭配|主旨题|Text3-Q35,between A and B 要把两个对象都读出来 不要只看 conflict 单词。,1,2026-07-03
20260703-145,2026-07-03,词组,conflict between hijacked and earned media,2026-07-03-2011-english-i-text-3.md,Conflict between hijacked and earned media.,劫持媒介与赢得媒介之间的冲突,conflict between hijacked and earned media 是 Q35-B 的完整选项表达 用两类媒介关系来概括文章主题。,一般,阅读高频|选项词汇|媒介主题|主旨题|Text3-Q35,主旨题要区分“全文主题”和“后文局部冲突线索”；该表达本身先按词组掌握。,1,2026-07-03
20260726-001,2026-07-26,单词,insightful,2026-07-10-2011-english-i-text-4.md,Jennifer Senior’s insightful magazine cover story,富有洞察力的,insightful 常修饰文章、评论或分析；强调能够看出问题本质。,适合,阅读高频|写作友好|人物态度|Text4-S01,不要只按 positive 理解；注意“有洞察力”这一评价色彩。,1,2026-07-26
20260726-002,2026-07-26,单词,provocative,2026-07-10-2011-english-i-text-4.md,Jennifer Senior’s provocative magazine cover story,引发争议或思考的,provocative 在本文修饰文章；表示会激起讨论或争议而非单纯“挑衅别人”。,一般,阅读高频|人物态度|熟词语境|Text4-S01,结合被修饰对象判断为“发人深思且引发争议的”。,1,2026-07-26
20260726-003,2026-07-26,词组,magazine cover story,2026-07-10-2011-english-i-text-4.md,magazine cover story,杂志封面文章,cover story 指作为杂志封面主打内容的文章或报道。,一般,阅读识别|固定搭配|媒体主题|Text4-S01,不要拆成“杂志封面上的故事”；整体识别为封面文章。,1,2026-07-26
20260726-004,2026-07-26,单词,hate,2026-07-10-2011-english-i-text-4.md,I Hate My Life,讨厌；憎恶,hate 在标题中与 love 构成强烈对照。,不建议,基础词|情感词|标题对照|Text4-S01,首次阅读曾漏译；标题中的对照关系不能丢。,1,2026-07-26
20260726-005,2026-07-26,单词,chatter,2026-07-10-2011-english-i-text-4.md,is arousing much chatter,议论；闲谈,chatter 在本文指围绕文章产生的广泛议论。,一般,阅读识别|媒体主题|Text4-S01,本句不是具体的一次 conversation；侧重热议和议论声。,1,2026-07-26
20260726-006,2026-07-26,单词,nothing,2026-07-10-2011-english-i-text-4.md,nothing gets people talking like the suggestion,没有任何事情,nothing 在句中作主语；后接 gets 形成完整主干。,不建议,基础词|句法主语|Text4-S01,首次阅读连主语也未译出；先按代词主语识别。,1,2026-07-26
20260726-007,2026-07-26,词组,child rearing,2026-07-10-2011-english-i-text-4.md,child rearing is anything less than a completely fulfilling experience,养育孩子；育儿,child rearing 是名词短语；在从句中整体作主语。,一般,阅读高频|固定搭配|家庭主题|句法主语|Text4-S01,不要拆散后漏掉内层从句的主语。,1,2026-07-26
20260726-008,2026-07-26,词组,anything less than,2026-07-10-2011-english-i-text-4.md,child rearing is anything less than a completely fulfilling experience,达不到；并非完全是,anything less than X 表示低于 X 所描述的程度；结合否定或评价语境处理。,一般,阅读高频|固定搭配|逻辑表达|Text4-S01,不要只逐词翻译；先确认比较基准 X。,1,2026-07-26
20260726-009,2026-07-26,单词,fulfilling,2026-07-10-2011-english-i-text-4.md,a completely fulfilling experience,令人满足的；使人有成就感的,fulfilling 常修饰 experience、work 或 life；表示带来满足感。,适合,阅读高频|写作友好|家庭主题|Text4-S01,区别 fulfilled“感到满足的”和 fulfilling“令人满足的”。,1,2026-07-26
20260726-010,2026-07-26,词组,rather than,2026-07-10-2011-english-i-text-4.md,Rather than concluding that children make parents either happy or miserable,而不是；而非,rather than 引出被排除的做法；本句与 Senior suggests 的实际做法形成对照。,适合,阅读高频|写作友好|对照逻辑|Text4-S02,看到 rather than 先找对照两端；不要只翻局部动作。,1,2026-07-26
20260726-011,2026-07-26,单词,redefine,2026-07-10-2011-english-i-text-4.md,we need to redefine happiness,重新定义,re- 表示“重新”；redefine happiness 指改变衡量幸福的方式。,适合,阅读高频|写作友好|观点表达|Text4-S02,用前缀 re- 辅助识别；同时结合冒号后的具体说明。,1,2026-07-26
20260726-012,2026-07-26,句型,think of A as B,2026-07-10-2011-english-i-text-4.md,thinking of it as something that can be measured by moment-to-moment joy,把 A 看作 B,think of A as B 用于说明对 A 的理解或界定；A 和 B 分别位于 of 与 as 后。,适合,固定搭配|句型|观点表达|Text4-S02,先定位 A 再定位 as 后的 B；不要漏译 as 的界定关系。,1,2026-07-26
20260726-013,2026-07-26,词组,day-to-day,2026-07-10-2011-english-i-text-4.md,the day-to-day experience of raising kids,日常的；每天发生的,day-to-day 作前置形容词修饰 experience；不表示“每日每夜”。,一般,阅读高频|时间表达|易误译|Text4-S03,与 in the moment 和 later 分开处理。,1,2026-07-26
20260726-014,2026-07-26,词组,raise a child / raise kids,2026-07-10-2011-english-i-text-4.md,the day-to-day experience of raising kids; how much work it is to raise a kid,养育孩子,raise 在家庭语境中表示抚养或养育；不是“提升孩子”。该误译在 S03 讲解后又于 S12 复发。,一般,阅读高频|固定搭配|熟词僻义|复发错误|Text4-S03|Text4-S12,家庭语境见 raise a child 先锁定“养育”；本次为明确复发点。,2,2026-08-06
20260726-015,2026-07-26,词组,soul-crushingly hard,2026-07-10-2011-english-i-text-4.md,can be soul-crushingly hard,艰难得令人心力交瘁,soul-crushingly 是程度副词；形象强调困难给精神造成沉重压力。,不建议,阅读识别|程度修饰|媒体表达|Text4-S03,先抓核心表语 hard；再回填程度修饰。,1,2026-07-26
20260726-016,2026-07-26,词组,the very + N,2026-07-10-2011-english-i-text-4.md,the very things that in the moment dampen our moods,正是……；恰恰是……,the very + 名词用于加强指认；very 此时不是副词“非常”。,适合,阅读高频|强调结构|熟词僻义|Text4-S03,见 the very things 先译“正是那些事情”。,1,2026-07-26
20260726-017,2026-07-26,词组,in the moment,2026-07-10-2011-english-i-text-4.md,that in the moment dampen our moods,当时；在那一刻；在当下,in the moment 在本文表示事情发生的当下；不是“在一分钟里面”。,一般,阅读高频|时间表达|易误译|Text4-S03,与 day-to-day 和 later 分别对应日常、当时和日后。,1,2026-07-26
20260726-018,2026-07-26,词组,dampen one's mood(s),2026-07-10-2011-english-i-text-4.md,dampen our moods,使某人情绪低落；破坏某人的心情,dampen 本义与湿有关；此处比喻削弱好心情或使人沮丧。,适合,阅读高频|固定搭配|熟词僻义|Text4-S03,our moods 是 dampen 的宾语；不要误接到外层 can be。,1,2026-07-26
20260726-019,2026-07-26,单词,mood,2026-07-10-2011-english-i-text-4.md,dampen our moods,心情；情绪,mood 表示情绪状态；不要与 mode“模式”混淆。,一般,阅读高频|易混表达|Text4-S03,最小辨析：mood 是情绪；mode 是模式。,1,2026-07-26
20260726-020,2026-07-26,词组,source(s) of / source for,2026-07-10-2011-english-i-text-4.md,sources of intense gratification and delight; a permanent source for gossip,……的来源；……的源泉,source of/for X 表示 X 的来源；S03 是满足感和喜悦的源泉，Q37-A 是八卦消息的来源。,适合,阅读高频|固定搭配|抽象表达|复发错误|Text4-S03|Text4-Q37,source 是“来源、源泉”而不是 resource“资源”；根据后接 of 或 for 识别关系。,2,2026-08-06
20260726-021,2026-07-26,单词,gratification,2026-07-10-2011-english-i-text-4.md,intense gratification and delight,满足；满足感,gratification 指愿望实现或经历带来的满足感；常见于较正式语体。,一般,阅读高频|抽象名词|家庭主题|Text4-S03,与 delight 并列；先确定两者均是 of 后的感受名词。,1,2026-07-26
20260726-022,2026-07-26,单词,delight,2026-07-10-2011-english-i-text-4.md,intense gratification and delight,喜悦；快乐,delight 在本文作不可数抽象名词；与 gratification 并列。,一般,阅读高频|情感词|家庭主题|Text4-S03,不要只在 temporary delight 中识别；本句也表示强烈喜悦。,1,2026-07-26
20260726-023,2026-07-26,词组,in progress,2026-07-10-2011-english-i-text-4.md,enjoyment in progress,正在进行中；在进行过程中,in progress 表过程尚在进行；这里不是名词 progress“进步”。,一般,阅读高频|选项词汇|固定搭配|Text4-Q36,选项中先整体识别 in progress 再理解 enjoyment。,1,2026-07-26
20260726-024,2026-07-26,词组,in retrospect,2026-07-10-2011-english-i-text-4.md,happiness in retrospect,回过头来看；事后看来,in retrospect 用于从事后的视角重新评价过去经历。,适合,阅读高频|写作友好|固定搭配|时间视角|Text4-Q36,与 past-tense condition 建立同义对应。,1,2026-07-26
20260726-025,2026-07-26,单词,lasting,2026-07-10-2011-english-i-text-4.md,lasting reward,持久的；长久的,lasting 来自动词 last“持续”；不是形容词 last“最后的”。,一般,阅读高频|选项词汇|易混表达|Text4-Q36,区分 lasting“持久的”和 last/final“最后的”。,1,2026-07-26
20260806-001,2026-08-06,单词,permanent,2026-07-10-2011-english-i-text-4.md,a permanent source for gossip,永久的；长期存在的,permanent 表示长期或永久存在；不是 temporary“暂时的”。,一般,阅读高频|选项词汇|Text4-Q37,与 temporary 对照记忆。,1,2026-08-06
20260806-002,2026-08-06,单词,gossip,2026-07-10-2011-english-i-text-4.md,a permanent source for gossip,八卦；流言蜚语,gossip 指谈论他人私生活的传闻或闲谈。,一般,阅读高频|媒体主题|选项词汇|Text4-Q37,source for gossip 表示八卦消息的来源。,1,2026-08-06
20260806-003,2026-08-06,单词,pregnant,2026-07-10-2011-english-i-text-4.md,news about pregnant celebrities,怀孕的,pregnant 作形容词修饰 celebrities；be pregnant 表示怀孕。,一般,阅读高频|家庭主题|选项词汇|Text4-Q37|Text4-S05,不要把 pregnant 与 entertaining 混成一个词组。,1,2026-08-06
20260806-004,2026-08-06,单词,entertaining,2026-07-10-2011-english-i-text-4.md,news about pregnant celebrities is entertaining,有趣的；有娱乐性的,entertaining 描述事物能使人感到有趣；entertained 描述人的感受。,一般,阅读高频|选项词汇|易混表达|Text4-Q37,先看主语 news 是事物所以用 entertaining。,1,2026-08-06
20260806-005,2026-08-06,词组,be highly valued by,2026-07-10-2011-english-i-text-4.md,having children is highly valued by the public,受到……的高度重视；被……高度看重,be valued by 是被动语态；highly 修饰 valued 的程度。,适合,阅读高频|被动语态|观点表达|Text4-Q37,原句陈述公众的实际重视程度；不能额外加入“应当”。,1,2026-08-06
20260806-006,2026-08-06,词组,hold a baby,2026-07-10-2011-english-i-text-4.md,an attractive mother holding a cute baby,抱着婴儿；抱小孩,hold 在此表示用手臂抱住；holding 是现在分词并后置修饰 mother。,一般,阅读高频|家庭主题|非谓语|Text4-S04,不要把 holding 当全句谓语；全句有限谓语是 is。,1,2026-08-06
20260806-007,2026-08-06,单词,cute,2026-07-10-2011-english-i-text-4.md,a cute baby,可爱的,cute 在本句是褒义形容词修饰 baby。,不建议,基础词|情感色彩|Text4-S04,本句没有贬义色彩。,1,2026-08-06
20260806-008,2026-08-06,单词,hardly,2026-07-10-2011-english-i-text-4.md,is hardly the only image,几乎不；几乎没有,hardly 是否定意味的程度副词；不是 hard“困难的”。,一般,阅读高频|熟词易混|逻辑表达|Text4-S04,看到 hardly 先落实否定程度再翻译后面的范围。,1,2026-08-06
20260806-009,2026-08-06,词组,hardly the only,2026-07-10-2011-english-i-text-4.md,is hardly the only Madonna-and-child image,绝不是唯一的；远非唯一的,hardly the only 表示同类事物还有很多；不能译成“很难出现”或“几乎没有”。,一般,阅读高频|固定搭配|逻辑表达|Text4-S04,先把 the only 看作整体再让 hardly 否定“唯一性”。,1,2026-08-06
20260806-010,2026-08-06,单词,newsstand,2026-07-10-2011-english-i-text-4.md,on newsstands this week,报刊亭；报摊,newsstand 是售卖报纸杂志的地方；on newsstands 可引申为在报刊亭出售或陈列。,一般,阅读高频|媒体主题|Text4-S04|Text4-S06,this week 是时间状语；不是“在报刊上放了一周”。,1,2026-08-06
20260806-011,2026-08-06,单词,also,2026-07-10-2011-english-i-text-4.md,There are also stories about,也；还,also 表示补充同类信息；不是 always“总是”。,不建议,基础词|易混表达|Text4-S05,区分 also“也”和 always“总是”。,1,2026-08-06
20260806-012,2026-08-06,单词,adoptive,2026-07-10-2011-english-i-text-4.md,newly adoptive mom Sandra Bullock,收养孩子的；养亲的,adoptive 描述通过收养建立的亲子身份；不是“可被采纳的”。,一般,阅读高频|家庭主题|熟词派生|Text4-S05,adoptive mother 表示养母或收养了孩子的母亲。,1,2026-08-06
20260806-013,2026-08-06,词组,newly adoptive mother,2026-07-10-2011-english-i-text-4.md,newly adoptive mom Sandra Bullock,刚刚收养孩子的母亲,newly 修饰 adoptive；整体描述 Sandra Bullock 当时的新身份。,一般,阅读识别|家庭主题|固定搭配|Text4-S05,不要把 adoptive 按被动“被收养的”理解。,1,2026-08-06
20260806-014,2026-08-06,词组,newly single,2026-07-10-2011-english-i-text-4.md,newly single mom Sandra Bullock,刚恢复单身的；刚成为单身的,newly single 描述婚恋状态刚刚发生变化。,一般,阅读高频|人物状态|Text4-S05,与 newly adoptive 并列修饰同一个 mom。,1,2026-08-06
20260806-015,2026-08-06,词组,as well as,2026-07-10-2011-english-i-text-4.md,stories about Sandra Bullock as well as the usual news,以及；还有,as well as 连接补充的并列成分；本句连接两类媒体报道。,适合,阅读高频|固定搭配|并列结构|Text4-S05,先找 as well as 两端的平行名词成分。,1,2026-08-06
20260806-016,2026-08-06,单词,practically,2026-07-10-2011-english-i-text-4.md,Practically every week,几乎；差不多,practically 修饰 every week 时表示“几乎每周”；不是“实际上”。,一般,阅读高频|熟词语境|程度副词|Text4-S06,结合修饰对象 every 判断为近似程度。,1,2026-08-06
20260806-017,2026-08-06,词组,mom-to-be,2026-07-10-2011-english-i-text-4.md,a celebrity mom or mom-to-be,准妈妈；即将成为母亲的人,-to-be 表示即将成为某种身份。,一般,阅读高频|家庭主题|构词法|Text4-S06,不要拆成 celebrity 或 mom 两个并列的人。,1,2026-08-06
20260806-018,2026-08-06,单词,smile,2026-07-10-2011-english-i-text-4.md,a mom-to-be smiling on the newsstands,微笑,smiling 是现在分词短语的核心；后置说明明星妈妈在封面形象中的状态。,不建议,基础词|非谓语|Text4-S06,不要把 smiling 接成 features 的宾语。,1,2026-08-06
20260806-019,2026-08-06,词组,childless folks,2026-07-10-2011-english-i-text-4.md,childless folks,无子女的人；没有孩子的人,childless 表示没有孩子；folks 在此泛指人们。,一般,阅读高频|家庭主题|Text4-Q38|Text4-S09,词组本身不含 unhappy；是否不开心要看原句是否另有修饰。,1,2026-08-06
20260806-020,2026-08-06,词组,be exposed to,2026-07-10-2011-english-i-text-4.md,are constantly exposed to criticism,接触到；遭受；受到,be exposed to 后接环境或影响；接 criticism 时自然译为“受到批评”。,适合,阅读高频|固定搭配|被动语态|Text4-Q38,被动结构的主语是承受者；不是主语主动批评别人。,1,2026-08-06
20260806-021,2026-08-06,单词,largely,2026-07-10-2011-english-i-text-4.md,are largely ignored by the media,在很大程度上；主要地,largely 表范围或程度；不是带情绪色彩的“严重地”。,一般,阅读高频|程度副词|选项词汇|Text4-Q38,先译成“在很大程度上”再结合上下文顺句。,1,2026-08-06
20260806-022,2026-08-06,句型,fail to do,2026-07-10-2011-english-i-text-4.md,fail to fulfill their social responsibilities,未能做某事；没有做到某事,fail to 后接动词原形；表示该动作没有完成或没有实现。,适合,阅读高频|固定搭配|逻辑表达|Text4-Q38,不能直接改写成“缺乏某种意识”。,1,2026-08-06
20260806-023,2026-08-06,词组,fulfill one's social responsibilities,2026-07-10-2011-english-i-text-4.md,fulfill their social responsibilities,履行某人的社会责任,fulfill responsibility 表示履行责任；responsibility 是责任而不是责任感。,适合,写作友好|固定搭配|社会主题|Text4-Q38,区分 social responsibilities“社会责任”和 a sense of responsibility“责任感”。,1,2026-08-06
20260806-024,2026-08-06,词组,be likely to,2026-07-10-2011-english-i-text-4.md,are less likely to be satisfied,很可能做某事；有可能做某事,be likely to 表概率倾向；less likely to 表可能性更低。,适合,阅读高频|固定搭配|概率表达|Text4-Q38,不要漏掉 less 造成的比较含义。,1,2026-08-06
20260806-025,2026-08-06,词组,be satisfied with,2026-07-10-2011-english-i-text-4.md,be satisfied with their life,对……感到满意,主语是感到满意的人；with 后接满意的对象。,适合,阅读高频|固定搭配|情感表达|Text4-Q38,不是“生活需求得到满足”的被动结构。,1,2026-08-06
20260806-026,2026-08-06,单词,persistently,2026-07-10-2011-english-i-text-4.md,so persistently celebrates procreation,持续地；坚持不懈地,persistently 描述某种行为或观念反复而持续地存在。,一般,阅读高频|程度副词|社会主题|Text4-S07,so 修饰 persistently 强调持续程度。,1,2026-08-06
20260806-027,2026-08-06,单词,procreation,2026-07-10-2011-english-i-text-4.md,celebrates procreation,生育；繁衍,procreation 是正式名词；在本文指生孩子和延续后代。,一般,阅读识别|家庭主题|正式用词|Text4-S07,不要与 celebrity“名人”混淆。,1,2026-08-06
20260806-028,2026-08-06,词组,celebrate procreation,2026-07-10-2011-english-i-text-4.md,a society that celebrates procreation,推崇生育；赞美生育,celebrate 在此不是举办庆祝活动；而是社会观念对生育给予肯定和赞美。,一般,阅读高频|熟词僻义|社会主题|Text4-S07,结合抽象宾语 procreation 识别“推崇”义。,1,2026-08-06
20260806-029,2026-08-06,单词,wonder,2026-07-10-2011-english-i-text-4.md,is it any wonder that,wonder 可表示惊讶；也可表示想知道,wonder 作名词时可指惊奇；is it any wonder that 是固定反问。作动词时 wonder if 表示想知道或思考是否。,一般,阅读高频|熟词多义|Text4-S07|Text4-S14,不要译成 happiness“快乐”。,1,2026-08-06
20260806-030,2026-08-06,单词,regret,2026-07-10-2011-english-i-text-4.md,regret having children,后悔,regret doing 表示后悔已经做过某事；本句不是 refuse“拒绝”。,一般,阅读高频|情感表达|易混表达|Text4-S07,regret having children 是后悔已经生了孩子而不是拒绝生孩子。,1,2026-08-06
20260806-031,2026-08-06,句型,admit doing,2026-07-10-2011-english-i-text-4.md,admitting you regret having children,承认做某事,admit 后可接动名词或省略 that 的内容从句；表示承认事实而不是允许。,适合,阅读高频|固定搭配|观点表达|Text4-S07,本句 admitting 后接完整内容 you regret having children。,1,2026-08-06
20260806-032,2026-08-06,词组,be equivalent to,2026-07-10-2011-english-i-text-4.md,is equivalent to admitting you support kitten-killing,相当于；等同于,equivalent to 表示在意义或程度上等同；to 是介词所以后接名词或动名词。,适合,阅读高频|写作友好|比较关系|Text4-S07,先找等同关系两端；本句两端都是 admitting 引出的内容。,1,2026-08-06
20260806-033,2026-08-06,单词,kitten-killing,2026-07-10-2011-english-i-text-4.md,support kitten-killing,杀害小猫,kitten 是小猫；killing 是杀害。本文用极端形象作讽刺性类比。,不建议,仅阅读识别|修辞表达|Text4-S07,识别字面义和夸张效果即可。,1,2026-08-06
20260806-034,2026-08-06,句型,is it any wonder that,2026-07-10-2011-english-i-text-4.md,is it any wonder that admitting you regret having children is equivalent to,……有什么奇怪的吗；……不足为奇,这是反问句；表面询问是否奇怪，实际强调在前述社会背景下并不奇怪。,适合,阅读高频|反问结构|逻辑表达|Text4-S07,不要把 wonder 当快乐；that 从句承载被评价的事实。,1,2026-08-06
20260806-035,2026-08-06,句型,compare A to B,2026-07-10-2011-english-i-text-4.md,compare the regrets of parents to the regrets of the childless,把 A 与 B 相比较,compare A to B 在本句表示比较两类后悔；A 和 B 是平行宾语。,适合,阅读高频|固定搭配|比较关系|Text4-S08,先划清两个 regrets of 短语再比较。,1,2026-08-06
20260806-036,2026-08-06,词组,be provoked to wonder,2026-07-10-2011-english-i-text-4.md,rarely are provoked to wonder if,很少被促使去思考；很少被激起疑问,provoke sb to do 表示促使或激起某人做某事；被动形式中主语是承受者。,一般,阅读高频|固定搭配|被动语态|Text4-S09,rarely 限制频率；wonder if 引出思考的内容。,1,2026-08-06
20260806-037,2026-08-06,句型,shouldn't have done,2026-07-10-2011-english-i-text-4.md,if they shouldn't have had kids,本不该做某事,should not have done 对已经发生的过去行为作事后否定或后悔。,适合,阅读高频|情态完成式|时间逻辑|Text4-S09,本句父母已经有孩子；不是“没有生孩子”。,1,2026-08-06
20260806-038,2026-08-06,词组,be bothered with,2026-07-10-2011-english-i-text-4.md,are bothered with the message that,被……困扰；受到……烦扰,bothered 表示因反复信息或压力而烦恼；with 后接困扰来源。,一般,阅读高频|固定搭配|被动语态|Text4-S09,that 从句说明 message 的具体内容。,1,2026-08-06
20260806-039,2026-08-06,词组,the single most important,2026-07-10-2011-english-i-text-4.md,the single most important thing in the world,最重要的那一个；唯一最重要的,single 在最高级前加强唯一性；不是简单等于 only 并删去 most important。,一般,阅读高频|最高级|强调结构|Text4-S09,整体识别 single + 最高级。,1,2026-08-06
20260806-040,2026-08-06,单词,misery,2026-07-10-2011-english-i-text-4.md,obviously their misery must be,痛苦；不幸,misery 表示深切的不幸或痛苦；不是 mystery“谜团”。,一般,阅读高频|易混表达|情感词|Text4-S09,区分 misery“痛苦”和 mystery“谜”。,1,2026-08-06
20260806-041,2026-08-06,词组,be a direct result of,2026-07-10-2011-english-i-text-4.md,must be a direct result of the holes,是……的直接结果,该结构明确表达因果结果；of 后接被说成原因的事物。,适合,写作友好|因果表达|固定搭配|Text4-S09,本句位于反讽话语中；识别结构不等于认同该因果判断。,1,2026-08-06
20260806-042,2026-08-06,单词,gaping,2026-07-10-2011-english-i-text-4.md,the gaping baby-size holes in their lives,巨大的；豁开的；张大的,gaping 修饰 hole 时表示裂口很大且显眼；本句为夸张比喻。,一般,阅读识别|修辞表达|Text4-S09,与 baby-size holes 合起来理解为生活中显眼的孩子形空缺。,1,2026-08-06
20260806-043,2026-08-06,单词,convey,2026-07-10-2011-english-i-text-4.md,the message conveyed by celebrity magazines,传达；表达,convey a message 表示传达信息；conveyed by 是过去分词短语表被动。,适合,阅读高频|写作友好|媒体主题|Text4-Q39,不是 cover“覆盖”；先还原为 the magazines convey the message。,1,2026-08-06
20260806-044,2026-08-06,单词,soothing,2026-07-10-2011-english-i-text-4.md,the message is soothing,安慰性的；使人平静的,soothing 描述能缓和痛苦或使人平静的事物。,一般,阅读高频|选项词汇|情感色彩|Text4-Q39,与 soothe“安抚”建立词形联系。,1,2026-08-06
20260806-045,2026-08-06,单词,compensatory,2026-07-10-2011-english-i-text-4.md,the message is compensatory,补偿性的；弥补性的,compensatory 来自 compensate“补偿”；不是 satisfied“满意的”。,一般,阅读识别|选项词汇|构词法|Text4-Q39,先用词根 compensate 辨认含义。,1,2026-08-06
20260806-046,2026-08-06,单词,misleading,2026-07-10-2011-english-i-text-4.md,the message is misleading,有误导性的；使人产生错误认识的,misleading 描述事物会误导别人；misled 才表示某人被误导。,一般,阅读高频|选项词汇|易混表达|Text4-Q39,主语 message 是施加影响的事物；不能译成“被误导的”。,1,2026-08-06
20260806-047,2026-08-06,单词,parenthood,2026-07-10-2011-english-i-text-4.md,the image of parenthood,为人父母的状态；亲子身份；育儿生活,parenthood 指成为和担当父母的状态；不是 adulthood“成年时期”。,一般,阅读高频|家庭主题|易混表达|Text4-S10|Text4-S14,结合 parent 词根辨认；-hood 表状态或时期。,1,2026-08-06
20260806-048,2026-08-06,词组,the image of parenthood,2026-07-10-2011-english-i-text-4.md,the image of parenthood that celebrity magazines present,媒体呈现的为人父母形象；育儿图景,image 在此是抽象的呈现或形象；不只是一张具体图片。,一般,阅读高频|媒体主题|抽象表达|Text4-S10,that 从句修饰 image；主句中心主语仍是 image。,1,2026-08-06
20260806-049,2026-08-06,单词,hugely,2026-07-10-2011-english-i-text-4.md,is hugely unrealistic,极其；非常,hugely 在此作程度副词修饰 unrealistic；不是字面“巨大的”。,一般,阅读高频|程度副词|Text4-S10,先抓表语 unrealistic 再回填程度。,1,2026-08-06
20260806-050,2026-08-06,单词,unrealistic,2026-07-10-2011-english-i-text-4.md,is hugely unrealistic,不现实的；不切实际的,unrealistic 表示与现实情况不符；不是“不清晰”或“无意识”。,一般,阅读高频|观点态度|易混表达|Text4-S10,un- 否定 realistic“现实的”。,1,2026-08-06
20260806-051,2026-08-06,单词,study,2026-07-10-2011-english-i-text-4.md,According to several studies,研究；研究报告,study 作名词可表示研究；复数 studies 在本句指若干研究而不是 stories“故事”。,一般,阅读高频|学术表达|易混表达|Text4-S11,根据 according to 后的证据语境判断为研究。,1,2026-08-06
20260806-052,2026-08-06,词组,concluding that,2026-07-10-2011-english-i-text-4.md,studies concluding that parents are less happy,得出……结论的,concluding that 是现在分词短语后置修饰 studies；不是全句谓语。,适合,阅读高频|非谓语|学术表达|Text4-S11,全句主句谓语是 are；先跳过分词短语抓主干。,1,2026-08-06
20260806-053,2026-08-06,词组,less happy than,2026-07-10-2011-english-i-text-4.md,parents are less happy than childless couples,不如……幸福；比……幸福程度低,less happy 是比较级；只说明相对程度更低，不等于 unhappy“完全不幸福”。,适合,阅读高频|比较结构|逻辑边界|Text4-S11,比较级不能改写成绝对否定。,1,2026-08-06
20260806-054,2026-08-06,词组,the least happy of all,2026-07-10-2011-english-i-text-4.md,single parents are the least happy of all,在所有人中幸福程度最低,the least happy 是最高级；of all 给出比较范围。,一般,阅读高频|最高级|逻辑边界|Text4-S11,仍是幸福程度比较；不必机械译成“最不高兴”。,1,2026-08-06
20260806-055,2026-08-06,词组,no shock there,2026-07-10-2011-english-i-text-4.md,No shock there,这并不令人震惊；这不足为奇,省略表达；there 回指前一句单亲父母幸福程度最低这一结果。,一般,阅读高频|省略表达|观点态度|Text4-S12,先回前文找 there 所指的结论。,1,2026-08-06
20260806-056,2026-08-06,单词,considering,2026-07-10-2011-english-i-text-4.md,considering how much work it is,考虑到；鉴于,considering 引出判断依据；相当于 given that 或 when one considers。,适合,阅读高频|原因背景|逻辑连接|Text4-S12,本句不是主句谓语“正在考虑”。,1,2026-08-06
20260806-057,2026-08-06,词组,lean on,2026-07-10-2011-english-i-text-4.md,without a partner to lean on,依靠；依赖,lean on sb 可比喻依靠某人的支持；本句不是身体斜靠。,一般,阅读高频|固定搭配|家庭主题|Text4-S12,不定式 to lean on 后省略的宾语就是前面的 partner。,1,2026-08-06
20260806-058,2026-08-06,单词,yet,2026-07-10-2011-english-i-text-4.md,yet to hear Sandra and Britney tell it,然而；可是,yet 在分号后连接转折；把现实中的艰难与明星叙述形成对比。,一般,阅读高频|逻辑连接|Text4-S12,不要与 have yet to“尚未”混为同一用法。,1,2026-08-06
20260806-059,2026-08-06,句型,to hear sb tell it,2026-07-10-2011-english-i-text-4.md,to hear Sandra and Britney tell it,照某人的说法听来；按某人的说法,该插入结构提示接下来的判断是某人的叙述版本；常带保留或讽刺语气。,一般,阅读高频|固定表达|观点归属|Text4-S12,不要逐词译成“为了听”；先标记观点来源。,1,2026-08-06
20260806-060,2026-08-06,词组,on one's own,2026-07-10-2011-english-i-text-4.md,raising a kid on their own,独自地；靠自己,on one's own 表示没有他人协助；引号提醒本文对其真实性持保留态度。,一般,阅读高频|固定搭配|观点态度|Text4-S12,代词 their 指 Sandra and Britney；不是指孩子自己。,1,2026-08-06
20260806-061,2026-08-06,熟词僻义,read:,2026-07-10-2011-english-i-text-4.md,read: with round-the-clock help,应理解为；实际是,括号中的 read: 用来改写或揭示前面说法的真实含义；不是普通“阅读”。,一般,阅读识别|媒体表达|讽刺语气|Text4-S12,把 read: 后内容看作作者对引号内词语的纠正。,1,2026-08-06
20260806-062,2026-08-06,词组,round-the-clock,2026-07-10-2011-english-i-text-4.md,with round-the-clock help,全天候的；昼夜不停的,round-the-clock 作形容词修饰 help；表示一天二十四小时持续提供。,一般,阅读高频|时间表达|固定搭配|Text4-S12,三个词用连字符组成一个前置形容词。,1,2026-08-06
20260806-063,2026-08-06,词组,a piece of cake,2026-07-10-2011-english-i-text-4.md,is a piece of cake,轻而易举的事；小菜一碟,固定习语表示事情很容易；不是“一块蛋糕”或烹饪的一部分。,一般,阅读高频|习语|Text4-S12,本句用该习语转述并讽刺明星把育儿说得过于轻松。,1,2026-08-06
20260806-064,2026-08-06,单词,infer,2026-07-10-2011-english-i-text-4.md,can be inferred from the last paragraph,推断；推知,infer 表示根据证据得出没有被直接说出的结论。,适合,阅读高频|题干表达|做题方法|Text4-Q40,题干问可推断内容；不等于“原文明确提到”。,1,2026-08-06
20260806-065,2026-08-06,词组,contribute little to,2026-07-10-2011-english-i-text-4.md,contributes little to the glamour,对……几乎没有贡献；对……作用很小,little 是程度限制；表示贡献或作用很少。,适合,阅读高频|选项词汇|逻辑表达|Text4-Q40,不要把 glamour 误译后再凭整体印象判断。,1,2026-08-06
20260806-066,2026-08-06,单词,glamour,2026-07-10-2011-english-i-text-4.md,the glamour of celebrity moms,魅力；迷人的光彩,glamour 指吸引人的光鲜魅力；不是 humour“幽默感”。,一般,阅读高频|易混表达|媒体主题|Text4-Q40,区分 glamour“魅力”和 humour“幽默”。,1,2026-08-06
20260806-067,2026-08-06,单词,intensify,2026-07-10-2011-english-i-text-4.md,intensifies our dissatisfaction with life,加剧；增强,intensify 使某种程度变强；可用于 pressure conflict dissatisfaction 等。,适合,阅读高频|写作友好|因果表达|Text4-Q40,先确认是谁在加剧以及加剧什么；不能只凭谓语判断选项。,1,2026-08-06
20260806-068,2026-08-06,单词,dissatisfaction,2026-07-10-2011-english-i-text-4.md,our dissatisfaction with life,不满；不满意,dissatisfaction 是抽象名词；常接 with 指明不满对象。,一般,阅读高频|情感词|构词法|Text4-Q40|Text4-S14,由 satisfaction 加否定前缀 dis- 构成。,1,2026-08-06
20260806-069,2026-08-06,单词,neglect,2026-07-10-2011-english-i-text-4.md,neglect the happiness from child rearing,忽视；疏忽,neglect 后可直接接名词或动名词；表示未给予应有注意。,适合,阅读高频|选项词汇|Text4-Q40,本词义正确不等于选项有原文依据。,1,2026-08-06
20260806-070,2026-08-06,单词,dumb,2026-07-10-2011-english-i-text-4.md,people are dumb enough to want children,愚蠢的；笨的,dumb 在本句是形容词作表语；不是动词。,一般,阅读高频|词性判断|人物评价|Text4-S13,看到 are dumb 先按系动词加形容词分析。,1,2026-08-06
20260806-071,2026-08-06,句型,adj enough to do,2026-07-10-2011-english-i-text-4.md,dumb enough to want children,足够……以至于做某事,enough 放在形容词后；to do 说明达到该程度后会做的事。,适合,阅读高频|固定句型|程度结构|Text4-S13,不是“充足地做某事”；先译形容词程度再接动作。,1,2026-08-06
20260806-072,2026-08-06,词组,want children,2026-07-10-2011-english-i-text-4.md,want children just because,想要孩子；想生养孩子,want children 在家庭话题中表示希望成为父母或希望有孩子。,一般,阅读高频|家庭主题|Text4-S13,children 是 want 的宾语；不是“希望小孩去做某事”。,1,2026-08-06
20260806-073,2026-08-06,句型,make it look glamorous,2026-07-10-2011-english-i-text-4.md,Reese and Angelina make it look so glamorous,使这件事看起来很有魅力,make + 宾语 + 动词原形构成使役结构；it 概括前文生养孩子或为人父母这件事。,适合,阅读高频|使役结构|代词指代|Text4-S13,look 是宾语补足语中的系动词；so glamorous 是其表语。,1,2026-08-06
20260806-074,2026-08-06,单词,haircut,2026-07-10-2011-english-i-text-4.md,a baby is not a haircut,发型；理发,haircut 指剪发行为或剪出的发型；不是 hazard“危害”。,不建议,基础词|易混表达|比喻|Text4-S13,本文强调生孩子不像换发型那样容易模仿或逆转。,1,2026-08-06
20260806-075,2026-08-06,单词,stress-free,2026-07-10-2011-english-i-text-4.md,stress-free parenthood,没有压力的,stress-free 是复合形容词；free 表示免于前面的事物。,一般,阅读高频|复合形容词|家庭主题|Text4-S14,该词修饰 parenthood 而不是指“每周的压力”。,1,2026-08-06
20260806-076,2026-08-06,单词,happiness-enhancing,2026-07-10-2011-english-i-text-4.md,happiness-enhancing parenthood,提升幸福感的,happiness-enhancing 是复合形容词；表示能增强幸福感。,一般,阅读识别|复合形容词|家庭主题|Text4-S14,与 stress-free 并列修饰 parenthood。,1,2026-08-06
20260806-077,2026-08-06,单词,subconscious,2026-07-10-2011-english-i-text-4.md,in some small subconscious way,潜意识的,subconscious 描述未被清楚意识到的心理过程；在本句作形容词修饰 way。,一般,阅读高频|心理表达|Text4-S14,不是一个独立的“方法”；与 small 一起修饰 way。,1,2026-08-06
20260806-078,2026-08-06,单词,actual,2026-07-10-2011-english-i-text-4.md,the actual experience,实际的；真实的,actual 强调现实中真正发生的；不是 complete“完全的”。,一般,阅读高频|熟词易混|Text4-S14,与媒体呈现的理想形象形成对比。,1,2026-08-06
20260806-079,2026-08-06,词组,dissatisfaction with,2026-07-10-2011-english-i-text-4.md,dissatisfactions with the actual experience,对……的不满,with 引出不满所针对的对象；本文对象是实际育儿经历。,适合,阅读高频|固定搭配|情感表达|Text4-S14,注意原文用复数 dissatisfactions 表多方面不满。,1,2026-08-06
20260806-080,2026-08-06,句型,in the same way that,2026-07-10-2011-english-i-text-4.md,in the same way that a small part of us hoped,正如……一样；以与……相同的方式,that 后接类比事件；前后两件事共享相似心理机制。,适合,阅读高频|类比结构|写作友好|Text4-S14,先分别概括类比两端再寻找共同机制。,1,2026-08-06
20260806-081,2026-08-06,句型,make sb look like,2026-07-10-2011-english-i-text-4.md,might make us look just a little bit like Jennifer Aniston,使某人看起来像……,make + 宾语 + 动词原形；look like 后接相似对象。,适合,阅读高频|使役结构|固定搭配|Text4-S14,might 保留可能性；just a little bit 限制相似程度。,1,2026-08-06
20260806-082,2026-08-06,句型,wonder if ... aren't,2026-07-10-2011-english-i-text-4.md,wonder if the images aren't contributing to our dissatisfactions,想知道是否并非没有……；委婉怀疑或许确实……,语法形式含否定；语用上通过否定疑问谨慎提出肯定可能性而不是直接断言。,一般,阅读高频|否定疑问|观点态度|Text4-S14,保留作者的试探语气；不能强化成“肯定正在损害或加剧”。,1,2026-08-06
20260813-001,2026-08-13,词组,peer pressure,2026-07-11-2012-english-i-text-1.md,"According to the first paragraph, peer pressure often emerges as",同伴压力；同辈压力,指同伴群体对个人态度或行为产生的影响与压力。,一般,阅读高频|社会主题|固定搭配|题干表达|Text1-Q21,整体识别 peer pressure；peer 是同伴或同辈，不是 pet“宠物”。,1,2026-08-13
20260813-002,2026-08-13,词组,emerge as,2026-07-11-2012-english-i-text-1.md,"peer pressure often emerges as",表现为；呈现为；以……形式出现,emerge as 后接名词或身份，表示以某种形式出现或逐渐被视为某种事物。,适合,阅读高频|写作友好|固定搭配|题干表达|Text1-Q21,本题应整体读成“通常表现为……”，不要拆成“发生，作为……”。,1,2026-08-13
20260813-003,2026-08-13,单词,supplement,2026-07-11-2012-english-i-text-1.md,a supplement to the social cure,补充物；补充手段,a supplement to sth 表示对某事物的补充。,适合,阅读高频|写作友好|选项词汇|固定搭配|Text1-Q21,不要与 stimulus 或 driving force 混同；作选项时还要核对原文是否真的建立补充关系。,1,2026-08-13
20260813-004,2026-08-13,单词,stimulus,2026-07-11-2012-english-i-text-1.md,a stimulus to group dynamics,刺激因素；促进因素,a stimulus to sth 表示对某事物起刺激或促进作用的因素。,一般,阅读高频|选项词汇|抽象名词|Text1-Q21,核心是“引发反应或活动”，不等于笼统的正面力量；还要核对 stimulus to 的对象关系。,1,2026-08-13
20260813-005,2026-08-13,词组,group dynamics,2026-07-11-2012-english-i-text-1.md,a stimulus to group dynamics; the power of group dynamics,群体动力；群体互动机制,指群体成员之间的互动及其对行为产生影响的机制，不是物理学的动力学。,一般,阅读高频|社会主题|固定术语|选项词汇|Text1-Q21|Text1-S04,整体识别 group dynamics；不要误成“团队数字化”，也不要因关键词重合而虚构 stimulus 关系。,2,2026-08-13
20260813-006,2026-08-13,单词,undesirable,2026-07-11-2012-english-i-text-1.md,a cause of undesirable behaviors,不良的；不受欢迎的；不可取的,undesirable behaviors 表示不良行为或不可取的行为。,一般,阅读高频|选项词汇|态度色彩|Text1-Q21,由 un- 否定 desirable；先确定负面色彩，再还原 a cause of 的名词关系。,1,2026-08-13
20260813-007,2026-08-13,单词,whispered,2026-07-11-2012-english-i-text-1.md,That whispered message,低声说出的；耳语的,whispered 修饰 message，表示低声说出或像耳语一样传递的信息。,一般,阅读高频|形近词辨析|错句来源|Text1-S02,不要与 widespread“广泛的”混淆；先核对词根 whisper 与句法位置。,1,2026-08-13
20260813-008,2026-08-13,单词,forcing,2026-07-11-2012-english-i-text-1.md,half invitation and half forcing,强迫；逼迫,forcing 在本句与 invitation 并列，表示话语中带有强迫成分。,一般,阅读高频|形近词辨析|并列结构|错句来源|Text1-S02,forcing 来自 force；不要与 focusing“集中注意力”混淆。,1,2026-08-13
20260813-009,2026-08-13,词组,contend that,2026-07-11-2012-english-i-text-1.md,Tina Rosenberg contends that peer pressure can also be a positive force,主张；认为；论证说……,contend that 后接宾语从句，用于引出某人的主张或论点。,适合,阅读高频|写作友好|议论文常用|固定搭配|形近词辨析|Text1-S04,先检查主句是否需要谓语；contends 是动词第三人称单数，不是 content“内容”。,1,2026-08-13
20260813-010,2026-08-13,词组,positive force,2026-07-11-2012-english-i-text-1.md,peer pressure can also be a positive force,积极力量；正面影响；积极作用,positive force 指产生积极影响的人或事物；本句不强调“有效”或“推动”。,适合,阅读高频|写作友好|评价表达|形近词辨析|Text1-S04,positive 不是 effective；positive force 不等于已有 driving force 20260424-114。,1,2026-08-13
20260813-011,2026-08-13,单词,official,2026-07-11-2012-english-i-text-1.md,organizations and officials use the power of group dynamics,官员；公职人员,official 作名词表示官员或公职人员；原句用复数 officials，与 organizations 并列作主语。,一般,阅读高频|机构角色|形近词辨析|错句来源|Text1-S04,official 指人；office 指办公室或职位，不能因字形相近替换。,1,2026-08-13
20260813-012,2026-08-13,词组,improve one's life,2026-07-11-2012-english-i-text-1.md,improve their lives and possibly the world,改善某人的生活,improve one's life 表示改善生活状况；在本句中 their lives 与 the world 都受 improve 支配。,适合,阅读高频|写作友好|固定搭配|社会主题|Text1-S04,中文常说“改善生活”而不是“提高生活”；possibly 只给后一个并列宾语增加不确定性。,1,2026-08-13
