normalized	canonical_entry_id	occurrence_count	sections	verification_status
a/an	SYL-VOCAB-P005-L01	1	part_1_true_exam	ocr_consensus_unreviewed
abandon	SYL-VOCAB-P005-L02	1	part_1_true_exam	ocr_consensus_unreviewed
abdicate	SYL-VOCAB-P088-L05	1	part_3_beyond_syllabus	verified_manual_visual
abdomen	SYL-VOCAB-P071-L08	1	part_2_zero_frequency	verified_manual_visual
abide	SYL-VOCAB-P005-L03	1	part_1_true_exam	ocr_consensus_unreviewed
ability	SYL-VOCAB-P005-L04	1	part_1_true_exam	ocr_consensus_unreviewed
able	SYL-VOCAB-P005-L05	1	part_1_true_exam	ocr_consensus_unreviewed
abnormal	SYL-VOCAB-P005-L06	1	part_1_true_exam	ocr_consensus_unreviewed
aboard	SYL-VOCAB-P005-L07	1	part_1_true_exam	ocr_consensus_unreviewed
abolish	SYL-VOCAB-P005-L08	1	part_1_true_exam	ocr_consensus_unreviewed
abound	SYL-VOCAB-P005-L09	1	part_1_true_exam	ocr_consensus_unreviewed
about	SYL-VOCAB-P005-L10	1	part_1_true_exam	ocr_consensus_unreviewed
above	SYL-VOCAB-P005-L11	1	part_1_true_exam	ocr_consensus_unreviewed
abroad	SYL-VOCAB-P005-L12	1	part_1_true_exam	ocr_consensus_unreviewed
abrupt	SYL-VOCAB-P005-L13	1	part_1_true_exam	ocr_consensus_unreviewed
absence	SYL-VOCAB-P005-L14	1	part_1_true_exam	ocr_consensus_unreviewed
absent	SYL-VOCAB-P071-L09	1	part_2_zero_frequency	ocr_consensus_unreviewed
absolute	SYL-VOCAB-P005-L15	1	part_1_true_exam	ocr_consensus_unreviewed
absorb	SYL-VOCAB-P005-L16	1	part_1_true_exam	ocr_consensus_unreviewed
abstract	SYL-VOCAB-P005-L17	1	part_1_true_exam	ocr_consensus_unreviewed
absurd	SYL-VOCAB-P005-L18	1	part_1_true_exam	ocr_consensus_unreviewed
abundance	SYL-VOCAB-P005-L19	1	part_1_true_exam	ocr_consensus_unreviewed
abundant	SYL-VOCAB-P005-L20	1	part_1_true_exam	ocr_consensus_unreviewed
abuse	SYL-VOCAB-P005-R01	1	part_1_true_exam	ocr_consensus_unreviewed
academia	SYL-VOCAB-P088-L06	1	part_3_beyond_syllabus	ocr_consensus_unreviewed
academic	SYL-VOCAB-P005-R02	1	part_1_true_exam	ocr_consensus_unreviewed
academy	SYL-VOCAB-P005-R03	1	part_1_true_exam	ocr_consensus_unreviewed
accelerate	SYL-VOCAB-P005-R04	1	part_1_true_exam	ocr_consensus_unreviewed
accent	SYL-VOCAB-P071-L10	1	part_2_zero_frequency	ocr_consensus_unreviewed
accept	SYL-VOCAB-P005-R05	1	part_1_true_exam	ocr_consensus_unreviewed
acceptance	SYL-VOCAB-P005-R06	1	part_1_true_exam	ocr_consensus_unreviewed
access	SYL-VOCAB-P005-R07	1	part_1_true_exam	ocr_consensus_unreviewed
accessory	SYL-VOCAB-P071-L11	1	part_2_zero_frequency	verified_manual_visual
accident	SYL-VOCAB-P005-R08	1	part_1_true_exam	ocr_consensus_unreviewed
accidental	SYL-VOCAB-P005-R09	1	part_1_true_exam	ocr_consensus_unreviewed
acclaim	SYL-VOCAB-P005-R10	1	part_1_true_exam	ocr_consensus_unreviewed
accommodate	SYL-VOCAB-P005-R11	1	part_1_true_exam	ocr_consensus_unreviewed
accommodation	SYL-VOCAB-P005-R12	1	part_1_true_exam	ocr_consensus_unreviewed
accompany	SYL-VOCAB-P005-R13	1	part_1_true_exam	ocr_consensus_unreviewed
accomplish	SYL-VOCAB-P005-R14	1	part_1_true_exam	ocr_consensus_unreviewed
accord	SYL-VOCAB-P005-R15	1	part_1_true_exam	ocr_consensus_unreviewed
accordance	SYL-VOCAB-P071-L12	1	part_2_zero_frequency	ocr_consensus_unreviewed
according to	SYL-VOCAB-P005-R16	1	part_1_true_exam	ocr_consensus_unreviewed
accordingly	SYL-VOCAB-P005-R17	1	part_1_true_exam	ocr_consensus_unreviewed
account	SYL-VOCAB-P005-R18	1	part_1_true_exam	ocr_consensus_unreviewed
accountant	SYL-VOCAB-P005-R19	1	part_1_true_exam	ocr_consensus_unreviewed
accumulate	SYL-VOCAB-P005-R20	1	part_1_true_exam	ocr_consensus_unreviewed
accuracy	SYL-VOCAB-P005-R21	1	part_1_true_exam	ocr_consensus_unreviewed
accurate	SYL-VOCAB-P005-R22	1	part_1_true_exam	ocr_consensus_unreviewed
accuse	SYL-VOCAB-P005-R23	1	part_1_true_exam	ocr_consensus_unreviewed
accustom	SYL-VOCAB-P006-L01	1	part_1_true_exam	ocr_consensus_unreviewed
ache	SYL-VOCAB-P071-L13	1	part_2_zero_frequency	ocr_consensus_unreviewed
achieve	SYL-VOCAB-P006-L02	1	part_1_true_exam	ocr_consensus_unreviewed
acid	SYL-VOCAB-P006-L03	1	part_1_true_exam	ocr_consensus_unreviewed
acknowledge	SYL-VOCAB-P006-L04	1	part_1_true_exam	ocr_consensus_unreviewed
acquaintance	SYL-VOCAB-P006-L05	1	part_1_true_exam	ocr_consensus_unreviewed
acquire	SYL-VOCAB-P006-L06	1	part_1_true_exam	ocr_consensus_unreviewed
acquisition	SYL-VOCAB-P006-L07	1	part_1_true_exam	ocr_consensus_unreviewed
acre	SYL-VOCAB-P071-L14	1	part_2_zero_frequency	ocr_consensus_unreviewed
acrobat	SYL-VOCAB-P071-L15	1	part_2_zero_frequency	verified_manual_visual
across	SYL-VOCAB-P006-L08	1	part_1_true_exam	ocr_consensus_unreviewed
act	SYL-VOCAB-P006-L09	1	part_1_true_exam	ocr_consensus_unreviewed
action	SYL-VOCAB-P006-L10	1	part_1_true_exam	ocr_consensus_unreviewed
activate	SYL-VOCAB-P006-L11	1	part_1_true_exam	ocr_consensus_unreviewed
active	SYL-VOCAB-P006-L12	1	part_1_true_exam	ocr_consensus_unreviewed
activity	SYL-VOCAB-P006-L13	1	part_1_true_exam	verified_manual_visual
actor	SYL-VOCAB-P006-L14	1	part_1_true_exam	ocr_consensus_unreviewed
actress	SYL-VOCAB-P071-L16	1	part_2_zero_frequency	ocr_consensus_unreviewed
actual	SYL-VOCAB-P006-L15	1	part_1_true_exam	ocr_consensus_unreviewed
acute	SYL-VOCAB-P006-L16	1	part_1_true_exam	ocr_consensus_unreviewed
adapt	SYL-VOCAB-P006-L17	1	part_1_true_exam	ocr_consensus_unreviewed
add	SYL-VOCAB-P006-L18	1	part_1_true_exam	ocr_consensus_unreviewed
addict	SYL-VOCAB-P006-L19	1	part_1_true_exam	ocr_consensus_unreviewed
addition	SYL-VOCAB-P006-L20	1	part_1_true_exam	ocr_consensus_unreviewed
additional	SYL-VOCAB-P006-L21	1	part_1_true_exam	ocr_consensus_unreviewed
address	SYL-VOCAB-P006-L22	1	part_1_true_exam	ocr_consensus_unreviewed
adequate	SYL-VOCAB-P006-L23	1	part_1_true_exam	ocr_consensus_unreviewed
adhere	SYL-VOCAB-P006-L24	1	part_1_true_exam	ocr_consensus_unreviewed
adjacent	SYL-VOCAB-P071-L17	1	part_2_zero_frequency	verified_manual_visual
adjective	SYL-VOCAB-P006-L25	1	part_1_true_exam	ocr_consensus_unreviewed
adjoin	SYL-VOCAB-P006-L26	1	part_1_true_exam	ocr_consensus_unreviewed
adjust	SYL-VOCAB-P006-L27	1	part_1_true_exam	ocr_consensus_unreviewed
administer	SYL-VOCAB-P006-L28	1	part_1_true_exam	ocr_consensus_unreviewed
administration	SYL-VOCAB-P006-L29	1	part_1_true_exam	ocr_consensus_unreviewed
admire	SYL-VOCAB-P006-L30	1	part_1_true_exam	ocr_consensus_unreviewed
admission	SYL-VOCAB-P006-L31	1	part_1_true_exam	ocr_consensus_unreviewed
admit	SYL-VOCAB-P006-R01	1	part_1_true_exam	ocr_consensus_unreviewed
adolescent	SYL-VOCAB-P006-R02	1	part_1_true_exam	ocr_consensus_unreviewed
adopt	SYL-VOCAB-P006-R03	1	part_1_true_exam	ocr_consensus_unreviewed
adore	SYL-VOCAB-P006-R04	1	part_1_true_exam	ocr_consensus_unreviewed
adult	SYL-VOCAB-P006-R05	1	part_1_true_exam	ocr_consensus_unreviewed
advance	SYL-VOCAB-P006-R06	1	part_1_true_exam	ocr_consensus_unreviewed
advanced	SYL-VOCAB-P006-R07	1	part_1_true_exam	ocr_consensus_unreviewed
advantage	SYL-VOCAB-P006-R08	1	part_1_true_exam	ocr_consensus_unreviewed
advent	SYL-VOCAB-P006-R09	1	part_1_true_exam	ocr_consensus_unreviewed
adventure	SYL-VOCAB-P006-R10	1	part_1_true_exam	ocr_consensus_unreviewed
adverb	SYL-VOCAB-P071-L18	1	part_2_zero_frequency	ocr_consensus_unreviewed
adversarial	SYL-VOCAB-P088-L07	1	part_3_beyond_syllabus	verified_manual_visual
adverse	SYL-VOCAB-P006-R13	1	part_1_true_exam	ocr_consensus_unreviewed
advertise	SYL-VOCAB-P006-R11	1	part_1_true_exam	ocr_consensus_unreviewed
advice	SYL-VOCAB-P006-R12	1	part_1_true_exam	ocr_consensus_unreviewed
advisable	SYL-VOCAB-P006-R14	1	part_1_true_exam	ocr_consensus_unreviewed
advise	SYL-VOCAB-P006-R15	1	part_1_true_exam	ocr_consensus_unreviewed
advocate	SYL-VOCAB-P006-R16	1	part_1_true_exam	ocr_consensus_unreviewed
aerial	SYL-VOCAB-P006-R17	1	part_1_true_exam	ocr_consensus_unreviewed
aeroplane	SYL-VOCAB-P006-R18	1	part_1_true_exam	ocr_consensus_unreviewed
aesthetic	SYL-VOCAB-P071-L19	1	part_2_zero_frequency	ocr_consensus_unreviewed
affair	SYL-VOCAB-P006-R19	1	part_1_true_exam	ocr_consensus_unreviewed
affect	SYL-VOCAB-P006-R20	1	part_1_true_exam	ocr_consensus_unreviewed
affection	SYL-VOCAB-P071-L20	1	part_2_zero_frequency	ocr_consensus_unreviewed
affiliate	SYL-VOCAB-P006-R21	1	part_1_true_exam	ocr_consensus_unreviewed
affirm	SYL-VOCAB-P006-R22	1	part_1_true_exam	ocr_consensus_unreviewed
affluent	SYL-VOCAB-P071-L21	1	part_2_zero_frequency	ocr_consensus_unreviewed
afford	SYL-VOCAB-P006-R23	1	part_1_true_exam	ocr_consensus_unreviewed
afraid	SYL-VOCAB-P006-R24	1	part_1_true_exam	ocr_consensus_unreviewed
after	SYL-VOCAB-P006-R25	1	part_1_true_exam	ocr_consensus_unreviewed
afternoon	SYL-VOCAB-P006-R26	1	part_1_true_exam	ocr_consensus_unreviewed
afterward	SYL-VOCAB-P006-R27	1	part_1_true_exam	ocr_consensus_unreviewed
again	SYL-VOCAB-P006-R28	1	part_1_true_exam	ocr_consensus_unreviewed
against	SYL-VOCAB-P006-R29	1	part_1_true_exam	ocr_consensus_unreviewed
age	SYL-VOCAB-P006-R30	1	part_1_true_exam	ocr_consensus_unreviewed
agency	SYL-VOCAB-P006-R31	1	part_1_true_exam	ocr_consensus_unreviewed
agenda	SYL-VOCAB-P006-R32	1	part_1_true_exam	ocr_consensus_unreviewed
agent	SYL-VOCAB-P006-R33	1	part_1_true_exam	ocr_consensus_unreviewed
aggravate	SYL-VOCAB-P006-R34	1	part_1_true_exam	ocr_consensus_unreviewed
aggregation	SYL-VOCAB-P088-L08	1	part_3_beyond_syllabus	ocr_consensus_unreviewed
aggressive	SYL-VOCAB-P007-L01	1	part_1_true_exam	ocr_consensus_unreviewed
agitate	SYL-VOCAB-P071-L22	1	part_2_zero_frequency	ocr_consensus_unreviewed
ago	SYL-VOCAB-P007-L02	1	part_1_true_exam	ocr_consensus_unreviewed
agony	SYL-VOCAB-P007-L03	1	part_1_true_exam	ocr_consensus_unreviewed
agree	SYL-VOCAB-P007-L04	1	part_1_true_exam	ocr_consensus_unreviewed
agreeable	SYL-VOCAB-P007-L05	1	part_1_true_exam	ocr_consensus_unreviewed
agreement	SYL-VOCAB-P007-L06	1	part_1_true_exam	ocr_consensus_unreviewed
agriculture	SYL-VOCAB-P007-L07	1	part_1_true_exam	ocr_consensus_unreviewed
ahead	SYL-VOCAB-P007-L08	1	part_1_true_exam	ocr_consensus_unreviewed
aid	SYL-VOCAB-P007-L09	1	part_1_true_exam	ocr_consensus_unreviewed
aim	SYL-VOCAB-P007-L10	1	part_1_true_exam	ocr_consensus_unreviewed
air	SYL-VOCAB-P007-L11	1	part_1_true_exam	ocr_consensus_unreviewed
air-conditioning	SYL-VOCAB-P007-L12	1	part_1_true_exam	ocr_consensus_unreviewed
aircraft	SYL-VOCAB-P007-L13	1	part_1_true_exam	ocr_consensus_unreviewed
airline	SYL-VOCAB-P007-L14	1	part_1_true_exam	ocr_consensus_unreviewed
airport	SYL-VOCAB-P007-L15	1	part_1_true_exam	ocr_consensus_unreviewed
aisle	SYL-VOCAB-P071-L23	1	part_2_zero_frequency	ocr_consensus_unreviewed
akin to	SYL-VOCAB-P088-L09	1	part_3_beyond_syllabus	ocr_consensus_unreviewed
alarm	SYL-VOCAB-P007-L16	1	part_1_true_exam	ocr_consensus_unreviewed
album	SYL-VOCAB-P071-L24	1	part_2_zero_frequency	ocr_consensus_unreviewed
alcohol	SYL-VOCAB-P007-L17	1	part_1_true_exam	ocr_consensus_unreviewed
alert	SYL-VOCAB-P007-L18	1	part_1_true_exam	ocr_consensus_unreviewed
algorithm	SYL-VOCAB-P088-L10	1	part_3_beyond_syllabus	verified_manual_visual
alien	SYL-VOCAB-P007-L19	1	part_1_true_exam	ocr_consensus_unreviewed
alienate	SYL-VOCAB-P071-L25	1	part_2_zero_frequency	ocr_consensus_unreviewed
align	SYL-VOCAB-P088-L11	1	part_3_beyond_syllabus	ocr_consensus_unreviewed
alike	SYL-VOCAB-P007-L20	1	part_1_true_exam	ocr_consensus_unreviewed
alive	SYL-VOCAB-P007-L21	1	part_1_true_exam	ocr_consensus_unreviewed
all	SYL-VOCAB-P007-L22	1	part_1_true_exam	ocr_consensus_unreviewed
allege	SYL-VOCAB-P007-L23	1	part_1_true_exam	ocr_consensus_unreviewed
allegiance	SYL-VOCAB-P071-L26	1	part_2_zero_frequency	ocr_consensus_unreviewed
alleviate	SYL-VOCAB-P007-L24	1	part_1_true_exam	ocr_consensus_unreviewed
alliance	SYL-VOCAB-P007-L25	1	part_1_true_exam	ocr_consensus_unreviewed
allocate	SYL-VOCAB-P007-L26	1	part_1_true_exam	ocr_consensus_unreviewed
allow	SYL-VOCAB-P007-L27	1	part_1_true_exam	ocr_consensus_unreviewed
allowance	SYL-VOCAB-P007-L28	1	part_1_true_exam	ocr_consensus_unreviewed
alloy	SYL-VOCAB-P071-L27	1	part_2_zero_frequency	ocr_consensus_unreviewed
ally	SYL-VOCAB-P007-L29	1	part_1_true_exam	ocr_consensus_unreviewed
almost	SYL-VOCAB-P007-L30	1	part_1_true_exam	ocr_consensus_unreviewed
alone	SYL-VOCAB-P007-L31	1	part_1_true_exam	ocr_consensus_unreviewed
along	SYL-VOCAB-P007-L32	1	part_1_true_exam	ocr_consensus_unreviewed
alongside	SYL-VOCAB-P007-L33	1	part_1_true_exam	ocr_consensus_unreviewed
aloud	SYL-VOCAB-P071-L28	1	part_2_zero_frequency	ocr_consensus_unreviewed
alphabet	SYL-VOCAB-P007-L34	1	part_1_true_exam	ocr_consensus_unreviewed
already	SYL-VOCAB-P007-L35	1	part_1_true_exam	ocr_consensus_unreviewed
also	SYL-VOCAB-P007-R01	1	part_1_true_exam	ocr_consensus_unreviewed
alter	SYL-VOCAB-P007-R02	1	part_1_true_exam	ocr_consensus_unreviewed
alternate	SYL-VOCAB-P007-R03	1	part_1_true_exam	ocr_consensus_unreviewed
alternative	SYL-VOCAB-P007-R04	1	part_1_true_exam	ocr_consensus_unreviewed
although	SYL-VOCAB-P007-R05	1	part_1_true_exam	ocr_consensus_unreviewed
altitude	SYL-VOCAB-P007-R06	1	part_1_true_exam	ocr_consensus_unreviewed
altogether	SYL-VOCAB-P007-R07	1	part_1_true_exam	ocr_consensus_unreviewed
aluminum	SYL-VOCAB-P071-L29	1	part_2_zero_frequency	ocr_consensus_unreviewed
always	SYL-VOCAB-P007-R08	1	part_1_true_exam	ocr_consensus_unreviewed
amateur	SYL-VOCAB-P007-R09	1	part_1_true_exam	ocr_consensus_unreviewed
amaze	SYL-VOCAB-P007-R10	1	part_1_true_exam	ocr_consensus_unreviewed
ambassador	SYL-VOCAB-P071-L30	1	part_2_zero_frequency	ocr_consensus_unreviewed
ambiguous	SYL-VOCAB-P007-R11	1	part_1_true_exam	ocr_consensus_unreviewed
ambition	SYL-VOCAB-P007-R12	1	part_1_true_exam	ocr_consensus_unreviewed
ambitious	SYL-VOCAB-P007-R13	1	part_1_true_exam	ocr_consensus_unreviewed
ambulance	SYL-VOCAB-P007-R14	1	part_1_true_exam	ocr_consensus_unreviewed
amend	SYL-VOCAB-P071-L31	1	part_2_zero_frequency	ocr_consensus_unreviewed
amiable	SYL-VOCAB-P007-R15	1	part_1_true_exam	ocr_consensus_unreviewed
amid	SYL-VOCAB-P007-R16	1	part_1_true_exam	ocr_consensus_unreviewed
among	SYL-VOCAB-P007-R17	1	part_1_true_exam	ocr_consensus_unreviewed
amount	SYL-VOCAB-P007-R18	1	part_1_true_exam	ocr_consensus_unreviewed
ample	SYL-VOCAB-P007-R19	1	part_1_true_exam	ocr_consensus_unreviewed
amplifier	SYL-VOCAB-P071-L32	1	part_2_zero_frequency	ocr_consensus_unreviewed
amplify	SYL-VOCAB-P071-L33	1	part_2_zero_frequency	ocr_consensus_unreviewed
amuse	SYL-VOCAB-P007-R20	1	part_1_true_exam	ocr_consensus_unreviewed
anaemia	SYL-VOCAB-P088-L12	1	part_3_beyond_syllabus	ocr_consensus_unreviewed
analogue	SYL-VOCAB-P007-R22	1	part_1_true_exam	ocr_consensus_unreviewed
analogy	SYL-VOCAB-P007-R21	1	part_1_true_exam	ocr_consensus_unreviewed
analyse	SYL-VOCAB-P007-R23	1	part_1_true_exam	ocr_consensus_unreviewed
analysis	SYL-VOCAB-P007-R24	1	part_1_true_exam	ocr_consensus_unreviewed
analytic	SYL-VOCAB-P007-R25	1	part_1_true_exam	ocr_consensus_unreviewed
anatomy	SYL-VOCAB-P088-L13	1	part_3_beyond_syllabus	verified_manual_visual
ancestor	SYL-VOCAB-P007-R26	1	part_1_true_exam	ocr_consensus_unreviewed
anchor	SYL-VOCAB-P007-R27	1	part_1_true_exam	ocr_consensus_unreviewed
ancient	SYL-VOCAB-P007-R28	1	part_1_true_exam	ocr_consensus_unreviewed
and	SYL-VOCAB-P007-R29	1	part_1_true_exam	ocr_consensus_unreviewed
anecdote	SYL-VOCAB-P007-R30	1	part_1_true_exam	ocr_consensus_unreviewed
angel	SYL-VOCAB-P007-R31	1	part_1_true_exam	ocr_consensus_unreviewed
anger	SYL-VOCAB-P007-R32	1	part_1_true_exam	ocr_consensus_unreviewed
angle	SYL-VOCAB-P007-R33	1	part_1_true_exam	ocr_consensus_unreviewed
angry	SYL-VOCAB-P007-R34	1	part_1_true_exam	ocr_consensus_unreviewed
anguish	SYL-VOCAB-P071-L34	1	part_2_zero_frequency	ocr_consensus_unreviewed
animal	SYL-VOCAB-P007-R35	1	part_1_true_exam	ocr_consensus_unreviewed
ankle	SYL-VOCAB-P071-R07	1	part_2_zero_frequency	verified_manual_visual
anniversary	SYL-VOCAB-P071-R08	1	part_2_zero_frequency	ocr_consensus_unreviewed
announce	SYL-VOCAB-P007-R36	1	part_1_true_exam	ocr_consensus_unreviewed
annoy	SYL-VOCAB-P007-R37	1	part_1_true_exam	ocr_consensus_unreviewed
annual	SYL-VOCAB-P007-R38	1	part_1_true_exam	ocr_consensus_unreviewed
anonymous	SYL-VOCAB-P007-R39	1	part_1_true_exam	ocr_consensus_unreviewed
another	SYL-VOCAB-P008-L01	1	part_1_true_exam	ocr_consensus_unreviewed
answer	SYL-VOCAB-P008-L02	1	part_1_true_exam	ocr_consensus_unreviewed
ant	SYL-VOCAB-P008-L03	1	part_1_true_exam	ocr_consensus_unreviewed
antagonistic	SYL-VOCAB-P088-L14	1	part_3_beyond_syllabus	ocr_consensus_unreviewed
antenna	SYL-VOCAB-P071-R09	1	part_2_zero_frequency	ocr_consensus_unreviewed
anthropologist	SYL-VOCAB-P088-L15	1	part_3_beyond_syllabus	verified_manual_visual
anticipate	SYL-VOCAB-P008-L04	1	part_1_true_exam	ocr_consensus_unreviewed
antique	SYL-VOCAB-P008-L05	1	part_1_true_exam	ocr_consensus_unreviewed
anxiety	SYL-VOCAB-P008-L06	1	part_1_true_exam	ocr_consensus_unreviewed
anxious	SYL-VOCAB-P008-L07	1	part_1_true_exam	ocr_consensus_unreviewed
any	SYL-VOCAB-P008-L08	1	part_1_true_exam	ocr_consensus_unreviewed
anybody	SYL-VOCAB-P071-R10	1	part_2_zero_frequency	ocr_consensus_unreviewed
anyhow	SYL-VOCAB-P071-R11	1	part_2_zero_frequency	verified_manual_visual
anyone	SYL-VOCAB-P008-L09	1	part_1_true_exam	ocr_consensus_unreviewed
anything	SYL-VOCAB-P008-L10	1	part_1_true_exam	ocr_consensus_unreviewed
anyway	SYL-VOCAB-P008-L11	1	part_1_true_exam	ocr_consensus_unreviewed
anywhere	SYL-VOCAB-P008-L12	1	part_1_true_exam	ocr_consensus_unreviewed
apart	SYL-VOCAB-P008-L13	1	part_1_true_exam	ocr_consensus_unreviewed
apartment	SYL-VOCAB-P008-L14	1	part_1_true_exam	ocr_consensus_unreviewed
ape	SYL-VOCAB-P071-R12	1	part_2_zero_frequency	ocr_consensus_unreviewed
apologize	SYL-VOCAB-P008-L15	1	part_1_true_exam	ocr_consensus_unreviewed
apology	SYL-VOCAB-P008-L16	1	part_1_true_exam	ocr_consensus_unreviewed
appal	SYL-VOCAB-P071-R13	1	part_2_zero_frequency	ocr_consensus_unreviewed
apparatus	SYL-VOCAB-P008-L17	1	part_1_true_exam	ocr_consensus_unreviewed
apparent	SYL-VOCAB-P008-L18	1	part_1_true_exam	ocr_consensus_unreviewed
appeal	SYL-VOCAB-P008-L19	1	part_1_true_exam	ocr_consensus_unreviewed
appear	SYL-VOCAB-P008-L20	1	part_1_true_exam	ocr_consensus_unreviewed
appearance	SYL-VOCAB-P008-L21	1	part_1_true_exam	ocr_consensus_unreviewed
appendix	SYL-VOCAB-P071-R14	1	part_2_zero_frequency	ocr_consensus_unreviewed
appetite	SYL-VOCAB-P008-L22	1	part_1_true_exam	ocr_consensus_unreviewed
applaud	SYL-VOCAB-P071-R15	1	part_2_zero_frequency	ocr_consensus_unreviewed
applause	SYL-VOCAB-P071-R16	1	part_2_zero_frequency	ocr_consensus_unreviewed
apple	SYL-VOCAB-P008-L23	1	part_1_true_exam	ocr_consensus_unreviewed
appliance	SYL-VOCAB-P008-L24	1	part_1_true_exam	ocr_consensus_unreviewed
applicable	SYL-VOCAB-P008-L25	1	part_1_true_exam	ocr_consensus_unreviewed
application	SYL-VOCAB-P008-L26	1	part_1_true_exam	ocr_consensus_unreviewed
apply	SYL-VOCAB-P008-L27	1	part_1_true_exam	ocr_consensus_unreviewed
appoint	SYL-VOCAB-P008-L28	1	part_1_true_exam	ocr_consensus_unreviewed
appointment	SYL-VOCAB-P008-L29	1	part_1_true_exam	ocr_consensus_unreviewed
appraisal	SYL-VOCAB-P071-R17	1	part_2_zero_frequency	ocr_consensus_unreviewed
appreciate	SYL-VOCAB-P008-L30	1	part_1_true_exam	ocr_consensus_unreviewed
apprehension	SYL-VOCAB-P088-L16	1	part_3_beyond_syllabus	ocr_consensus_unreviewed
approach	SYL-VOCAB-P008-L31	1	part_1_true_exam	ocr_consensus_unreviewed
appropriate	SYL-VOCAB-P008-R01	1	part_1_true_exam	ocr_consensus_unreviewed
approval	SYL-VOCAB-P008-R02	1	part_1_true_exam	ocr_consensus_unreviewed
approve	SYL-VOCAB-P008-R03	1	part_1_true_exam	ocr_consensus_unreviewed
approximate	SYL-VOCAB-P008-R04	1	part_1_true_exam	ocr_consensus_unreviewed
april	SYL-VOCAB-P008-R05	1	part_1_true_exam	ocr_consensus_unreviewed
apt	SYL-VOCAB-P008-R06	1	part_1_true_exam	ocr_consensus_unreviewed
arbiter	SYL-VOCAB-P088-L17	1	part_3_beyond_syllabus	ocr_consensus_unreviewed
arbitrary	SYL-VOCAB-P008-R07	1	part_1_true_exam	ocr_consensus_unreviewed
arch	SYL-VOCAB-P071-R18	1	part_2_zero_frequency	ocr_consensus_unreviewed
architect	SYL-VOCAB-P071-R19	1	part_2_zero_frequency	verified_manual_visual
architecture	SYL-VOCAB-P008-R08	1	part_1_true_exam	ocr_consensus_unreviewed
area	SYL-VOCAB-P008-R09	1	part_1_true_exam	ocr_consensus_unreviewed
argue	SYL-VOCAB-P008-R10	1	part_1_true_exam	ocr_consensus_unreviewed
argument	SYL-VOCAB-P008-R11	1	part_1_true_exam	ocr_consensus_unreviewed
arise	SYL-VOCAB-P008-R12	1	part_1_true_exam	ocr_consensus_unreviewed
aristocratic	SYL-VOCAB-P088-L18	1	part_3_beyond_syllabus	ocr_consensus_unreviewed
arithmetic	SYL-VOCAB-P008-R13	1	part_1_true_exam	ocr_consensus_unreviewed
arm	SYL-VOCAB-P008-R14	1	part_1_true_exam	ocr_consensus_unreviewed
army	SYL-VOCAB-P008-R15	1	part_1_true_exam	ocr_consensus_unreviewed
around	SYL-VOCAB-P008-R16	1	part_1_true_exam	ocr_consensus_unreviewed
arouse	SYL-VOCAB-P008-R17	1	part_1_true_exam	ocr_consensus_unreviewed
arrange	SYL-VOCAB-P008-R18	1	part_1_true_exam	ocr_consensus_unreviewed
array	SYL-VOCAB-P008-R19	1	part_1_true_exam	ocr_consensus_unreviewed
arrest	SYL-VOCAB-P008-R20	1	part_1_true_exam	ocr_consensus_unreviewed
arrival	SYL-VOCAB-P008-R21	1	part_1_true_exam	ocr_consensus_unreviewed
arrive	SYL-VOCAB-P008-R22	1	part_1_true_exam	ocr_consensus_unreviewed
arrogant	SYL-VOCAB-P008-R23	1	part_1_true_exam	ocr_consensus_unreviewed
arrow	SYL-VOCAB-P071-R20	1	part_2_zero_frequency	ocr_consensus_unreviewed
artery	SYL-VOCAB-P071-R21	1	part_2_zero_frequency	ocr_consensus_unreviewed
arthritis	SYL-VOCAB-P088-L19	1	part_3_beyond_syllabus	ocr_consensus_unreviewed
article	SYL-VOCAB-P008-R25	1	part_1_true_exam	ocr_consensus_unreviewed
articulate	SYL-VOCAB-P008-R26	1	part_1_true_exam	ocr_consensus_unreviewed
artificial	SYL-VOCAB-P008-R27	1	part_1_true_exam	verified_manual_visual
artist	SYL-VOCAB-P008-R28	1	part_1_true_exam	ocr_consensus_unreviewed
artistic	SYL-VOCAB-P008-R29	1	part_1_true_exam	ocr_consensus_unreviewed
arttm	SYL-VOCAB-P008-R24	1	part_1_true_exam	pending_review_only
as	SYL-VOCAB-P008-R30	1	part_1_true_exam	ocr_consensus_unreviewed
ascend	SYL-VOCAB-P071-R22	1	part_2_zero_frequency	ocr_consensus_unreviewed
ascertain	SYL-VOCAB-P071-R23	1	part_2_zero_frequency	ocr_consensus_unreviewed
ash	SYL-VOCAB-P071-R24	1	part_2_zero_frequency	ocr_consensus_unreviewed
ashamed	SYL-VOCAB-P071-R25	1	part_2_zero_frequency	ocr_consensus_unreviewed
ashore	SYL-VOCAB-P008-R31	1	part_1_true_exam	ocr_consensus_unreviewed
aside	SYL-VOCAB-P008-R32	1	part_1_true_exam	ocr_consensus_unreviewed
ask	SYL-VOCAB-P009-L01	1	part_1_true_exam	ocr_consensus_unreviewed
asleep	SYL-VOCAB-P009-L02	1	part_1_true_exam	ocr_consensus_unreviewed
aspect	SYL-VOCAB-P009-L03	1	part_1_true_exam	ocr_consensus_unreviewed
aspire	SYL-VOCAB-P009-L04	1	part_1_true_exam	ocr_consensus_unreviewed
assassinate	SYL-VOCAB-P071-R26	1	part_2_zero_frequency	ocr_consensus_unreviewed
assault	SYL-VOCAB-P009-L05	1	part_1_true_exam	ocr_consensus_unreviewed
assemble	SYL-VOCAB-P009-L06	1	part_1_true_exam	ocr_consensus_unreviewed
assembly	SYL-VOCAB-P009-L07	1	part_1_true_exam	ocr_consensus_unreviewed
assert	SYL-VOCAB-P009-L08	1	part_1_true_exam	ocr_consensus_unreviewed
assess	SYL-VOCAB-P009-L09	1	part_1_true_exam	ocr_consensus_unreviewed
asset	SYL-VOCAB-P009-L10	1	part_1_true_exam	ocr_consensus_unreviewed
assign	SYL-VOCAB-P009-L11	1	part_1_true_exam	ocr_consensus_unreviewed
assignment	SYL-VOCAB-P009-L12	1	part_1_true_exam	ocr_consensus_unreviewed
assimilate	SYL-VOCAB-P009-L13	1	part_1_true_exam	ocr_consensus_unreviewed
assist	SYL-VOCAB-P009-L14	1	part_1_true_exam	ocr_consensus_unreviewed
assistance	SYL-VOCAB-P009-L15	1	part_1_true_exam	ocr_consensus_unreviewed
assistant	SYL-VOCAB-P009-L16	1	part_1_true_exam	ocr_consensus_unreviewed
associate	SYL-VOCAB-P009-L17	1	part_1_true_exam	ocr_consensus_unreviewed
association	SYL-VOCAB-P009-L18	1	part_1_true_exam	ocr_consensus_unreviewed
assume	SYL-VOCAB-P009-L19	1	part_1_true_exam	ocr_consensus_unreviewed
assumption	SYL-VOCAB-P009-L20	1	part_1_true_exam	ocr_consensus_unreviewed
assurance	SYL-VOCAB-P009-L21	1	part_1_true_exam	ocr_consensus_unreviewed
assure	SYL-VOCAB-P009-L22	1	part_1_true_exam	ocr_consensus_unreviewed
asteroid	SYL-VOCAB-P088-L20	1	part_3_beyond_syllabus	ocr_consensus_unreviewed
astonish	SYL-VOCAB-P009-L23	1	part_1_true_exam	ocr_consensus_unreviewed
astronaut	SYL-VOCAB-P009-L24	1	part_1_true_exam	ocr_consensus_unreviewed
astronomy	SYL-VOCAB-P009-L25	1	part_1_true_exam	ocr_consensus_unreviewed
at	SYL-VOCAB-P009-L26	1	part_1_true_exam	ocr_consensus_unreviewed
athlete	SYL-VOCAB-P009-L27	1	part_1_true_exam	ocr_consensus_unreviewed
atmosphere	SYL-VOCAB-P009-L28	1	part_1_true_exam	ocr_consensus_unreviewed
atom	SYL-VOCAB-P009-L29	1	part_1_true_exam	ocr_consensus_unreviewed
attach	SYL-VOCAB-P009-L30	1	part_1_true_exam	ocr_consensus_unreviewed
attack	SYL-VOCAB-P009-R01	1	part_1_true_exam	ocr_consensus_unreviewed
attain	SYL-VOCAB-P009-R02	1	part_1_true_exam	ocr_consensus_unreviewed
attempt	SYL-VOCAB-P009-R03	1	part_1_true_exam	ocr_consensus_unreviewed
attend	SYL-VOCAB-P009-R04	1	part_1_true_exam	ocr_consensus_unreviewed
attendance	SYL-VOCAB-P009-R05	1	part_1_true_exam	ocr_consensus_unreviewed
attendant	SYL-VOCAB-P009-R06	1	part_1_true_exam	ocr_consensus_unreviewed
attention	SYL-VOCAB-P009-R07	1	part_1_true_exam	ocr_consensus_unreviewed
attitude	SYL-VOCAB-P009-R08	1	part_1_true_exam	ocr_consensus_unreviewed
attorney	SYL-VOCAB-P009-R09	1	part_1_true_exam	ocr_consensus_unreviewed
attract	SYL-VOCAB-P009-R10	1	part_1_true_exam	ocr_consensus_unreviewed
attractive	SYL-VOCAB-P009-R11	1	part_1_true_exam	ocr_consensus_unreviewed
attribute	SYL-VOCAB-P009-R12	1	part_1_true_exam	ocr_consensus_unreviewed
auction	SYL-VOCAB-P071-R27	1	part_2_zero_frequency	ocr_consensus_unreviewed
audience	SYL-VOCAB-P009-R13	1	part_1_true_exam	ocr_consensus_unreviewed
audio	SYL-VOCAB-P071-R28	1	part_2_zero_frequency	ocr_consensus_unreviewed
audit	SYL-VOCAB-P009-R14	1	part_1_true_exam	ocr_consensus_unreviewed
auditorium	SYL-VOCAB-P071-R29	1	part_2_zero_frequency	ocr_consensus_unreviewed
augment	SYL-VOCAB-P009-R15	1	part_1_true_exam	ocr_consensus_unreviewed
august	SYL-VOCAB-P009-R16	1	part_1_true_exam	ocr_consensus_unreviewed
aunt	SYL-VOCAB-P071-R30	1	part_2_zero_frequency	ocr_consensus_unreviewed
aural	SYL-VOCAB-P071-R31	1	part_2_zero_frequency	ocr_consensus_unreviewed
authentic	SYL-VOCAB-P009-R17	1	part_1_true_exam	ocr_consensus_unreviewed
author	SYL-VOCAB-P009-R18	1	part_1_true_exam	ocr_consensus_unreviewed
authority	SYL-VOCAB-P009-R19	1	part_1_true_exam	ocr_consensus_unreviewed
autistic	SYL-VOCAB-P088-L21	1	part_3_beyond_syllabus	ocr_consensus_unreviewed
auto	SYL-VOCAB-P009-R20	1	part_1_true_exam	ocr_consensus_unreviewed
automatic	SYL-VOCAB-P009-R21	1	part_1_true_exam	ocr_consensus_unreviewed
automation	SYL-VOCAB-P009-R22	1	part_1_true_exam	ocr_consensus_unreviewed
autonomy	SYL-VOCAB-P009-R23	1	part_1_true_exam	ocr_consensus_unreviewed
autumn	SYL-VOCAB-P071-R32	1	part_2_zero_frequency	verified_manual_visual
auxiliary	SYL-VOCAB-P009-R24	1	part_1_true_exam	ocr_consensus_unreviewed
avail	SYL-VOCAB-P071-R33	1	part_2_zero_frequency	ocr_consensus_unreviewed
available	SYL-VOCAB-P009-R25	1	part_1_true_exam	ocr_consensus_unreviewed
avalanche	SYL-VOCAB-P088-L22	1	part_3_beyond_syllabus	ocr_consensus_unreviewed
avenue	SYL-VOCAB-P009-R26	1	part_1_true_exam	ocr_consensus_unreviewed
average	SYL-VOCAB-P009-R27	1	part_1_true_exam	ocr_consensus_unreviewed
aversion	SYL-VOCAB-P088-L23	1	part_3_beyond_syllabus	ocr_consensus_unreviewed
avert	SYL-VOCAB-P071-R34	1	part_2_zero_frequency	ocr_consensus_unreviewed
aviation	SYL-VOCAB-P071-R35	1	part_2_zero_frequency	ocr_consensus_unreviewed
avoid	SYL-VOCAB-P009-R28	1	part_1_true_exam	ocr_consensus_unreviewed
await	SYL-VOCAB-P009-R29	1	part_1_true_exam	ocr_consensus_unreviewed
awake	SYL-VOCAB-P009-R30	1	part_1_true_exam	ocr_consensus_unreviewed
award	SYL-VOCAB-P009-R31	1	part_1_true_exam	ocr_consensus_unreviewed
aware	SYL-VOCAB-P009-R32	1	part_1_true_exam	ocr_consensus_unreviewed
away	SYL-VOCAB-P009-R33	1	part_1_true_exam	ocr_consensus_unreviewed
awe	SYL-VOCAB-P071-R36	1	part_2_zero_frequency	ocr_consensus_unreviewed
awful	SYL-VOCAB-P072-L01	1	part_2_zero_frequency	ocr_consensus_unreviewed
awkward	SYL-VOCAB-P010-L01	1	part_1_true_exam	ocr_consensus_unreviewed
axe	SYL-VOCAB-P072-L02	1	part_2_zero_frequency	ocr_consensus_unreviewed
axis	SYL-VOCAB-P010-L02	1	part_1_true_exam	ocr_consensus_unreviewed
baby	SYL-VOCAB-P010-L03	1	part_1_true_exam	ocr_consensus_unreviewed
bachelor	SYL-VOCAB-P010-L04	1	part_1_true_exam	ocr_consensus_unreviewed
back	SYL-VOCAB-P010-L05	1	part_1_true_exam	ocr_consensus_unreviewed
backfire	SYL-VOCAB-P088-L24	1	part_3_beyond_syllabus	ocr_consensus_unreviewed
background	SYL-VOCAB-P010-L06	1	part_1_true_exam	ocr_consensus_unreviewed
backward	SYL-VOCAB-P010-L07	1	part_1_true_exam	ocr_consensus_unreviewed
bacon	SYL-VOCAB-P072-L03	1	part_2_zero_frequency	ocr_consensus_unreviewed
bacterium	SYL-VOCAB-P010-L08	1	part_1_true_exam	ocr_consensus_unreviewed
bad	SYL-VOCAB-P010-L09	1	part_1_true_exam	ocr_consensus_unreviewed
badge	SYL-VOCAB-P072-L04	1	part_2_zero_frequency	ocr_consensus_unreviewed
badly	SYL-VOCAB-P010-L10	1	part_1_true_exam	ocr_consensus_unreviewed
badminton	SYL-VOCAB-P072-L05	1	part_2_zero_frequency	ocr_consensus_unreviewed
bag	SYL-VOCAB-P010-L11	1	part_1_true_exam	ocr_consensus_unreviewed
baggage	SYL-VOCAB-P072-L06	1	part_2_zero_frequency	ocr_consensus_unreviewed
bail	SYL-VOCAB-P072-L07	1	part_2_zero_frequency	ocr_consensus_unreviewed
bait	SYL-VOCAB-P010-L12	1	part_1_true_exam	ocr_consensus_unreviewed
bake	SYL-VOCAB-P010-L13	1	part_1_true_exam	ocr_consensus_unreviewed
balance	SYL-VOCAB-P010-L14	1	part_1_true_exam	ocr_consensus_unreviewed
balcony	SYL-VOCAB-P072-L08	1	part_2_zero_frequency	ocr_consensus_unreviewed
bald	SYL-VOCAB-P072-L09	1	part_2_zero_frequency	ocr_consensus_unreviewed
ball	SYL-VOCAB-P010-L15	1	part_1_true_exam	ocr_consensus_unreviewed
ballet	SYL-VOCAB-P010-L16	1	part_1_true_exam	ocr_consensus_unreviewed
balloon	SYL-VOCAB-P010-L17	1	part_1_true_exam	ocr_consensus_unreviewed
ballot	SYL-VOCAB-P010-L18	1	part_1_true_exam	ocr_consensus_unreviewed
baluster	SYL-VOCAB-P088-L25	1	part_3_beyond_syllabus	ocr_consensus_unreviewed
ban	SYL-VOCAB-P010-L19	1	part_1_true_exam	ocr_consensus_unreviewed
banana	SYL-VOCAB-P072-L10	1	part_2_zero_frequency	ocr_consensus_unreviewed
band	SYL-VOCAB-P010-L20	1	part_1_true_exam	ocr_consensus_unreviewed
bandage	SYL-VOCAB-P072-L11	1	part_2_zero_frequency	ocr_consensus_unreviewed
bang	SYL-VOCAB-P010-L21	1	part_1_true_exam	ocr_consensus_unreviewed
bank	SYL-VOCAB-P010-L22	1	part_1_true_exam	ocr_consensus_unreviewed
bankrupt	SYL-VOCAB-P010-L23	1	part_1_true_exam	ocr_consensus_unreviewed
banner	SYL-VOCAB-P072-L12	1	part_2_zero_frequency	ocr_consensus_unreviewed
banquet	SYL-VOCAB-P010-L24	1	part_1_true_exam	ocr_consensus_unreviewed
bar	SYL-VOCAB-P010-L25	1	part_1_true_exam	ocr_consensus_unreviewed
barbecue	SYL-VOCAB-P072-L13	1	part_2_zero_frequency	ocr_consensus_unreviewed
barber	SYL-VOCAB-P010-L26	1	part_1_true_exam	ocr_consensus_unreviewed
bare	SYL-VOCAB-P010-L27	1	part_1_true_exam	ocr_consensus_unreviewed
barely	SYL-VOCAB-P010-L28	1	part_1_true_exam	ocr_consensus_unreviewed
bargain	SYL-VOCAB-P010-R01	1	part_1_true_exam	ocr_consensus_unreviewed
bark	SYL-VOCAB-P072-L14	1	part_2_zero_frequency	ocr_consensus_unreviewed
barn	SYL-VOCAB-P010-R02	1	part_1_true_exam	ocr_consensus_unreviewed
barrel	SYL-VOCAB-P010-R03	1	part_1_true_exam	ocr_consensus_unreviewed
barren	SYL-VOCAB-P072-L15	1	part_2_zero_frequency	ocr_consensus_unreviewed
barrier	SYL-VOCAB-P010-R04	1	part_1_true_exam	ocr_consensus_unreviewed
base	SYL-VOCAB-P010-R05	1	part_1_true_exam	ocr_consensus_unreviewed
baseball	SYL-VOCAB-P072-L16	1	part_2_zero_frequency	ocr_consensus_unreviewed
basement	SYL-VOCAB-P072-L17	1	part_2_zero_frequency	ocr_consensus_unreviewed
basic	SYL-VOCAB-P010-R06	1	part_1_true_exam	ocr_consensus_unreviewed
basin	SYL-VOCAB-P072-L18	1	part_2_zero_frequency	ocr_consensus_unreviewed
basis	SYL-VOCAB-P010-R07	1	part_1_true_exam	ocr_consensus_unreviewed
basket	SYL-VOCAB-P010-R08	1	part_1_true_exam	ocr_consensus_unreviewed
basketball	SYL-VOCAB-P010-R09	1	part_1_true_exam	ocr_consensus_unreviewed
bat	SYL-VOCAB-P072-L19	1	part_2_zero_frequency	ocr_consensus_unreviewed
batch	SYL-VOCAB-P072-L20	1	part_2_zero_frequency	ocr_consensus_unreviewed
bath	SYL-VOCAB-P072-L21	1	part_2_zero_frequency	ocr_consensus_unreviewed
bathe	SYL-VOCAB-P072-L22	1	part_2_zero_frequency	ocr_consensus_unreviewed
bathroom	SYL-VOCAB-P072-L23	1	part_2_zero_frequency	ocr_consensus_unreviewed
battery	SYL-VOCAB-P010-R10	1	part_1_true_exam	ocr_consensus_unreviewed
battle	SYL-VOCAB-P010-R11	1	part_1_true_exam	ocr_consensus_unreviewed
bay	SYL-VOCAB-P010-R12	1	part_1_true_exam	ocr_consensus_unreviewed
be	SYL-VOCAB-P010-R13	1	part_1_true_exam	ocr_consensus_unreviewed
beach	SYL-VOCAB-P072-L24	1	part_2_zero_frequency	ocr_consensus_unreviewed
beam	SYL-VOCAB-P010-R14	1	part_1_true_exam	ocr_consensus_unreviewed
bean	SYL-VOCAB-P072-L25	1	part_2_zero_frequency	ocr_consensus_unreviewed
bear	SYL-VOCAB-P010-R15	1	part_1_true_exam	ocr_consensus_unreviewed
beard	SYL-VOCAB-P010-R16	1	part_1_true_exam	ocr_consensus_unreviewed
beast	SYL-VOCAB-P072-L26	1	part_2_zero_frequency	ocr_consensus_unreviewed
beat	SYL-VOCAB-P010-R17	1	part_1_true_exam	ocr_consensus_unreviewed
beautiful	SYL-VOCAB-P010-R18	1	part_1_true_exam	ocr_consensus_unreviewed
beauty	SYL-VOCAB-P010-R19	1	part_1_true_exam	ocr_consensus_unreviewed
beaver	SYL-VOCAB-P088-L26	1	part_3_beyond_syllabus	ocr_consensus_unreviewed
because	SYL-VOCAB-P010-R20	1	part_1_true_exam	ocr_consensus_unreviewed
become	SYL-VOCAB-P010-R21	1	part_1_true_exam	ocr_consensus_unreviewed
bed	SYL-VOCAB-P010-R22	1	part_1_true_exam	ocr_consensus_unreviewed
bee	SYL-VOCAB-P072-L27	1	part_2_zero_frequency	ocr_consensus_unreviewed
beef	SYL-VOCAB-P010-R23	1	part_1_true_exam	ocr_consensus_unreviewed
beer	SYL-VOCAB-P010-R24	1	part_1_true_exam	ocr_consensus_unreviewed
before	SYL-VOCAB-P010-R25	1	part_1_true_exam	ocr_consensus_unreviewed
beforehand	SYL-VOCAB-P072-L28	1	part_2_zero_frequency	ocr_consensus_unreviewed
beg	SYL-VOCAB-P072-L29	1	part_2_zero_frequency	ocr_consensus_unreviewed
begin	SYL-VOCAB-P010-R26	1	part_1_true_exam	ocr_consensus_unreviewed
beginning	SYL-VOCAB-P010-R27	1	part_1_true_exam	ocr_consensus_unreviewed
behalf	SYL-VOCAB-P010-R28	1	part_1_true_exam	ocr_consensus_unreviewed
behave	SYL-VOCAB-P011-L01	1	part_1_true_exam	ocr_consensus_unreviewed
behind	SYL-VOCAB-P011-L02	1	part_1_true_exam	ocr_consensus_unreviewed
being	SYL-VOCAB-P011-L03	1	part_1_true_exam	ocr_consensus_unreviewed
belated	SYL-VOCAB-P088-L27	1	part_3_beyond_syllabus	ocr_consensus_unreviewed
belief	SYL-VOCAB-P011-L04	1	part_1_true_exam	ocr_consensus_unreviewed
believe	SYL-VOCAB-P011-L05	1	part_1_true_exam	ocr_consensus_unreviewed
bell	SYL-VOCAB-P011-L06	1	part_1_true_exam	ocr_consensus_unreviewed
belly	SYL-VOCAB-P011-L07	1	part_1_true_exam	ocr_consensus_unreviewed
belong	SYL-VOCAB-P011-L08	1	part_1_true_exam	ocr_consensus_unreviewed
beloved	SYL-VOCAB-P072-L30	1	part_2_zero_frequency	ocr_consensus_unreviewed
below	SYL-VOCAB-P011-L09	1	part_1_true_exam	ocr_consensus_unreviewed
belt	SYL-VOCAB-P011-L10	1	part_1_true_exam	ocr_consensus_unreviewed
bench	SYL-VOCAB-P072-L31	1	part_2_zero_frequency	ocr_consensus_unreviewed
bend	SYL-VOCAB-P072-L32	1	part_2_zero_frequency	ocr_consensus_unreviewed
beneath	SYL-VOCAB-P011-L11	1	part_1_true_exam	ocr_consensus_unreviewed
benefactor	SYL-VOCAB-P088-L28	1	part_3_beyond_syllabus	ocr_consensus_unreviewed
beneficial	SYL-VOCAB-P011-L12	1	part_1_true_exam	ocr_consensus_unreviewed
benefit	SYL-VOCAB-P011-L13	1	part_1_true_exam	ocr_consensus_unreviewed
benign	SYL-VOCAB-P072-L33	1	part_2_zero_frequency	ocr_consensus_unreviewed
beside	SYL-VOCAB-P011-L14	1	part_1_true_exam	ocr_consensus_unreviewed
besides	SYL-VOCAB-P011-L15	1	part_1_true_exam	ocr_consensus_unreviewed
best	SYL-VOCAB-P011-L16	1	part_1_true_exam	ocr_consensus_unreviewed
bet	SYL-VOCAB-P011-L17	1	part_1_true_exam	ocr_consensus_unreviewed
betray	SYL-VOCAB-P011-L18	1	part_1_true_exam	ocr_consensus_unreviewed
better	SYL-VOCAB-P011-L19	1	part_1_true_exam	ocr_consensus_unreviewed
between	SYL-VOCAB-P011-L20	1	part_1_true_exam	ocr_consensus_unreviewed
beverage	SYL-VOCAB-P072-L34	1	part_2_zero_frequency	ocr_consensus_unreviewed
beware	SYL-VOCAB-P072-L35	1	part_2_zero_frequency	ocr_consensus_unreviewed
bewilder	SYL-VOCAB-P011-L21	1	part_1_true_exam	ocr_consensus_unreviewed
beyond	SYL-VOCAB-P011-L22	1	part_1_true_exam	ocr_consensus_unreviewed
bias	SYL-VOCAB-P011-L23	1	part_1_true_exam	ocr_consensus_unreviewed
bible	SYL-VOCAB-P011-L24	1	part_1_true_exam	ocr_consensus_unreviewed
bibliography	SYL-VOCAB-P072-L36	1	part_2_zero_frequency	ocr_consensus_unreviewed
bicycle	SYL-VOCAB-P011-L25	1	part_1_true_exam	ocr_consensus_unreviewed
bid	SYL-VOCAB-P011-L26	1	part_1_true_exam	ocr_consensus_unreviewed
big	SYL-VOCAB-P011-L27	1	part_1_true_exam	ocr_consensus_unreviewed
bill	SYL-VOCAB-P011-L28	1	part_1_true_exam	ocr_consensus_unreviewed
billion	SYL-VOCAB-P011-L29	1	part_1_true_exam	ocr_consensus_unreviewed
bin	SYL-VOCAB-P011-L30	1	part_1_true_exam	ocr_consensus_unreviewed
bind	SYL-VOCAB-P011-L31	1	part_1_true_exam	ocr_consensus_unreviewed
biography	SYL-VOCAB-P011-R01	1	part_1_true_exam	ocr_consensus_unreviewed
biology	SYL-VOCAB-P011-R02	1	part_1_true_exam	ocr_consensus_unreviewed
biophilia	SYL-VOCAB-P088-L29	1	part_3_beyond_syllabus	ocr_consensus_unreviewed
bipedal	SYL-VOCAB-P088-L30	1	part_3_beyond_syllabus	ocr_consensus_unreviewed
bird	SYL-VOCAB-P011-R03	1	part_1_true_exam	ocr_consensus_unreviewed
birth	SYL-VOCAB-P011-R04	1	part_1_true_exam	ocr_consensus_unreviewed
birthday	SYL-VOCAB-P011-R05	1	part_1_true_exam	ocr_consensus_unreviewed
biscuit	SYL-VOCAB-P072-L37	1	part_2_zero_frequency	ocr_consensus_unreviewed
bit	SYL-VOCAB-P011-R06	1	part_1_true_exam	ocr_consensus_unreviewed
bite	SYL-VOCAB-P011-R07	1	part_1_true_exam	ocr_consensus_unreviewed
bitter	SYL-VOCAB-P011-R08	1	part_1_true_exam	ocr_consensus_unreviewed
bizarre	SYL-VOCAB-P011-R09	1	part_1_true_exam	ocr_consensus_unreviewed
black	SYL-VOCAB-P011-R10	1	part_1_true_exam	ocr_consensus_unreviewed
blackboard	SYL-VOCAB-P072-L38	1	part_2_zero_frequency	ocr_consensus_unreviewed
blackmail	SYL-VOCAB-P072-R01	1	part_2_zero_frequency	ocr_consensus_unreviewed
blade	SYL-VOCAB-P072-R02	1	part_2_zero_frequency	ocr_consensus_unreviewed
blame	SYL-VOCAB-P011-R11	1	part_1_true_exam	ocr_consensus_unreviewed
blank	SYL-VOCAB-P011-R12	1	part_1_true_exam	ocr_consensus_unreviewed
blanket	SYL-VOCAB-P072-R03	1	part_2_zero_frequency	ocr_consensus_unreviewed
blast	SYL-VOCAB-P072-R04	1	part_2_zero_frequency	ocr_consensus_unreviewed
blaze	SYL-VOCAB-P011-R13	1	part_1_true_exam	ocr_consensus_unreviewed
bleak	SYL-VOCAB-P011-R14	1	part_1_true_exam	ocr_consensus_unreviewed
bleed	SYL-VOCAB-P011-R15	1	part_1_true_exam	ocr_consensus_unreviewed
blend	SYL-VOCAB-P072-R05	1	part_2_zero_frequency	ocr_consensus_unreviewed
bless	SYL-VOCAB-P011-R16	1	part_1_true_exam	ocr_consensus_unreviewed
blind	SYL-VOCAB-P011-R17	1	part_1_true_exam	ocr_consensus_unreviewed
block	SYL-VOCAB-P011-R18	1	part_1_true_exam	ocr_consensus_unreviewed
blog	SYL-VOCAB-P011-R19	1	part_1_true_exam	ocr_consensus_unreviewed
blood	SYL-VOCAB-P011-R20	1	part_1_true_exam	ocr_consensus_unreviewed
bloody	SYL-VOCAB-P072-R06	1	part_2_zero_frequency	ocr_consensus_unreviewed
bloom	SYL-VOCAB-P072-R07	1	part_2_zero_frequency	ocr_consensus_unreviewed
blossom	SYL-VOCAB-P011-R21	1	part_1_true_exam	ocr_consensus_unreviewed
blouse	SYL-VOCAB-P072-R08	1	part_2_zero_frequency	ocr_consensus_unreviewed
blow	SYL-VOCAB-P011-R22	1	part_1_true_exam	ocr_consensus_unreviewed
blue	SYL-VOCAB-P011-R23	1	part_1_true_exam	ocr_consensus_unreviewed
blueprint	SYL-VOCAB-P011-R24	1	part_1_true_exam	ocr_consensus_unreviewed
blunder	SYL-VOCAB-P011-R25	1	part_1_true_exam	ocr_consensus_unreviewed
blunt	SYL-VOCAB-P011-R26	1	part_1_true_exam	ocr_consensus_unreviewed
blur	SYL-VOCAB-P072-R09	1	part_2_zero_frequency	ocr_consensus_unreviewed
blush	SYL-VOCAB-P072-R10	1	part_2_zero_frequency	ocr_consensus_unreviewed
board	SYL-VOCAB-P011-R27	1	part_1_true_exam	ocr_consensus_unreviewed
boast	SYL-VOCAB-P011-R28	1	part_1_true_exam	ocr_consensus_unreviewed
boat	SYL-VOCAB-P011-R29	1	part_1_true_exam	ocr_consensus_unreviewed
body	SYL-VOCAB-P012-L01	1	part_1_true_exam	ocr_consensus_unreviewed
boil	SYL-VOCAB-P012-L02	1	part_1_true_exam	ocr_consensus_unreviewed
bold	SYL-VOCAB-P012-L03	1	part_1_true_exam	ocr_consensus_unreviewed
bolt	SYL-VOCAB-P072-R11	1	part_2_zero_frequency	ocr_consensus_unreviewed
bomb	SYL-VOCAB-P012-L04	1	part_1_true_exam	ocr_consensus_unreviewed
bond	SYL-VOCAB-P012-L05	1	part_1_true_exam	ocr_consensus_unreviewed
bone	SYL-VOCAB-P012-L06	1	part_1_true_exam	ocr_consensus_unreviewed
bonus	SYL-VOCAB-P012-L07	1	part_1_true_exam	ocr_consensus_unreviewed
booby	SYL-VOCAB-P088-L31	1	part_3_beyond_syllabus	ocr_consensus_unreviewed
book	SYL-VOCAB-P012-L08	1	part_1_true_exam	ocr_consensus_unreviewed
boom	SYL-VOCAB-P012-L09	1	part_1_true_exam	ocr_consensus_unreviewed
boost	SYL-VOCAB-P012-L10	1	part_1_true_exam	ocr_consensus_unreviewed
boot	SYL-VOCAB-P012-L11	1	part_1_true_exam	ocr_consensus_unreviewed
booth	SYL-VOCAB-P012-L12	1	part_1_true_exam	ocr_consensus_unreviewed
border	SYL-VOCAB-P012-L13	1	part_1_true_exam	ocr_consensus_unreviewed
bore	SYL-VOCAB-P012-L14	1	part_1_true_exam	ocr_consensus_unreviewed
born	SYL-VOCAB-P012-L15	1	part_1_true_exam	ocr_consensus_unreviewed
borrow	SYL-VOCAB-P012-L16	1	part_1_true_exam	ocr_consensus_unreviewed
bosom	SYL-VOCAB-P072-R13	1	part_2_zero_frequency	ocr_consensus_unreviewed
boss	SYL-VOCAB-P012-L17	1	part_1_true_exam	ocr_consensus_unreviewed
botany	SYL-VOCAB-P072-R12	1	part_2_zero_frequency	ocr_consensus_unreviewed
both	SYL-VOCAB-P012-L18	1	part_1_true_exam	ocr_consensus_unreviewed
bother	SYL-VOCAB-P012-L19	1	part_1_true_exam	ocr_consensus_unreviewed
bottle	SYL-VOCAB-P072-R14	1	part_2_zero_frequency	ocr_consensus_unreviewed
bottom	SYL-VOCAB-P012-L20	1	part_1_true_exam	ocr_consensus_unreviewed
bounce	SYL-VOCAB-P072-R15	1	part_2_zero_frequency	ocr_consensus_unreviewed
bound	SYL-VOCAB-P012-L21	1	part_1_true_exam	ocr_consensus_unreviewed
boundary	SYL-VOCAB-P012-L22	1	part_1_true_exam	ocr_consensus_unreviewed
bow	SYL-VOCAB-P072-R16	1	part_2_zero_frequency	ocr_consensus_unreviewed
bowel	SYL-VOCAB-P072-R17	1	part_2_zero_frequency	ocr_consensus_unreviewed
bowl	SYL-VOCAB-P072-R18	1	part_2_zero_frequency	ocr_consensus_unreviewed
bowling	SYL-VOCAB-P072-R19	1	part_2_zero_frequency	ocr_consensus_unreviewed
box	SYL-VOCAB-P012-L23	1	part_1_true_exam	ocr_consensus_unreviewed
boy	SYL-VOCAB-P012-L24	1	part_1_true_exam	ocr_consensus_unreviewed
boycott	SYL-VOCAB-P012-L25	1	part_1_true_exam	ocr_consensus_unreviewed
brace	SYL-VOCAB-P072-R20	1	part_2_zero_frequency	ocr_consensus_unreviewed
bracket	SYL-VOCAB-P012-L26	1	part_1_true_exam	ocr_consensus_unreviewed
brain	SYL-VOCAB-P012-L27	1	part_1_true_exam	ocr_consensus_unreviewed
brake	SYL-VOCAB-P012-R01	1	part_1_true_exam	ocr_consensus_unreviewed
branch	SYL-VOCAB-P012-R02	1	part_1_true_exam	ocr_consensus_unreviewed
brand	SYL-VOCAB-P012-R03	1	part_1_true_exam	ocr_consensus_unreviewed
brandy	SYL-VOCAB-P072-R21	1	part_2_zero_frequency	ocr_consensus_unreviewed
brass	SYL-VOCAB-P072-R22	1	part_2_zero_frequency	verified_manual_visual
brave	SYL-VOCAB-P012-R04	1	part_1_true_exam	ocr_consensus_unreviewed
breach	SYL-VOCAB-P072-R23	1	part_2_zero_frequency	ocr_consensus_unreviewed
bread	SYL-VOCAB-P012-R05	1	part_1_true_exam	ocr_consensus_unreviewed
breadth	SYL-VOCAB-P012-R06	1	part_1_true_exam	ocr_consensus_unreviewed
break	SYL-VOCAB-P012-R07	1	part_1_true_exam	ocr_consensus_unreviewed
breakdown	SYL-VOCAB-P012-R08	1	part_1_true_exam	ocr_consensus_unreviewed
breakfast	SYL-VOCAB-P072-R24	1	part_2_zero_frequency	ocr_consensus_unreviewed
breast	SYL-VOCAB-P012-R09	1	part_1_true_exam	ocr_consensus_unreviewed
breath	SYL-VOCAB-P012-R10	1	part_1_true_exam	ocr_consensus_unreviewed
breathe	SYL-VOCAB-P012-R11	1	part_1_true_exam	ocr_consensus_unreviewed
breed	SYL-VOCAB-P012-R12	1	part_1_true_exam	ocr_consensus_unreviewed
breeze	SYL-VOCAB-P072-R25	1	part_2_zero_frequency	ocr_consensus_unreviewed
bribe	SYL-VOCAB-P012-R13	1	part_1_true_exam	ocr_consensus_unreviewed
brick	SYL-VOCAB-P012-R14	1	part_1_true_exam	ocr_consensus_unreviewed
bride	SYL-VOCAB-P012-R15	1	part_1_true_exam	ocr_consensus_unreviewed
bridge	SYL-VOCAB-P012-R16	1	part_1_true_exam	ocr_consensus_unreviewed
brief	SYL-VOCAB-P012-R17	1	part_1_true_exam	ocr_consensus_unreviewed
briefcase	SYL-VOCAB-P072-R26	1	part_2_zero_frequency	ocr_consensus_unreviewed
bright	SYL-VOCAB-P012-R18	1	part_1_true_exam	ocr_consensus_unreviewed
brilliant	SYL-VOCAB-P072-R27	1	part_2_zero_frequency	ocr_consensus_unreviewed
brim	SYL-VOCAB-P072-R28	1	part_2_zero_frequency	ocr_consensus_unreviewed
bring	SYL-VOCAB-P012-R19	1	part_1_true_exam	ocr_consensus_unreviewed
brisk	SYL-VOCAB-P012-R20	1	part_1_true_exam	ocr_consensus_unreviewed
brittle	SYL-VOCAB-P072-R29	1	part_2_zero_frequency	ocr_consensus_unreviewed
broad	SYL-VOCAB-P012-R21	1	part_1_true_exam	ocr_consensus_unreviewed
broadcast	SYL-VOCAB-P012-R22	1	part_1_true_exam	ocr_consensus_unreviewed
broccoli	SYL-VOCAB-P088-L32	1	part_3_beyond_syllabus	ocr_consensus_unreviewed
brochure	SYL-VOCAB-P012-R23	1	part_1_true_exam	ocr_consensus_unreviewed
broker	SYL-VOCAB-P088-L33	1	part_3_beyond_syllabus	ocr_consensus_unreviewed
bronze	SYL-VOCAB-P012-R24	1	part_1_true_exam	ocr_consensus_unreviewed
brook	SYL-VOCAB-P072-R30	1	part_2_zero_frequency	ocr_consensus_unreviewed
broom	SYL-VOCAB-P072-R31	1	part_2_zero_frequency	ocr_consensus_unreviewed
brother	SYL-VOCAB-P072-R32	1	part_2_zero_frequency	ocr_consensus_unreviewed
brow	SYL-VOCAB-P012-R25	1	part_1_true_exam	ocr_consensus_unreviewed
brown	SYL-VOCAB-P012-R26	1	part_1_true_exam	ocr_consensus_unreviewed
browse	SYL-VOCAB-P072-R33	1	part_2_zero_frequency	ocr_consensus_unreviewed
bruise	SYL-VOCAB-P012-R27	1	part_1_true_exam	ocr_consensus_unreviewed
brush	SYL-VOCAB-P072-R34	1	part_2_zero_frequency	ocr_consensus_unreviewed
brutal	SYL-VOCAB-P072-R35	1	part_2_zero_frequency	ocr_consensus_unreviewed
bubble	SYL-VOCAB-P012-R28	1	part_1_true_exam	ocr_consensus_unreviewed
bucket	SYL-VOCAB-P072-R36	1	part_2_zero_frequency	ocr_consensus_unreviewed
bud	SYL-VOCAB-P012-R29	1	part_1_true_exam	ocr_consensus_unreviewed
budget	SYL-VOCAB-P013-L01	1	part_1_true_exam	ocr_consensus_unreviewed
buffet	SYL-VOCAB-P072-R37	1	part_2_zero_frequency	ocr_consensus_unreviewed
bug	SYL-VOCAB-P072-R38	1	part_2_zero_frequency	ocr_consensus_unreviewed
build	SYL-VOCAB-P013-L02	1	part_1_true_exam	ocr_consensus_unreviewed
building	SYL-VOCAB-P013-L03	1	part_1_true_exam	ocr_consensus_unreviewed
bulb	SYL-VOCAB-P013-L04	1	part_1_true_exam	ocr_consensus_unreviewed
bulk	SYL-VOCAB-P013-L05	1	part_1_true_exam	ocr_consensus_unreviewed
bull	SYL-VOCAB-P073-L01	1	part_2_zero_frequency	ocr_consensus_unreviewed
bullet	SYL-VOCAB-P073-L02	1	part_2_zero_frequency	ocr_consensus_unreviewed
bulletin	SYL-VOCAB-P013-L06	1	part_1_true_exam	ocr_consensus_unreviewed
bully	SYL-VOCAB-P073-L03	1	part_2_zero_frequency	ocr_consensus_unreviewed
bummer	SYL-VOCAB-P088-L34	1	part_3_beyond_syllabus	ocr_consensus_unreviewed
bump	SYL-VOCAB-P073-L04	1	part_2_zero_frequency	ocr_consensus_unreviewed
bunch	SYL-VOCAB-P013-L07	1	part_1_true_exam	ocr_consensus_unreviewed
bundle	SYL-VOCAB-P073-L05	1	part_2_zero_frequency	ocr_consensus_unreviewed
burden	SYL-VOCAB-P013-L08	1	part_1_true_exam	ocr_consensus_unreviewed
bureau	SYL-VOCAB-P073-L06	1	part_2_zero_frequency	ocr_consensus_unreviewed
bureaucracy	SYL-VOCAB-P013-L09	1	part_1_true_exam	ocr_consensus_unreviewed
burglar	SYL-VOCAB-P073-L07	1	part_2_zero_frequency	ocr_consensus_unreviewed
burn	SYL-VOCAB-P013-L10	1	part_1_true_exam	ocr_consensus_unreviewed
burst	SYL-VOCAB-P013-L11	1	part_1_true_exam	ocr_consensus_unreviewed
bury	SYL-VOCAB-P013-L12	1	part_1_true_exam	ocr_consensus_unreviewed
bus	SYL-VOCAB-P013-L13	1	part_1_true_exam	ocr_consensus_unreviewed
bush	SYL-VOCAB-P013-L14	1	part_1_true_exam	ocr_consensus_unreviewed
business	SYL-VOCAB-P013-L15	1	part_1_true_exam	ocr_consensus_unreviewed
busy	SYL-VOCAB-P013-L16	1	part_1_true_exam	ocr_consensus_unreviewed
but	SYL-VOCAB-P013-L17	1	part_1_true_exam	ocr_consensus_unreviewed
butcher	SYL-VOCAB-P013-L18	1	part_1_true_exam	ocr_consensus_unreviewed
butter	SYL-VOCAB-P073-L08	1	part_2_zero_frequency	ocr_consensus_unreviewed
butterfly	SYL-VOCAB-P013-L19	1	part_1_true_exam	ocr_consensus_unreviewed
button	SYL-VOCAB-P073-L09	1	part_2_zero_frequency	ocr_consensus_unreviewed
buy	SYL-VOCAB-P013-L20	1	part_1_true_exam	ocr_consensus_unreviewed
buzz	SYL-VOCAB-P013-L21	1	part_1_true_exam	ocr_consensus_unreviewed
by	SYL-VOCAB-P013-L22	1	part_1_true_exam	ocr_consensus_unreviewed
bypass	SYL-VOCAB-P013-L23	1	part_1_true_exam	ocr_consensus_unreviewed
cab	SYL-VOCAB-P073-L10	1	part_2_zero_frequency	ocr_consensus_unreviewed
cabbage	SYL-VOCAB-P073-L11	1	part_2_zero_frequency	ocr_consensus_unreviewed
cabin	SYL-VOCAB-P013-L24	1	part_1_true_exam	ocr_consensus_unreviewed
cabinet	SYL-VOCAB-P073-L12	1	part_2_zero_frequency	ocr_consensus_unreviewed
cable	SYL-VOCAB-P013-L25	1	part_1_true_exam	ocr_consensus_unreviewed
cafe	SYL-VOCAB-P013-L26	1	part_1_true_exam	ocr_consensus_unreviewed
cafeteria	SYL-VOCAB-P073-L13	1	part_2_zero_frequency	ocr_consensus_unreviewed
cage	SYL-VOCAB-P073-L14	1	part_2_zero_frequency	ocr_consensus_unreviewed
cake	SYL-VOCAB-P013-L27	1	part_1_true_exam	ocr_consensus_unreviewed
calcium	SYL-VOCAB-P073-L15	1	part_2_zero_frequency	ocr_consensus_unreviewed
calculate	SYL-VOCAB-P013-L28	1	part_1_true_exam	ocr_consensus_unreviewed
calendar	SYL-VOCAB-P013-L29	1	part_1_true_exam	ocr_consensus_unreviewed
call	SYL-VOCAB-P013-R01	1	part_1_true_exam	ocr_consensus_unreviewed
calm	SYL-VOCAB-P013-R02	1	part_1_true_exam	ocr_consensus_unreviewed
calorie	SYL-VOCAB-P013-R03	1	part_1_true_exam	ocr_consensus_unreviewed
camel	SYL-VOCAB-P073-L16	1	part_2_zero_frequency	ocr_consensus_unreviewed
camera	SYL-VOCAB-P013-R04	1	part_1_true_exam	ocr_consensus_unreviewed
camp	SYL-VOCAB-P013-R05	1	part_1_true_exam	ocr_consensus_unreviewed
campaign	SYL-VOCAB-P013-R06	1	part_1_true_exam	ocr_consensus_unreviewed
campus	SYL-VOCAB-P013-R07	1	part_1_true_exam	ocr_consensus_unreviewed
can	SYL-VOCAB-P013-R08	1	part_1_true_exam	ocr_consensus_unreviewed
canal	SYL-VOCAB-P013-R10	1	part_1_true_exam	ocr_consensus_unreviewed
cancel	SYL-VOCAB-P013-R11	1	part_1_true_exam	ocr_consensus_unreviewed
cancer	SYL-VOCAB-P013-R12	1	part_1_true_exam	ocr_consensus_unreviewed
candidate	SYL-VOCAB-P013-R13	1	part_1_true_exam	ocr_consensus_unreviewed
candle	SYL-VOCAB-P013-R09	1	part_1_true_exam	ocr_consensus_unreviewed
candy	SYL-VOCAB-P073-L17	1	part_2_zero_frequency	ocr_consensus_unreviewed
cannon	SYL-VOCAB-P073-L18	1	part_2_zero_frequency	ocr_consensus_unreviewed
canoe	SYL-VOCAB-P073-L19	1	part_2_zero_frequency	ocr_consensus_unreviewed
canon	SYL-VOCAB-P088-L35	1	part_3_beyond_syllabus	ocr_consensus_unreviewed
canteen	SYL-VOCAB-P013-R14	1	part_1_true_exam	ocr_consensus_unreviewed
canvas	SYL-VOCAB-P073-L20	1	part_2_zero_frequency	ocr_consensus_unreviewed
cap	SYL-VOCAB-P013-R15	1	part_1_true_exam	ocr_consensus_unreviewed
capable	SYL-VOCAB-P013-R16	1	part_1_true_exam	ocr_consensus_unreviewed
capacity	SYL-VOCAB-P013-R17	1	part_1_true_exam	ocr_consensus_unreviewed
cape	SYL-VOCAB-P013-R18	1	part_1_true_exam	ocr_consensus_unreviewed
capital	SYL-VOCAB-P013-R19	1	part_1_true_exam	ocr_consensus_unreviewed
capitalism	SYL-VOCAB-P013-R20	1	part_1_true_exam	ocr_consensus_unreviewed
capsule	SYL-VOCAB-P073-L21	1	part_2_zero_frequency	ocr_consensus_unreviewed
captain	SYL-VOCAB-P073-L22	1	part_2_zero_frequency	ocr_consensus_unreviewed
captive	SYL-VOCAB-P013-R21	1	part_1_true_exam	ocr_consensus_unreviewed
capture	SYL-VOCAB-P013-R22	1	part_1_true_exam	ocr_consensus_unreviewed
capuchin	SYL-VOCAB-P088-R05	1	part_3_beyond_syllabus	verified_manual_visual
car	SYL-VOCAB-P013-R23	1	part_1_true_exam	ocr_consensus_unreviewed
carbohydrate	SYL-VOCAB-P013-R24	1	part_1_true_exam	ocr_consensus_unreviewed
carbon	SYL-VOCAB-P013-R25	1	part_1_true_exam	verified_manual_visual
card	SYL-VOCAB-P013-R26	1	part_1_true_exam	ocr_consensus_unreviewed
cardinal	SYL-VOCAB-P073-L23	1	part_2_zero_frequency	ocr_consensus_unreviewed
care	SYL-VOCAB-P013-R27	1	part_1_true_exam	ocr_consensus_unreviewed
career	SYL-VOCAB-P013-R28	1	part_1_true_exam	ocr_consensus_unreviewed
careful	SYL-VOCAB-P013-R29	1	part_1_true_exam	ocr_consensus_unreviewed
caress	SYL-VOCAB-P073-L24	1	part_2_zero_frequency	ocr_consensus_unreviewed
cargo	SYL-VOCAB-P073-L25	1	part_2_zero_frequency	ocr_consensus_unreviewed
carpenter	SYL-VOCAB-P073-L26	1	part_2_zero_frequency	ocr_consensus_unreviewed
carpet	SYL-VOCAB-P073-L27	1	part_2_zero_frequency	ocr_consensus_unreviewed
carriage	SYL-VOCAB-P073-L28	1	part_2_zero_frequency	ocr_consensus_unreviewed
carrier	SYL-VOCAB-P013-R30	1	part_1_true_exam	ocr_consensus_unreviewed
carrot	SYL-VOCAB-P073-L29	1	part_2_zero_frequency	ocr_consensus_unreviewed
carry	SYL-VOCAB-P013-R31	1	part_1_true_exam	ocr_consensus_unreviewed
cart	SYL-VOCAB-P013-R32	1	part_1_true_exam	ocr_consensus_unreviewed
cartoon	SYL-VOCAB-P014-L01	1	part_1_true_exam	ocr_consensus_unreviewed
carve	SYL-VOCAB-P014-L02	1	part_1_true_exam	ocr_consensus_unreviewed
cascade	SYL-VOCAB-P088-R06	1	part_3_beyond_syllabus	ocr_consensus_unreviewed
case	SYL-VOCAB-P014-L03	1	part_1_true_exam	ocr_consensus_unreviewed
cash	SYL-VOCAB-P014-L04	1	part_1_true_exam	ocr_consensus_unreviewed
cashier	SYL-VOCAB-P073-L30	1	part_2_zero_frequency	ocr_consensus_unreviewed
casino	SYL-VOCAB-P088-R07	1	part_3_beyond_syllabus	ocr_consensus_unreviewed
cassette	SYL-VOCAB-P073-L31	1	part_2_zero_frequency	ocr_consensus_unreviewed
cast	SYL-VOCAB-P014-L05	1	part_1_true_exam	ocr_consensus_unreviewed
castle	SYL-VOCAB-P014-L06	1	part_1_true_exam	ocr_consensus_unreviewed
casual	SYL-VOCAB-P014-L07	1	part_1_true_exam	ocr_consensus_unreviewed
casualty	SYL-VOCAB-P014-L08	1	part_1_true_exam	ocr_consensus_unreviewed
cat	SYL-VOCAB-P014-L09	1	part_1_true_exam	ocr_consensus_unreviewed
catalogue	SYL-VOCAB-P014-L10	1	part_1_true_exam	ocr_consensus_unreviewed
cataract	SYL-VOCAB-P088-R08	1	part_3_beyond_syllabus	ocr_consensus_unreviewed
catastrophe	SYL-VOCAB-P073-L32	1	part_2_zero_frequency	ocr_consensus_unreviewed
catch	SYL-VOCAB-P014-L11	1	part_1_true_exam	ocr_consensus_unreviewed
category	SYL-VOCAB-P014-L12	1	part_1_true_exam	ocr_consensus_unreviewed
cater	SYL-VOCAB-P014-L13	1	part_1_true_exam	ocr_consensus_unreviewed
cathedral	SYL-VOCAB-P014-L14	1	part_1_true_exam	ocr_consensus_unreviewed
catholic	SYL-VOCAB-P014-L15	1	part_1_true_exam	ocr_consensus_unreviewed
cattle	SYL-VOCAB-P073-L33	1	part_2_zero_frequency	ocr_consensus_unreviewed
cause	SYL-VOCAB-P014-L16	1	part_1_true_exam	ocr_consensus_unreviewed
caution	SYL-VOCAB-P014-L17	1	part_1_true_exam	ocr_consensus_unreviewed
cautious	SYL-VOCAB-P014-L18	1	part_1_true_exam	ocr_consensus_unreviewed
cave	SYL-VOCAB-P073-L34	1	part_2_zero_frequency	ocr_consensus_unreviewed
cease	SYL-VOCAB-P014-L19	1	part_1_true_exam	ocr_consensus_unreviewed
ceiling	SYL-VOCAB-P014-L20	1	part_1_true_exam	ocr_consensus_unreviewed
celebrate	SYL-VOCAB-P014-L21	1	part_1_true_exam	ocr_consensus_unreviewed
celebrity	SYL-VOCAB-P014-L22	1	part_1_true_exam	ocr_consensus_unreviewed
cell	SYL-VOCAB-P014-L23	1	part_1_true_exam	ocr_consensus_unreviewed
cellar	SYL-VOCAB-P073-L35	1	part_2_zero_frequency	ocr_consensus_unreviewed
cement	SYL-VOCAB-P014-L24	1	part_1_true_exam	ocr_consensus_unreviewed
cemetery	SYL-VOCAB-P073-L37	1	part_2_zero_frequency	ocr_consensus_unreviewed
censorship	SYL-VOCAB-P073-L36	1	part_2_zero_frequency	ocr_consensus_unreviewed
census	SYL-VOCAB-P014-L25	1	part_1_true_exam	ocr_consensus_unreviewed
cent	SYL-VOCAB-P014-L26	1	part_1_true_exam	ocr_consensus_unreviewed
center	SYL-VOCAB-P014-L28	1	part_1_true_exam	ocr_consensus_unreviewed
centigrade	SYL-VOCAB-P073-L38	1	part_2_zero_frequency	ocr_consensus_unreviewed
centimeter	SYL-VOCAB-P073-L39	1	part_2_zero_frequency	ocr_consensus_unreviewed
central	SYL-VOCAB-P014-L27	1	part_1_true_exam	ocr_consensus_unreviewed
century	SYL-VOCAB-P014-L29	1	part_1_true_exam	ocr_consensus_unreviewed
cereal	SYL-VOCAB-P073-R01	1	part_2_zero_frequency	ocr_consensus_unreviewed
ceremony	SYL-VOCAB-P014-R01	1	part_1_true_exam	ocr_consensus_unreviewed
certain	SYL-VOCAB-P014-R02	1	part_1_true_exam	ocr_consensus_unreviewed
certainly	SYL-VOCAB-P014-R03	1	part_1_true_exam	ocr_consensus_unreviewed
certainty	SYL-VOCAB-P073-R02	1	part_2_zero_frequency	ocr_consensus_unreviewed
certificate	SYL-VOCAB-P014-R04	1	part_1_true_exam	ocr_consensus_unreviewed
certify	SYL-VOCAB-P073-R03	1	part_2_zero_frequency	ocr_consensus_unreviewed
chain	SYL-VOCAB-P014-R05	1	part_1_true_exam	ocr_consensus_unreviewed
chair	SYL-VOCAB-P014-R06	1	part_1_true_exam	ocr_consensus_unreviewed
chairman	SYL-VOCAB-P014-R07	1	part_1_true_exam	ocr_consensus_unreviewed
chalk	SYL-VOCAB-P073-R04	1	part_2_zero_frequency	ocr_consensus_unreviewed
challenge	SYL-VOCAB-P014-R08	1	part_1_true_exam	verified_manual_visual
chamber	SYL-VOCAB-P014-R09	1	part_1_true_exam	ocr_consensus_unreviewed
champagne	SYL-VOCAB-P073-R05	1	part_2_zero_frequency	ocr_consensus_unreviewed
champion	SYL-VOCAB-P073-R06	1	part_2_zero_frequency	ocr_consensus_unreviewed
chance	SYL-VOCAB-P014-R10	1	part_1_true_exam	ocr_consensus_unreviewed
chancellor	SYL-VOCAB-P014-R11	1	part_1_true_exam	ocr_consensus_unreviewed
change	SYL-VOCAB-P014-R12	1	part_1_true_exam	verified_manual_visual
channel	SYL-VOCAB-P014-R13	1	part_1_true_exam	ocr_consensus_unreviewed
chaos	SYL-VOCAB-P014-R14	1	part_1_true_exam	ocr_consensus_unreviewed
chap	SYL-VOCAB-P073-R07	1	part_2_zero_frequency	ocr_consensus_unreviewed
chapel	SYL-VOCAB-P088-R09	1	part_3_beyond_syllabus	ocr_consensus_unreviewed
chapter	SYL-VOCAB-P014-R15	1	part_1_true_exam	ocr_consensus_unreviewed
character	SYL-VOCAB-P014-R16	1	part_1_true_exam	ocr_consensus_unreviewed
characterise	SYL-VOCAB-P014-R18	1	part_1_true_exam	ocr_consensus_unreviewed
characteristic	SYL-VOCAB-P014-R17	1	part_1_true_exam	ocr_consensus_unreviewed
charge	SYL-VOCAB-P014-R19	1	part_1_true_exam	ocr_consensus_unreviewed
charity	SYL-VOCAB-P014-R20	1	part_1_true_exam	ocr_consensus_unreviewed
charm	SYL-VOCAB-P014-R21	1	part_1_true_exam	ocr_consensus_unreviewed
chart	SYL-VOCAB-P073-R08	1	part_2_zero_frequency	ocr_consensus_unreviewed
charter	SYL-VOCAB-P014-R22	1	part_1_true_exam	ocr_consensus_unreviewed
chase	SYL-VOCAB-P014-R23	1	part_1_true_exam	ocr_consensus_unreviewed
chat	SYL-VOCAB-P014-R24	1	part_1_true_exam	ocr_consensus_unreviewed
chauvinistic	SYL-VOCAB-P088-R10	1	part_3_beyond_syllabus	verified_manual_visual
cheap	SYL-VOCAB-P014-R25	1	part_1_true_exam	ocr_consensus_unreviewed
cheat	SYL-VOCAB-P014-R26	1	part_1_true_exam	ocr_consensus_unreviewed
cheek	SYL-VOCAB-P073-R09	1	part_2_zero_frequency	ocr_consensus_unreviewed
cheer	SYL-VOCAB-P014-R27	1	part_1_true_exam	ocr_consensus_unreviewed
cheese	SYL-VOCAB-P014-R28	1	part_1_true_exam	ocr_consensus_unreviewed
chef	SYL-VOCAB-P073-R10	1	part_2_zero_frequency	ocr_consensus_unreviewed
chemical	SYL-VOCAB-P014-R29	1	part_1_true_exam	ocr_consensus_unreviewed
chemist	SYL-VOCAB-P014-R30	1	part_1_true_exam	ocr_consensus_unreviewed
chemistry	SYL-VOCAB-P014-R31	1	part_1_true_exam	ocr_consensus_unreviewed
cheque	SYL-VOCAB-P014-R32	1	part_1_true_exam	ocr_consensus_unreviewed
cherish	SYL-VOCAB-P014-R33	1	part_1_true_exam	ocr_consensus_unreviewed
cherry	SYL-VOCAB-P014-R34	1	part_1_true_exam	ocr_consensus_unreviewed
chess	SYL-VOCAB-P073-R11	1	part_2_zero_frequency	ocr_consensus_unreviewed
chest	SYL-VOCAB-P073-R12	1	part_2_zero_frequency	ocr_consensus_unreviewed
chew	SYL-VOCAB-P073-R13	1	part_2_zero_frequency	ocr_consensus_unreviewed
chicken	SYL-VOCAB-P073-R14	1	part_2_zero_frequency	ocr_consensus_unreviewed
chief	SYL-VOCAB-P015-L01	1	part_1_true_exam	ocr_consensus_unreviewed
child	SYL-VOCAB-P015-L02	1	part_1_true_exam	ocr_consensus_unreviewed
childhood	SYL-VOCAB-P015-L03	1	part_1_true_exam	ocr_consensus_unreviewed
chill	SYL-VOCAB-P073-R15	1	part_2_zero_frequency	ocr_consensus_unreviewed
chimney	SYL-VOCAB-P073-R16	1	part_2_zero_frequency	ocr_consensus_unreviewed
chin	SYL-VOCAB-P073-R17	1	part_2_zero_frequency	ocr_consensus_unreviewed
china	SYL-VOCAB-P015-L04	1	part_1_true_exam	ocr_consensus_unreviewed
chip	SYL-VOCAB-P015-L05	1	part_1_true_exam	ocr_consensus_unreviewed
chocolate	SYL-VOCAB-P073-R18	1	part_2_zero_frequency	ocr_consensus_unreviewed
choice	SYL-VOCAB-P015-L06	1	part_1_true_exam	ocr_consensus_unreviewed
choir	SYL-VOCAB-P088-R11	1	part_3_beyond_syllabus	ocr_consensus_unreviewed
choke	SYL-VOCAB-P073-R19	1	part_2_zero_frequency	ocr_consensus_unreviewed
choose	SYL-VOCAB-P015-L07	1	part_1_true_exam	ocr_consensus_unreviewed
chop	SYL-VOCAB-P015-L08	1	part_1_true_exam	ocr_consensus_unreviewed
chorus	SYL-VOCAB-P073-R20	1	part_2_zero_frequency	ocr_consensus_unreviewed
christ	SYL-VOCAB-P073-R21	1	part_2_zero_frequency	ocr_consensus_unreviewed
christian	SYL-VOCAB-P015-L09	1	part_1_true_exam	ocr_consensus_unreviewed
christmas	SYL-VOCAB-P015-L10	1	part_1_true_exam	ocr_consensus_unreviewed
chromosome	SYL-VOCAB-P088-R12	1	part_3_beyond_syllabus	verified_manual_visual
chronic	SYL-VOCAB-P015-L11	1	part_1_true_exam	ocr_consensus_unreviewed
chronicle	SYL-VOCAB-P088-R13	1	part_3_beyond_syllabus	ocr_consensus_unreviewed
chunk	SYL-VOCAB-P088-R14	1	part_3_beyond_syllabus	ocr_consensus_unreviewed
church	SYL-VOCAB-P015-L12	1	part_1_true_exam	ocr_consensus_unreviewed
cigar	SYL-VOCAB-P015-L13	1	part_1_true_exam	ocr_consensus_unreviewed
cigaret	SYL-VOCAB-P015-L15	1	part_1_true_exam	ocr_consensus_unreviewed
cinema	SYL-VOCAB-P073-R22	1	part_2_zero_frequency	ocr_consensus_unreviewed
circle	SYL-VOCAB-P015-L14	1	part_1_true_exam	ocr_consensus_unreviewed
circuit	SYL-VOCAB-P015-L16	1	part_1_true_exam	ocr_consensus_unreviewed
circular	SYL-VOCAB-P073-R23	1	part_2_zero_frequency	ocr_consensus_unreviewed
circulate	SYL-VOCAB-P015-L17	1	part_1_true_exam	ocr_consensus_unreviewed
circumstance	SYL-VOCAB-P015-L18	1	part_1_true_exam	ocr_consensus_unreviewed
circus	SYL-VOCAB-P073-R24	1	part_2_zero_frequency	ocr_consensus_unreviewed
cite	SYL-VOCAB-P015-L19	1	part_1_true_exam	ocr_consensus_unreviewed
citizen	SYL-VOCAB-P015-L20	1	part_1_true_exam	ocr_consensus_unreviewed
city	SYL-VOCAB-P015-L21	1	part_1_true_exam	ocr_consensus_unreviewed
civil	SYL-VOCAB-P015-L22	1	part_1_true_exam	ocr_consensus_unreviewed
civilian	SYL-VOCAB-P073-R25	1	part_2_zero_frequency	ocr_consensus_unreviewed
civilise/ civilize	SYL-VOCAB-P015-L24	1	part_1_true_exam	ocr_consensus_unreviewed
civilization	SYL-VOCAB-P015-L23	1	part_1_true_exam	verified_manual_visual
claim	SYL-VOCAB-P015-L25	1	part_1_true_exam	ocr_consensus_unreviewed
clap	SYL-VOCAB-P073-R26	1	part_2_zero_frequency	ocr_consensus_unreviewed
clarify	SYL-VOCAB-P015-L26	1	part_1_true_exam	ocr_consensus_unreviewed
clarity	SYL-VOCAB-P015-L27	1	part_1_true_exam	ocr_consensus_unreviewed
clash	SYL-VOCAB-P015-L28	1	part_1_true_exam	ocr_consensus_unreviewed
clasp	SYL-VOCAB-P073-R27	1	part_2_zero_frequency	ocr_consensus_unreviewed
class	SYL-VOCAB-P015-L29	1	part_1_true_exam	ocr_consensus_unreviewed
classic	SYL-VOCAB-P015-L30	1	part_1_true_exam	ocr_consensus_unreviewed
classical	SYL-VOCAB-P015-L31	1	part_1_true_exam	ocr_consensus_unreviewed
classification	SYL-VOCAB-P073-R28	1	part_2_zero_frequency	ocr_consensus_unreviewed
classify	SYL-VOCAB-P015-L32	1	part_1_true_exam	ocr_consensus_unreviewed
classmate	SYL-VOCAB-P015-L33	1	part_1_true_exam	ocr_consensus_unreviewed
classroom	SYL-VOCAB-P015-L34	1	part_1_true_exam	ocr_consensus_unreviewed
clause	SYL-VOCAB-P015-L35	1	part_1_true_exam	ocr_consensus_unreviewed
claw	SYL-VOCAB-P015-R01	1	part_1_true_exam	ocr_consensus_unreviewed
clawback	SYL-VOCAB-P088-R15	1	part_3_beyond_syllabus	ocr_consensus_unreviewed
clay	SYL-VOCAB-P073-R29	1	part_2_zero_frequency	ocr_consensus_unreviewed
clean	SYL-VOCAB-P015-R02	1	part_1_true_exam	verified_manual_visual
clear	SYL-VOCAB-P015-R03	1	part_1_true_exam	ocr_consensus_unreviewed
clergy	SYL-VOCAB-P015-R04	1	part_1_true_exam	ocr_consensus_unreviewed
clerk	SYL-VOCAB-P015-R05	1	part_1_true_exam	ocr_consensus_unreviewed
clever	SYL-VOCAB-P015-R06	1	part_1_true_exam	ocr_consensus_unreviewed
click	SYL-VOCAB-P015-R07	1	part_1_true_exam	ocr_consensus_unreviewed
client	SYL-VOCAB-P015-R08	1	part_1_true_exam	ocr_consensus_unreviewed
clientele	SYL-VOCAB-P088-R16	1	part_3_beyond_syllabus	verified_manual_visual
cliff	SYL-VOCAB-P015-R09	1	part_1_true_exam	ocr_consensus_unreviewed
climate	SYL-VOCAB-P015-R10	1	part_1_true_exam	verified_manual_visual
climax	SYL-VOCAB-P073-R30	1	part_2_zero_frequency	ocr_consensus_unreviewed
climb	SYL-VOCAB-P015-R11	1	part_1_true_exam	ocr_consensus_unreviewed
cling	SYL-VOCAB-P015-R12	1	part_1_true_exam	ocr_consensus_unreviewed
clinic	SYL-VOCAB-P015-R13	1	part_1_true_exam	ocr_consensus_unreviewed
clip	SYL-VOCAB-P015-R14	1	part_1_true_exam	ocr_consensus_unreviewed
clique	SYL-VOCAB-P088-R17	1	part_3_beyond_syllabus	ocr_consensus_unreviewed
cloak	SYL-VOCAB-P015-R15	1	part_1_true_exam	ocr_consensus_unreviewed
clock	SYL-VOCAB-P015-R16	1	part_1_true_exam	ocr_consensus_unreviewed
clockwise	SYL-VOCAB-P073-R31	1	part_2_zero_frequency	ocr_consensus_unreviewed
clone	SYL-VOCAB-P015-R17	1	part_1_true_exam	ocr_consensus_unreviewed
close	SYL-VOCAB-P015-R18	1	part_1_true_exam	ocr_consensus_unreviewed
closet	SYL-VOCAB-P073-R32	1	part_2_zero_frequency	ocr_consensus_unreviewed
cloth	SYL-VOCAB-P073-R33	1	part_2_zero_frequency	ocr_consensus_unreviewed
clothe	SYL-VOCAB-P073-R34	1	part_2_zero_frequency	ocr_consensus_unreviewed
clothes	SYL-VOCAB-P015-R19	1	part_1_true_exam	ocr_consensus_unreviewed
clothing	SYL-VOCAB-P015-R20	1	part_1_true_exam	ocr_consensus_unreviewed
cloud	SYL-VOCAB-P015-R21	1	part_1_true_exam	verified_manual_visual
cloudy	SYL-VOCAB-P073-R35	1	part_2_zero_frequency	ocr_consensus_unreviewed
clove	SYL-VOCAB-P088-R18	1	part_3_beyond_syllabus	ocr_consensus_unreviewed
club	SYL-VOCAB-P015-R22	1	part_1_true_exam	ocr_consensus_unreviewed
clue	SYL-VOCAB-P015-R23	1	part_1_true_exam	ocr_consensus_unreviewed
clumplike	SYL-VOCAB-P088-R19	1	part_3_beyond_syllabus	ocr_consensus_unreviewed
clumsy	SYL-VOCAB-P073-R36	1	part_2_zero_frequency	ocr_consensus_unreviewed
cluster	SYL-VOCAB-P015-R24	1	part_1_true_exam	ocr_consensus_unreviewed
clutch	SYL-VOCAB-P073-R37	1	part_2_zero_frequency	ocr_consensus_unreviewed
coach	SYL-VOCAB-P015-R25	1	part_1_true_exam	ocr_consensus_unreviewed
coal	SYL-VOCAB-P015-R26	1	part_1_true_exam	ocr_consensus_unreviewed
coalition	SYL-VOCAB-P074-L01	1	part_2_zero_frequency	ocr_consensus_unreviewed
coarse	SYL-VOCAB-P074-L02	1	part_2_zero_frequency	ocr_consensus_unreviewed
coast	SYL-VOCAB-P015-R27	1	part_1_true_exam	ocr_consensus_unreviewed
coat	SYL-VOCAB-P015-R28	1	part_1_true_exam	ocr_consensus_unreviewed
cocaine	SYL-VOCAB-P015-R29	1	part_1_true_exam	ocr_consensus_unreviewed
cock	SYL-VOCAB-P074-L03	1	part_2_zero_frequency	ocr_consensus_unreviewed
code	SYL-VOCAB-P016-L01	1	part_1_true_exam	ocr_consensus_unreviewed
coffee	SYL-VOCAB-P016-L02	1	part_1_true_exam	ocr_consensus_unreviewed
cognitive	SYL-VOCAB-P016-L03	1	part_1_true_exam	ocr_consensus_unreviewed
coherent	SYL-VOCAB-P016-L04	1	part_1_true_exam	ocr_consensus_unreviewed
cohesive	SYL-VOCAB-P074-L04	1	part_2_zero_frequency	ocr_consensus_unreviewed
coil	SYL-VOCAB-P074-L05	1	part_2_zero_frequency	ocr_consensus_unreviewed
coin	SYL-VOCAB-P074-L06	1	part_2_zero_frequency	ocr_consensus_unreviewed
coincide	SYL-VOCAB-P016-L05	1	part_1_true_exam	ocr_consensus_unreviewed
coincidence	SYL-VOCAB-P016-L06	1	part_1_true_exam	ocr_consensus_unreviewed
coke	SYL-VOCAB-P074-L07	1	part_2_zero_frequency	ocr_consensus_unreviewed
cold	SYL-VOCAB-P016-L07	1	part_1_true_exam	ocr_consensus_unreviewed
collaborate	SYL-VOCAB-P016-L08	1	part_1_true_exam	verified_manual_visual
collapse	SYL-VOCAB-P016-L09	1	part_1_true_exam	ocr_consensus_unreviewed
collar	SYL-VOCAB-P016-L10	1	part_1_true_exam	ocr_consensus_unreviewed
colleague	SYL-VOCAB-P016-L11	1	part_1_true_exam	ocr_consensus_unreviewed
collect	SYL-VOCAB-P016-L12	1	part_1_true_exam	ocr_consensus_unreviewed
collection	SYL-VOCAB-P016-L13	1	part_1_true_exam	ocr_consensus_unreviewed
collective	SYL-VOCAB-P016-L14	1	part_1_true_exam	ocr_consensus_unreviewed
college	SYL-VOCAB-P016-L15	1	part_1_true_exam	ocr_consensus_unreviewed
collide	SYL-VOCAB-P074-L08	1	part_2_zero_frequency	ocr_consensus_unreviewed
collision	SYL-VOCAB-P074-L09	1	part_2_zero_frequency	ocr_consensus_unreviewed
colonel	SYL-VOCAB-P074-L10	1	part_2_zero_frequency	ocr_consensus_unreviewed
colonial	SYL-VOCAB-P016-L16	1	part_1_true_exam	ocr_consensus_unreviewed
colony	SYL-VOCAB-P016-L17	1	part_1_true_exam	ocr_consensus_unreviewed
color	SYL-VOCAB-P016-L18	1	part_1_true_exam	ocr_consensus_unreviewed
column	SYL-VOCAB-P016-L19	1	part_1_true_exam	ocr_consensus_unreviewed
comb	SYL-VOCAB-P016-L20	1	part_1_true_exam	ocr_consensus_unreviewed
combat	SYL-VOCAB-P016-L21	1	part_1_true_exam	ocr_consensus_unreviewed
combination	SYL-VOCAB-P016-L22	1	part_1_true_exam	ocr_consensus_unreviewed
combine	SYL-VOCAB-P016-L23	1	part_1_true_exam	ocr_consensus_unreviewed
come	SYL-VOCAB-P016-L24	1	part_1_true_exam	ocr_consensus_unreviewed
comedy	SYL-VOCAB-P016-L25	1	part_1_true_exam	ocr_consensus_unreviewed
comet	SYL-VOCAB-P074-L11	1	part_2_zero_frequency	ocr_consensus_unreviewed
comfort	SYL-VOCAB-P016-L26	1	part_1_true_exam	ocr_consensus_unreviewed
comfortable	SYL-VOCAB-P016-L27	1	part_1_true_exam	ocr_consensus_unreviewed
comic	SYL-VOCAB-P016-L28	1	part_1_true_exam	ocr_consensus_unreviewed
command	SYL-VOCAB-P016-L29	1	part_1_true_exam	ocr_consensus_unreviewed
commemorate	SYL-VOCAB-P074-L12	1	part_2_zero_frequency	ocr_consensus_unreviewed
commence	SYL-VOCAB-P074-L13	1	part_2_zero_frequency	ocr_consensus_unreviewed
commend	SYL-VOCAB-P016-L30	1	part_1_true_exam	ocr_consensus_unreviewed
comment	SYL-VOCAB-P016-R01	1	part_1_true_exam	ocr_consensus_unreviewed
commerce	SYL-VOCAB-P016-R02	1	part_1_true_exam	ocr_consensus_unreviewed
commercial	SYL-VOCAB-P016-R03	1	part_1_true_exam	ocr_consensus_unreviewed
commission	SYL-VOCAB-P016-R04	1	part_1_true_exam	ocr_consensus_unreviewed
commit	SYL-VOCAB-P016-R05	1	part_1_true_exam	ocr_consensus_unreviewed
committee	SYL-VOCAB-P016-R06	1	part_1_true_exam	ocr_consensus_unreviewed
commodity	SYL-VOCAB-P016-R07	1	part_1_true_exam	ocr_consensus_unreviewed
common	SYL-VOCAB-P016-R08	1	part_1_true_exam	ocr_consensus_unreviewed
commonplace	SYL-VOCAB-P074-L14	1	part_2_zero_frequency	ocr_consensus_unreviewed
commonwealth	SYL-VOCAB-P074-L15	1	part_2_zero_frequency	ocr_consensus_unreviewed
communicate	SYL-VOCAB-P016-R09	1	part_1_true_exam	ocr_consensus_unreviewed
communication	SYL-VOCAB-P016-R10	1	part_1_true_exam	ocr_consensus_unreviewed
communism	SYL-VOCAB-P074-L16	1	part_2_zero_frequency	ocr_consensus_unreviewed
community	SYL-VOCAB-P016-R11	1	part_1_true_exam	ocr_consensus_unreviewed
commute	SYL-VOCAB-P016-R12	1	part_1_true_exam	ocr_consensus_unreviewed
compact	SYL-VOCAB-P016-R13	1	part_1_true_exam	ocr_consensus_unreviewed
companion	SYL-VOCAB-P016-R14	1	part_1_true_exam	ocr_consensus_unreviewed
company	SYL-VOCAB-P016-R15	1	part_1_true_exam	ocr_consensus_unreviewed
comparable	SYL-VOCAB-P016-R16	1	part_1_true_exam	ocr_consensus_unreviewed
comparative	SYL-VOCAB-P016-R17	1	part_1_true_exam	ocr_consensus_unreviewed
compare	SYL-VOCAB-P016-R18	1	part_1_true_exam	ocr_consensus_unreviewed
comparison	SYL-VOCAB-P016-R19	1	part_1_true_exam	ocr_consensus_unreviewed
compartment	SYL-VOCAB-P016-R20	1	part_1_true_exam	ocr_consensus_unreviewed
compass	SYL-VOCAB-P016-R21	1	part_1_true_exam	ocr_consensus_unreviewed
compassion	SYL-VOCAB-P016-R22	1	part_1_true_exam	ocr_consensus_unreviewed
compatible	SYL-VOCAB-P016-R23	1	part_1_true_exam	ocr_consensus_unreviewed
compel	SYL-VOCAB-P016-R24	1	part_1_true_exam	ocr_consensus_unreviewed
compensate	SYL-VOCAB-P016-R25	1	part_1_true_exam	ocr_consensus_unreviewed
compensation	SYL-VOCAB-P016-R26	1	part_1_true_exam	ocr_consensus_unreviewed
compete	SYL-VOCAB-P016-R27	1	part_1_true_exam	ocr_consensus_unreviewed
competent	SYL-VOCAB-P016-R28	1	part_1_true_exam	ocr_consensus_unreviewed
competition	SYL-VOCAB-P016-R29	1	part_1_true_exam	ocr_consensus_unreviewed
competitive	SYL-VOCAB-P016-R30	1	part_1_true_exam	ocr_consensus_unreviewed
compile	SYL-VOCAB-P016-R31	1	part_1_true_exam	ocr_consensus_unreviewed
complain	SYL-VOCAB-P017-L01	1	part_1_true_exam	ocr_consensus_unreviewed
complaint	SYL-VOCAB-P017-L02	1	part_1_true_exam	ocr_consensus_unreviewed
complement	SYL-VOCAB-P017-L03	1	part_1_true_exam	ocr_consensus_unreviewed
complete	SYL-VOCAB-P017-L04	1	part_1_true_exam	ocr_consensus_unreviewed
complex	SYL-VOCAB-P017-L05	1	part_1_true_exam	ocr_consensus_unreviewed
complicate	SYL-VOCAB-P017-L06	1	part_1_true_exam	ocr_consensus_unreviewed
complicated	SYL-VOCAB-P017-L07	1	part_1_true_exam	ocr_consensus_unreviewed
complication	SYL-VOCAB-P074-L17	1	part_2_zero_frequency	ocr_consensus_unreviewed
compliment	SYL-VOCAB-P017-L08	1	part_1_true_exam	ocr_consensus_unreviewed
comply	SYL-VOCAB-P017-L09	1	part_1_true_exam	ocr_consensus_unreviewed
component	SYL-VOCAB-P017-L10	1	part_1_true_exam	ocr_consensus_unreviewed
compose	SYL-VOCAB-P017-L11	1	part_1_true_exam	ocr_consensus_unreviewed
composite	SYL-VOCAB-P074-L18	1	part_2_zero_frequency	ocr_consensus_unreviewed
composition	SYL-VOCAB-P017-L12	1	part_1_true_exam	ocr_consensus_unreviewed
compound	SYL-VOCAB-P017-L13	1	part_1_true_exam	ocr_consensus_unreviewed
comprehension	SYL-VOCAB-P017-L14	1	part_1_true_exam	ocr_consensus_unreviewed
comprehensive	SYL-VOCAB-P017-L15	1	part_1_true_exam	ocr_consensus_unreviewed
compress	SYL-VOCAB-P017-L16	1	part_1_true_exam	ocr_consensus_unreviewed
comprise	SYL-VOCAB-P017-L17	1	part_1_true_exam	ocr_consensus_unreviewed
compromise	SYL-VOCAB-P017-L18	1	part_1_true_exam	ocr_consensus_unreviewed
compulsory	SYL-VOCAB-P017-L19	1	part_1_true_exam	ocr_consensus_unreviewed
compute	SYL-VOCAB-P017-L20	1	part_1_true_exam	verified_manual_visual
computer	SYL-VOCAB-P017-L21	1	part_1_true_exam	ocr_consensus_unreviewed
comrade	SYL-VOCAB-P074-L19	1	part_2_zero_frequency	ocr_consensus_unreviewed
conceal	SYL-VOCAB-P017-L22	1	part_1_true_exam	ocr_consensus_unreviewed
concede	SYL-VOCAB-P074-L20	1	part_2_zero_frequency	ocr_consensus_unreviewed
conceive	SYL-VOCAB-P017-L23	1	part_1_true_exam	ocr_consensus_unreviewed
concentrate	SYL-VOCAB-P017-L24	1	part_1_true_exam	ocr_consensus_unreviewed
concept	SYL-VOCAB-P017-L25	1	part_1_true_exam	ocr_consensus_unreviewed
conception	SYL-VOCAB-P017-L26	1	part_1_true_exam	ocr_consensus_unreviewed
concern	SYL-VOCAB-P017-L27	1	part_1_true_exam	ocr_consensus_unreviewed
concerning	SYL-VOCAB-P017-L28	1	part_1_true_exam	ocr_consensus_unreviewed
concert	SYL-VOCAB-P017-L29	1	part_1_true_exam	ocr_consensus_unreviewed
concession	SYL-VOCAB-P017-L30	1	part_1_true_exam	ocr_consensus_unreviewed
concise	SYL-VOCAB-P017-L31	1	part_1_true_exam	ocr_consensus_unreviewed
conclude	SYL-VOCAB-P017-L32	1	part_1_true_exam	ocr_consensus_unreviewed
conclusion	SYL-VOCAB-P017-R01	1	part_1_true_exam	ocr_consensus_unreviewed
concrete	SYL-VOCAB-P017-R02	1	part_1_true_exam	ocr_consensus_unreviewed
condemn	SYL-VOCAB-P017-R03	1	part_1_true_exam	ocr_consensus_unreviewed
condense	SYL-VOCAB-P017-R04	1	part_1_true_exam	ocr_consensus_unreviewed
condition	SYL-VOCAB-P017-R05	1	part_1_true_exam	ocr_consensus_unreviewed
conduct	SYL-VOCAB-P017-R06	1	part_1_true_exam	ocr_consensus_unreviewed
conductor	SYL-VOCAB-P017-R07	1	part_1_true_exam	ocr_consensus_unreviewed
confer	SYL-VOCAB-P017-R08	1	part_1_true_exam	ocr_consensus_unreviewed
conference	SYL-VOCAB-P017-R09	1	part_1_true_exam	ocr_consensus_unreviewed
confess	SYL-VOCAB-P017-R10	1	part_1_true_exam	ocr_consensus_unreviewed
confide	SYL-VOCAB-P088-R20	1	part_3_beyond_syllabus	ocr_consensus_unreviewed
confidence	SYL-VOCAB-P017-R11	1	part_1_true_exam	ocr_consensus_unreviewed
confidential	SYL-VOCAB-P074-L21	1	part_2_zero_frequency	ocr_consensus_unreviewed
confine	SYL-VOCAB-P017-R12	1	part_1_true_exam	ocr_consensus_unreviewed
confirm	SYL-VOCAB-P017-R13	1	part_1_true_exam	ocr_consensus_unreviewed
conflict	SYL-VOCAB-P017-R14	1	part_1_true_exam	ocr_consensus_unreviewed
conform	SYL-VOCAB-P017-R15	1	part_1_true_exam	ocr_consensus_unreviewed
confront	SYL-VOCAB-P017-R16	1	part_1_true_exam	ocr_consensus_unreviewed
confuse	SYL-VOCAB-P017-R17	1	part_1_true_exam	ocr_consensus_unreviewed
confusion	SYL-VOCAB-P017-R18	1	part_1_true_exam	ocr_consensus_unreviewed
congratulate	SYL-VOCAB-P074-L22	1	part_2_zero_frequency	ocr_consensus_unreviewed
congratulation	SYL-VOCAB-P074-L23	1	part_2_zero_frequency	ocr_consensus_unreviewed
congress	SYL-VOCAB-P017-R19	1	part_1_true_exam	ocr_consensus_unreviewed
conjunction	SYL-VOCAB-P017-R20	1	part_1_true_exam	ocr_consensus_unreviewed
connect	SYL-VOCAB-P017-R21	1	part_1_true_exam	ocr_consensus_unreviewed
connexion	SYL-VOCAB-P017-R22	1	part_1_true_exam	ocr_consensus_unreviewed
conquer	SYL-VOCAB-P017-R23	1	part_1_true_exam	ocr_consensus_unreviewed
conquest	SYL-VOCAB-P074-L24	1	part_2_zero_frequency	ocr_consensus_unreviewed
conscience	SYL-VOCAB-P017-R24	1	part_1_true_exam	ocr_consensus_unreviewed
conscientious	SYL-VOCAB-P074-L25	1	part_2_zero_frequency	ocr_consensus_unreviewed
conscious	SYL-VOCAB-P017-R25	1	part_1_true_exam	ocr_consensus_unreviewed
consecutive	SYL-VOCAB-P074-L26	1	part_2_zero_frequency	ocr_consensus_unreviewed
consensus	SYL-VOCAB-P017-R26	1	part_1_true_exam	ocr_consensus_unreviewed
consent	SYL-VOCAB-P017-R27	1	part_1_true_exam	ocr_consensus_unreviewed
consequence	SYL-VOCAB-P017-R28	1	part_1_true_exam	ocr_consensus_unreviewed
consequently	SYL-VOCAB-P017-R29	1	part_1_true_exam	ocr_consensus_unreviewed
conservation	SYL-VOCAB-P017-R30	1	part_1_true_exam	verified_manual_visual
conservative	SYL-VOCAB-P018-L01	1	part_1_true_exam	ocr_consensus_unreviewed
consider	SYL-VOCAB-P018-L02	1	part_1_true_exam	ocr_consensus_unreviewed
considerable	SYL-VOCAB-P018-L03	1	part_1_true_exam	ocr_consensus_unreviewed
considerate	SYL-VOCAB-P018-L04	1	part_1_true_exam	ocr_consensus_unreviewed
consideration	SYL-VOCAB-P018-L05	1	part_1_true_exam	ocr_consensus_unreviewed
consist	SYL-VOCAB-P018-L06	1	part_1_true_exam	ocr_consensus_unreviewed
consistent	SYL-VOCAB-P018-L07	1	part_1_true_exam	ocr_consensus_unreviewed
console	SYL-VOCAB-P074-L27	1	part_2_zero_frequency	ocr_consensus_unreviewed
consolidate	SYL-VOCAB-P018-L08	1	part_1_true_exam	ocr_consensus_unreviewed
conspicuous	SYL-VOCAB-P018-L09	1	part_1_true_exam	ocr_consensus_unreviewed
conspiracy	SYL-VOCAB-P018-L10	1	part_1_true_exam	ocr_consensus_unreviewed
constant	SYL-VOCAB-P018-L11	1	part_1_true_exam	ocr_consensus_unreviewed
constituent	SYL-VOCAB-P018-L12	1	part_1_true_exam	ocr_consensus_unreviewed
constitute	SYL-VOCAB-P018-L13	1	part_1_true_exam	ocr_consensus_unreviewed
constitution	SYL-VOCAB-P018-L14	1	part_1_true_exam	ocr_consensus_unreviewed
constrain	SYL-VOCAB-P018-L15	1	part_1_true_exam	ocr_consensus_unreviewed
construct	SYL-VOCAB-P018-L16	1	part_1_true_exam	ocr_consensus_unreviewed
construction	SYL-VOCAB-P018-L17	1	part_1_true_exam	ocr_consensus_unreviewed
consult	SYL-VOCAB-P018-L18	1	part_1_true_exam	ocr_consensus_unreviewed
consultant	SYL-VOCAB-P018-L19	1	part_1_true_exam	ocr_consensus_unreviewed
consume	SYL-VOCAB-P018-L20	1	part_1_true_exam	ocr_consensus_unreviewed
consumption	SYL-VOCAB-P018-L21	1	part_1_true_exam	ocr_consensus_unreviewed
contact	SYL-VOCAB-P018-L22	1	part_1_true_exam	ocr_consensus_unreviewed
contagious	SYL-VOCAB-P074-L28	1	part_2_zero_frequency	ocr_consensus_unreviewed
contain	SYL-VOCAB-P018-L23	1	part_1_true_exam	ocr_consensus_unreviewed
contaminate	SYL-VOCAB-P074-L29	1	part_2_zero_frequency	ocr_consensus_unreviewed
contemplate	SYL-VOCAB-P018-L24	1	part_1_true_exam	ocr_consensus_unreviewed
contemporary	SYL-VOCAB-P018-L25	1	part_1_true_exam	ocr_consensus_unreviewed
contempt	SYL-VOCAB-P018-L26	1	part_1_true_exam	ocr_consensus_unreviewed
contend	SYL-VOCAB-P018-L27	1	part_1_true_exam	ocr_consensus_unreviewed
content	SYL-VOCAB-P018-L28	1	part_1_true_exam	ocr_consensus_unreviewed
contest	SYL-VOCAB-P018-R01	1	part_1_true_exam	ocr_consensus_unreviewed
context	SYL-VOCAB-P018-R02	1	part_1_true_exam	ocr_consensus_unreviewed
continent	SYL-VOCAB-P018-R03	1	part_1_true_exam	ocr_consensus_unreviewed
continual	SYL-VOCAB-P018-R04	1	part_1_true_exam	ocr_consensus_unreviewed
continue	SYL-VOCAB-P018-R05	1	part_1_true_exam	ocr_consensus_unreviewed
continuous	SYL-VOCAB-P018-R06	1	part_1_true_exam	ocr_consensus_unreviewed
contract	SYL-VOCAB-P018-R07	1	part_1_true_exam	ocr_consensus_unreviewed
contradict	SYL-VOCAB-P018-R08	1	part_1_true_exam	ocr_consensus_unreviewed
contradiction	SYL-VOCAB-P018-R09	1	part_1_true_exam	ocr_consensus_unreviewed
contrary	SYL-VOCAB-P018-R10	1	part_1_true_exam	ocr_consensus_unreviewed
contrast	SYL-VOCAB-P018-R11	1	part_1_true_exam	ocr_consensus_unreviewed
contribute	SYL-VOCAB-P018-R12	1	part_1_true_exam	pending_review_only
contribution	SYL-VOCAB-P018-R13	1	part_1_true_exam	ocr_consensus_unreviewed
contrive	SYL-VOCAB-P074-L30	1	part_2_zero_frequency	ocr_consensus_unreviewed
control	SYL-VOCAB-P018-R14	1	part_1_true_exam	ocr_consensus_unreviewed
controversial	SYL-VOCAB-P018-R15	1	part_1_true_exam	ocr_consensus_unreviewed
controversy	SYL-VOCAB-P018-R16	1	part_1_true_exam	ocr_consensus_unreviewed
convenience	SYL-VOCAB-P018-R17	1	part_1_true_exam	ocr_consensus_unreviewed
convenient	SYL-VOCAB-P018-R18	1	part_1_true_exam	ocr_consensus_unreviewed
convention	SYL-VOCAB-P018-R20	1	part_1_true_exam	ocr_consensus_unreviewed
conventional	SYL-VOCAB-P018-R19	1	part_1_true_exam	ocr_consensus_unreviewed
converge	SYL-VOCAB-P074-L31	1	part_2_zero_frequency	ocr_consensus_unreviewed
conversation	SYL-VOCAB-P018-R21	1	part_1_true_exam	ocr_consensus_unreviewed
conversel y	SYL-VOCAB-P018-R22	1	part_1_true_exam	ocr_consensus_unreviewed
conversion	SYL-VOCAB-P074-L32	1	part_2_zero_frequency	ocr_consensus_unreviewed
convert	SYL-VOCAB-P018-R23	1	part_1_true_exam	pending_review_only
convey	SYL-VOCAB-P018-R24	1	part_1_true_exam	ocr_consensus_unreviewed
convict	SYL-VOCAB-P018-R25	1	part_1_true_exam	ocr_consensus_unreviewed
conviction	SYL-VOCAB-P018-R26	1	part_1_true_exam	ocr_consensus_unreviewed
convince	SYL-VOCAB-P018-R27	1	part_1_true_exam	ocr_consensus_unreviewed
cook	SYL-VOCAB-P018-R28	1	part_1_true_exam	ocr_consensus_unreviewed
cool	SYL-VOCAB-P018-R29	1	part_1_true_exam	ocr_consensus_unreviewed
cooperate	SYL-VOCAB-P019-L01	1	part_1_true_exam	ocr_consensus_unreviewed
cooperative	SYL-VOCAB-P019-L02	1	part_1_true_exam	ocr_consensus_unreviewed
coordinate	SYL-VOCAB-P019-L03	1	part_1_true_exam	ocr_consensus_unreviewed
cop	SYL-VOCAB-P019-L04	1	part_1_true_exam	ocr_consensus_unreviewed
cope	SYL-VOCAB-P019-L05	1	part_1_true_exam	ocr_consensus_unreviewed
copper	SYL-VOCAB-P074-L33	1	part_2_zero_frequency	ocr_consensus_unreviewed
copy	SYL-VOCAB-P019-L06	1	part_1_true_exam	ocr_consensus_unreviewed
copyright	SYL-VOCAB-P019-L07	1	part_1_true_exam	ocr_consensus_unreviewed
cord	SYL-VOCAB-P074-L34	1	part_2_zero_frequency	ocr_consensus_unreviewed
cordial	SYL-VOCAB-P074-L35	1	part_2_zero_frequency	ocr_consensus_unreviewed
core	SYL-VOCAB-P019-L08	1	part_1_true_exam	verified_manual_visual
corn	SYL-VOCAB-P074-L36	1	part_2_zero_frequency	ocr_consensus_unreviewed
corner	SYL-VOCAB-P019-L09	1	part_1_true_exam	ocr_consensus_unreviewed
corporation	SYL-VOCAB-P019-L10	1	part_1_true_exam	ocr_consensus_unreviewed
correct	SYL-VOCAB-P019-L11	1	part_1_true_exam	ocr_consensus_unreviewed
correlate	SYL-VOCAB-P019-L12	1	part_1_true_exam	ocr_consensus_unreviewed
correspond	SYL-VOCAB-P019-L13	1	part_1_true_exam	ocr_consensus_unreviewed
correspondence	SYL-VOCAB-P019-L14	1	part_1_true_exam	ocr_consensus_unreviewed
correspondent	SYL-VOCAB-P074-L37	1	part_2_zero_frequency	ocr_consensus_unreviewed
corresponding	SYL-VOCAB-P019-L15	1	part_1_true_exam	ocr_consensus_unreviewed
corridor	SYL-VOCAB-P019-L16	1	part_1_true_exam	ocr_consensus_unreviewed
corrode	SYL-VOCAB-P074-L38	1	part_2_zero_frequency	ocr_consensus_unreviewed
corrupt	SYL-VOCAB-P019-L17	1	part_1_true_exam	ocr_consensus_unreviewed
cortex	SYL-VOCAB-P088-R21	1	part_3_beyond_syllabus	ocr_consensus_unreviewed
cosmic	SYL-VOCAB-P019-L18	1	part_1_true_exam	ocr_consensus_unreviewed
cost	SYL-VOCAB-P019-L19	1	part_1_true_exam	ocr_consensus_unreviewed
costly	SYL-VOCAB-P019-L20	1	part_1_true_exam	ocr_consensus_unreviewed
costume	SYL-VOCAB-P019-L21	1	part_1_true_exam	ocr_consensus_unreviewed
cosy	SYL-VOCAB-P074-R01	1	part_2_zero_frequency	ocr_consensus_unreviewed
cottage	SYL-VOCAB-P019-L22	1	part_1_true_exam	ocr_consensus_unreviewed
cotton	SYL-VOCAB-P019-L23	1	part_1_true_exam	ocr_consensus_unreviewed
couch	SYL-VOCAB-P074-R02	1	part_2_zero_frequency	ocr_consensus_unreviewed
cough	SYL-VOCAB-P074-R03	1	part_2_zero_frequency	ocr_consensus_unreviewed
could	SYL-VOCAB-P019-L24	1	part_1_true_exam	ocr_consensus_unreviewed
council	SYL-VOCAB-P019-L25	1	part_1_true_exam	ocr_consensus_unreviewed
counsel	SYL-VOCAB-P019-L26	1	part_1_true_exam	ocr_consensus_unreviewed
count	SYL-VOCAB-P019-L27	1	part_1_true_exam	ocr_consensus_unreviewed
counter	SYL-VOCAB-P019-L28	1	part_1_true_exam	ocr_consensus_unreviewed
counterpart	SYL-VOCAB-P019-L29	1	part_1_true_exam	ocr_consensus_unreviewed
country	SYL-VOCAB-P019-L30	1	part_1_true_exam	ocr_consensus_unreviewed
countryside	SYL-VOCAB-P019-L31	1	part_1_true_exam	ocr_consensus_unreviewed
county	SYL-VOCAB-P074-R04	1	part_2_zero_frequency	ocr_consensus_unreviewed
couple	SYL-VOCAB-P019-L32	1	part_1_true_exam	ocr_consensus_unreviewed
coupon	SYL-VOCAB-P019-R01	1	part_1_true_exam	ocr_consensus_unreviewed
courage	SYL-VOCAB-P019-R02	1	part_1_true_exam	ocr_consensus_unreviewed
course	SYL-VOCAB-P019-R03	1	part_1_true_exam	ocr_consensus_unreviewed
court	SYL-VOCAB-P019-R04	1	part_1_true_exam	ocr_consensus_unreviewed
courtesy	SYL-VOCAB-P019-R05	1	part_1_true_exam	ocr_consensus_unreviewed
courtyard	SYL-VOCAB-P074-R05	1	part_2_zero_frequency	ocr_consensus_unreviewed
cousin	SYL-VOCAB-P019-R06	1	part_1_true_exam	ocr_consensus_unreviewed
cover	SYL-VOCAB-P019-R07	1	part_1_true_exam	ocr_consensus_unreviewed
cow	SYL-VOCAB-P074-R06	1	part_2_zero_frequency	ocr_consensus_unreviewed
coward	SYL-VOCAB-P074-R07	1	part_2_zero_frequency	ocr_consensus_unreviewed
crab	SYL-VOCAB-P019-R08	1	part_1_true_exam	ocr_consensus_unreviewed
crack	SYL-VOCAB-P019-R09	1	part_1_true_exam	ocr_consensus_unreviewed
cradle	SYL-VOCAB-P074-R08	1	part_2_zero_frequency	verified_manual_visual
craft	SYL-VOCAB-P019-R10	1	part_1_true_exam	ocr_consensus_unreviewed
crane	SYL-VOCAB-P074-R09	1	part_2_zero_frequency	ocr_consensus_unreviewed
crash	SYL-VOCAB-P019-R11	1	part_1_true_exam	ocr_consensus_unreviewed
crawl	SYL-VOCAB-P019-R12	1	part_1_true_exam	ocr_consensus_unreviewed
crazy	SYL-VOCAB-P074-R10	1	part_2_zero_frequency	ocr_consensus_unreviewed
cream	SYL-VOCAB-P074-R11	1	part_2_zero_frequency	ocr_consensus_unreviewed
create	SYL-VOCAB-P019-R13	1	part_1_true_exam	ocr_consensus_unreviewed
creative	SYL-VOCAB-P019-R14	1	part_1_true_exam	ocr_consensus_unreviewed
creature	SYL-VOCAB-P019-R15	1	part_1_true_exam	ocr_consensus_unreviewed
credentials	SYL-VOCAB-P074-R12	1	part_2_zero_frequency	ocr_consensus_unreviewed
credit	SYL-VOCAB-P019-R16	1	part_1_true_exam	ocr_consensus_unreviewed
creep	SYL-VOCAB-P074-R13	1	part_2_zero_frequency	ocr_consensus_unreviewed
crew	SYL-VOCAB-P019-R17	1	part_1_true_exam	ocr_consensus_unreviewed
cricket	SYL-VOCAB-P019-R18	1	part_1_true_exam	ocr_consensus_unreviewed
crime	SYL-VOCAB-P019-R19	1	part_1_true_exam	ocr_consensus_unreviewed
criminal	SYL-VOCAB-P019-R20	1	part_1_true_exam	ocr_consensus_unreviewed
cripple	SYL-VOCAB-P019-R21	1	part_1_true_exam	ocr_consensus_unreviewed
crisis	SYL-VOCAB-P019-R22	1	part_1_true_exam	ocr_consensus_unreviewed
crisp	SYL-VOCAB-P019-R23	1	part_1_true_exam	ocr_consensus_unreviewed
criterion	SYL-VOCAB-P019-R24	1	part_1_true_exam	ocr_consensus_unreviewed
critic	SYL-VOCAB-P019-R25	1	part_1_true_exam	ocr_consensus_unreviewed
critical	SYL-VOCAB-P019-R26	1	part_1_true_exam	verified_manual_visual
criticism	SYL-VOCAB-P019-R27	1	part_1_true_exam	ocr_consensus_unreviewed
criticize	SYL-VOCAB-P020-L01	1	part_1_true_exam	verified_manual_visual
crop	SYL-VOCAB-P020-L02	1	part_1_true_exam	ocr_consensus_unreviewed
cross	SYL-VOCAB-P020-L03	1	part_1_true_exam	verified_manual_visual
crow	SYL-VOCAB-P074-R14	1	part_2_zero_frequency	ocr_consensus_unreviewed
crowd	SYL-VOCAB-P020-L04	1	part_1_true_exam	ocr_consensus_unreviewed
crown	SYL-VOCAB-P020-L05	1	part_1_true_exam	ocr_consensus_unreviewed
crucial	SYL-VOCAB-P020-L06	1	part_1_true_exam	verified_manual_visual
crude	SYL-VOCAB-P020-L07	1	part_1_true_exam	ocr_consensus_unreviewed
cruel	SYL-VOCAB-P020-L08	1	part_1_true_exam	ocr_consensus_unreviewed
cruise	SYL-VOCAB-P074-R15	1	part_2_zero_frequency	ocr_consensus_unreviewed
crush	SYL-VOCAB-P020-L09	1	part_1_true_exam	ocr_consensus_unreviewed
crust	SYL-VOCAB-P020-L10	1	part_1_true_exam	ocr_consensus_unreviewed
cry	SYL-VOCAB-P020-L11	1	part_1_true_exam	verified_manual_visual
crystal	SYL-VOCAB-P074-R16	1	part_2_zero_frequency	ocr_consensus_unreviewed
cube	SYL-VOCAB-P074-R17	1	part_2_zero_frequency	ocr_consensus_unreviewed
cucumber	SYL-VOCAB-P020-L12	1	part_1_true_exam	verified_manual_visual
cue	SYL-VOCAB-P020-L15	1	part_1_true_exam	ocr_consensus_unreviewed
culinary	SYL-VOCAB-P088-R22	1	part_3_beyond_syllabus	ocr_consensus_unreviewed
culprit	SYL-VOCAB-P074-R18	1	part_2_zero_frequency	ocr_consensus_unreviewed
cult	SYL-VOCAB-P088-R23	1	part_3_beyond_syllabus	ocr_consensus_unreviewed
cultivate	SYL-VOCAB-P020-L13	1	part_1_true_exam	verified_manual_visual
culture	SYL-VOCAB-P020-L14	1	part_1_true_exam	verified_manual_visual
cunning	SYL-VOCAB-P020-L16	1	part_1_true_exam	ocr_consensus_unreviewed
cup	SYL-VOCAB-P020-L17	1	part_1_true_exam	ocr_consensus_unreviewed
cupboard	SYL-VOCAB-P074-R19	1	part_2_zero_frequency	ocr_consensus_unreviewed
curb	SYL-VOCAB-P020-L18	1	part_1_true_exam	ocr_consensus_unreviewed
cure	SYL-VOCAB-P020-L19	1	part_1_true_exam	ocr_consensus_unreviewed
curiosity	SYL-VOCAB-P020-L20	1	part_1_true_exam	ocr_consensus_unreviewed
curious	SYL-VOCAB-P020-L21	1	part_1_true_exam	ocr_consensus_unreviewed
curl	SYL-VOCAB-P074-R20	1	part_2_zero_frequency	ocr_consensus_unreviewed
currency	SYL-VOCAB-P074-R21	1	part_2_zero_frequency	ocr_consensus_unreviewed
current	SYL-VOCAB-P020-L22	1	part_1_true_exam	verified_manual_visual
curriculum	SYL-VOCAB-P020-L23	1	part_1_true_exam	ocr_consensus_unreviewed
curse	SYL-VOCAB-P020-L24	1	part_1_true_exam	ocr_consensus_unreviewed
cursory	SYL-VOCAB-P088-R24	1	part_3_beyond_syllabus	ocr_consensus_unreviewed
curtain	SYL-VOCAB-P074-R22	1	part_2_zero_frequency	ocr_consensus_unreviewed
curve	SYL-VOCAB-P020-L25	1	part_1_true_exam	ocr_consensus_unreviewed
cushion	SYL-VOCAB-P074-R23	1	part_2_zero_frequency	ocr_consensus_unreviewed
custom	SYL-VOCAB-P020-L26	1	part_1_true_exam	ocr_consensus_unreviewed
customary	SYL-VOCAB-P020-L27	1	part_1_true_exam	ocr_consensus_unreviewed
customer	SYL-VOCAB-P020-L28	1	part_1_true_exam	ocr_consensus_unreviewed
cut	SYL-VOCAB-P020-L29	1	part_1_true_exam	ocr_consensus_unreviewed
cyberspace	SYL-VOCAB-P020-L30	1	part_1_true_exam	ocr_consensus_unreviewed
cycle	SYL-VOCAB-P020-L31	1	part_1_true_exam	ocr_consensus_unreviewed
cylinder	SYL-VOCAB-P074-R24	1	part_2_zero_frequency	ocr_consensus_unreviewed
cynic	SYL-VOCAB-P088-R25	1	part_3_beyond_syllabus	verified_manual_visual
daffodil	SYL-VOCAB-P088-R26	1	part_3_beyond_syllabus	pending_review_only
daily	SYL-VOCAB-P020-R01	1	part_1_true_exam	verified_manual_visual
dairy	SYL-VOCAB-P074-R25	1	part_2_zero_frequency	ocr_consensus_unreviewed
dam	SYL-VOCAB-P020-R02	1	part_1_true_exam	ocr_consensus_unreviewed
damage	SYL-VOCAB-P020-R03	1	part_1_true_exam	ocr_consensus_unreviewed
damn	SYL-VOCAB-P020-R04	1	part_1_true_exam	ocr_consensus_unreviewed
damp	SYL-VOCAB-P020-R05	1	part_1_true_exam	ocr_consensus_unreviewed
dance	SYL-VOCAB-P020-R06	1	part_1_true_exam	ocr_consensus_unreviewed
danger	SYL-VOCAB-P020-R07	1	part_1_true_exam	ocr_consensus_unreviewed
dangerous	SYL-VOCAB-P020-R08	1	part_1_true_exam	verified_manual_visual
dare	SYL-VOCAB-P020-R09	1	part_1_true_exam	ocr_consensus_unreviewed
dark	SYL-VOCAB-P020-R10	1	part_1_true_exam	ocr_consensus_unreviewed
darling	SYL-VOCAB-P074-R26	1	part_2_zero_frequency	ocr_consensus_unreviewed
dash	SYL-VOCAB-P020-R11	1	part_1_true_exam	ocr_consensus_unreviewed
data	SYL-VOCAB-P020-R12	1	part_1_true_exam	ocr_consensus_unreviewed
database	SYL-VOCAB-P020-R13	1	part_1_true_exam	ocr_consensus_unreviewed
date	SYL-VOCAB-P020-R14	1	part_1_true_exam	ocr_consensus_unreviewed
daughter	SYL-VOCAB-P020-R15	1	part_1_true_exam	ocr_consensus_unreviewed
daunt	SYL-VOCAB-P074-R27	1	part_2_zero_frequency	ocr_consensus_unreviewed
dawn	SYL-VOCAB-P020-R16	1	part_1_true_exam	ocr_consensus_unreviewed
day	SYL-VOCAB-P020-R17	1	part_1_true_exam	ocr_consensus_unreviewed
daylight	SYL-VOCAB-P074-R28	1	part_2_zero_frequency	ocr_consensus_unreviewed
daytime	SYL-VOCAB-P020-R18	1	part_1_true_exam	ocr_consensus_unreviewed
dazzle	SYL-VOCAB-P020-R19	1	part_1_true_exam	ocr_consensus_unreviewed
dead	SYL-VOCAB-P020-R20	1	part_1_true_exam	ocr_consensus_unreviewed
deadline	SYL-VOCAB-P020-R21	1	part_1_true_exam	ocr_consensus_unreviewed
deadly	SYL-VOCAB-P020-R22	1	part_1_true_exam	ocr_consensus_unreviewed
deaf	SYL-VOCAB-P074-R29	1	part_2_zero_frequency	ocr_consensus_unreviewed
deal	SYL-VOCAB-P020-R23	1	part_1_true_exam	ocr_consensus_unreviewed
dealer	SYL-VOCAB-P020-R24	1	part_1_true_exam	ocr_consensus_unreviewed
dean	SYL-VOCAB-P020-R25	1	part_1_true_exam	ocr_consensus_unreviewed
dear	SYL-VOCAB-P074-R30	1	part_2_zero_frequency	ocr_consensus_unreviewed
dearth	SYL-VOCAB-P088-R27	1	part_3_beyond_syllabus	pending_review_only
death	SYL-VOCAB-P020-R26	1	part_1_true_exam	ocr_consensus_unreviewed
debate	SYL-VOCAB-P020-R27	1	part_1_true_exam	ocr_consensus_unreviewed
debt	SYL-VOCAB-P020-R28	1	part_1_true_exam	ocr_consensus_unreviewed
debut	SYL-VOCAB-P074-R31	1	part_2_zero_frequency	ocr_consensus_unreviewed
decade	SYL-VOCAB-P020-R29	1	part_1_true_exam	ocr_consensus_unreviewed
decay	SYL-VOCAB-P020-R30	1	part_1_true_exam	ocr_consensus_unreviewed
deceit	SYL-VOCAB-P074-R32	1	part_2_zero_frequency	ocr_consensus_unreviewed
deceive	SYL-VOCAB-P020-R31	1	part_1_true_exam	ocr_consensus_unreviewed
december	SYL-VOCAB-P020-R32	1	part_1_true_exam	ocr_consensus_unreviewed
decent	SYL-VOCAB-P074-R33	1	part_2_zero_frequency	ocr_consensus_unreviewed
decide	SYL-VOCAB-P020-R33	1	part_1_true_exam	verified_manual_visual
decimal	SYL-VOCAB-P074-R34	1	part_2_zero_frequency	ocr_consensus_unreviewed
decision	SYL-VOCAB-P021-L01	1	part_1_true_exam	ocr_consensus_unreviewed
decisive	SYL-VOCAB-P021-L02	1	part_1_true_exam	ocr_consensus_unreviewed
deck	SYL-VOCAB-P074-R35	1	part_2_zero_frequency	ocr_consensus_unreviewed
declaration	SYL-VOCAB-P021-L03	1	part_1_true_exam	ocr_consensus_unreviewed
declare	SYL-VOCAB-P021-L04	1	part_1_true_exam	ocr_consensus_unreviewed
decline	SYL-VOCAB-P021-L05	1	part_1_true_exam	ocr_consensus_unreviewed
decorate	SYL-VOCAB-P021-L06	1	part_1_true_exam	ocr_consensus_unreviewed
decrease	SYL-VOCAB-P021-L07	1	part_1_true_exam	ocr_consensus_unreviewed
dedicate	SYL-VOCAB-P021-L08	1	part_1_true_exam	ocr_consensus_unreviewed
deduce	SYL-VOCAB-P021-L09	1	part_1_true_exam	ocr_consensus_unreviewed
deduct	SYL-VOCAB-P021-L10	1	part_1_true_exam	ocr_consensus_unreviewed
deed	SYL-VOCAB-P021-L11	1	part_1_true_exam	ocr_consensus_unreviewed
deem	SYL-VOCAB-P021-L12	1	part_1_true_exam	ocr_consensus_unreviewed
deep	SYL-VOCAB-P021-L13	1	part_1_true_exam	ocr_consensus_unreviewed
deer	SYL-VOCAB-P074-R36	1	part_2_zero_frequency	ocr_consensus_unreviewed
default	SYL-VOCAB-P021-L14	1	part_1_true_exam	ocr_consensus_unreviewed
defeat	SYL-VOCAB-P021-L15	1	part_1_true_exam	ocr_consensus_unreviewed
defect	SYL-VOCAB-P021-L16	1	part_1_true_exam	ocr_consensus_unreviewed
defence	SYL-VOCAB-P021-L17	1	part_1_true_exam	ocr_consensus_unreviewed
defend	SYL-VOCAB-P021-L18	1	part_1_true_exam	ocr_consensus_unreviewed
defendant	SYL-VOCAB-P021-L19	1	part_1_true_exam	ocr_consensus_unreviewed
defer	SYL-VOCAB-P021-L20	1	part_1_true_exam	ocr_consensus_unreviewed
deficiency	SYL-VOCAB-P021-L21	1	part_1_true_exam	ocr_consensus_unreviewed
deficit	SYL-VOCAB-P074-R37	1	part_2_zero_frequency	ocr_consensus_unreviewed
define	SYL-VOCAB-P021-L22	1	part_1_true_exam	ocr_consensus_unreviewed
definite	SYL-VOCAB-P021-L23	1	part_1_true_exam	ocr_consensus_unreviewed
definition	SYL-VOCAB-P021-L24	1	part_1_true_exam	ocr_consensus_unreviewed
defy	SYL-VOCAB-P021-L25	1	part_1_true_exam	ocr_consensus_unreviewed
degenerate	SYL-VOCAB-P074-R38	1	part_2_zero_frequency	ocr_consensus_unreviewed
degree	SYL-VOCAB-P021-L26	1	part_1_true_exam	ocr_consensus_unreviewed
delay	SYL-VOCAB-P021-L27	1	part_1_true_exam	ocr_consensus_unreviewed
delegate	SYL-VOCAB-P075-L01	1	part_2_zero_frequency	ocr_consensus_unreviewed
delete	SYL-VOCAB-P021-L28	1	part_1_true_exam	ocr_consensus_unreviewed
deliberate	SYL-VOCAB-P021-L29	1	part_1_true_exam	ocr_consensus_unreviewed
delicate	SYL-VOCAB-P021-L30	1	part_1_true_exam	ocr_consensus_unreviewed
delicious	SYL-VOCAB-P021-L31	1	part_1_true_exam	ocr_consensus_unreviewed
delight	SYL-VOCAB-P021-L32	1	part_1_true_exam	ocr_consensus_unreviewed
deliver	SYL-VOCAB-P021-L33	1	part_1_true_exam	ocr_consensus_unreviewed
delivery	SYL-VOCAB-P021-L34	1	part_1_true_exam	ocr_consensus_unreviewed
demand	SYL-VOCAB-P021-R01	1	part_1_true_exam	ocr_consensus_unreviewed
democracy	SYL-VOCAB-P021-R02	1	part_1_true_exam	ocr_consensus_unreviewed
democratic	SYL-VOCAB-P021-R03	1	part_1_true_exam	ocr_consensus_unreviewed
demolition	SYL-VOCAB-P088-R28	1	part_3_beyond_syllabus	pending_review_only
demonstrate	SYL-VOCAB-P021-R04	1	part_1_true_exam	ocr_consensus_unreviewed
denial	SYL-VOCAB-P075-L02	1	part_2_zero_frequency	ocr_consensus_unreviewed
denote	SYL-VOCAB-P021-R05	1	part_1_true_exam	ocr_consensus_unreviewed
denounce	SYL-VOCAB-P075-L03	1	part_2_zero_frequency	ocr_consensus_unreviewed
dense	SYL-VOCAB-P021-R06	1	part_1_true_exam	ocr_consensus_unreviewed
density	SYL-VOCAB-P021-R07	1	part_1_true_exam	ocr_consensus_unreviewed
dental	SYL-VOCAB-P021-R08	1	part_1_true_exam	ocr_consensus_unreviewed
dentist	SYL-VOCAB-P021-R09	1	part_1_true_exam	ocr_consensus_unreviewed
deny	SYL-VOCAB-P021-R10	1	part_1_true_exam	ocr_consensus_unreviewed
depart	SYL-VOCAB-P021-R11	1	part_1_true_exam	ocr_consensus_unreviewed
department	SYL-VOCAB-P021-R12	1	part_1_true_exam	ocr_consensus_unreviewed
departure	SYL-VOCAB-P021-R13	1	part_1_true_exam	ocr_consensus_unreviewed
depend	SYL-VOCAB-P021-R14	1	part_1_true_exam	ocr_consensus_unreviewed
dependent	SYL-VOCAB-P021-R15	1	part_1_true_exam	ocr_consensus_unreviewed
depict	SYL-VOCAB-P021-R16	1	part_1_true_exam	ocr_consensus_unreviewed
deplore	SYL-VOCAB-P075-L04	1	part_2_zero_frequency	ocr_consensus_unreviewed
deploy	SYL-VOCAB-P088-R29	1	part_3_beyond_syllabus	pending_review_only
deposit	SYL-VOCAB-P021-R17	1	part_1_true_exam	ocr_consensus_unreviewed
depress	SYL-VOCAB-P021-R18	1	part_1_true_exam	ocr_consensus_unreviewed
deprive	SYL-VOCAB-P021-R19	1	part_1_true_exam	ocr_consensus_unreviewed
depth	SYL-VOCAB-P021-R20	1	part_1_true_exam	ocr_consensus_unreviewed
deputy	SYL-VOCAB-P021-R21	1	part_1_true_exam	ocr_consensus_unreviewed
deride	SYL-VOCAB-P088-R30	1	part_3_beyond_syllabus	pending_review_only
derive	SYL-VOCAB-P021-R22	1	part_1_true_exam	ocr_consensus_unreviewed
descend	SYL-VOCAB-P021-R23	1	part_1_true_exam	ocr_consensus_unreviewed
descendant	SYL-VOCAB-P021-R24	1	part_1_true_exam	ocr_consensus_unreviewed
descent	SYL-VOCAB-P075-L05	1	part_2_zero_frequency	ocr_consensus_unreviewed
describe	SYL-VOCAB-P021-R25	1	part_1_true_exam	ocr_consensus_unreviewed
description	SYL-VOCAB-P021-R26	1	part_1_true_exam	ocr_consensus_unreviewed
desert	SYL-VOCAB-P021-R27	1	part_1_true_exam	ocr_consensus_unreviewed
deserve	SYL-VOCAB-P021-R28	1	part_1_true_exam	ocr_consensus_unreviewed
design	SYL-VOCAB-P021-R29	1	part_1_true_exam	ocr_consensus_unreviewed
designate	SYL-VOCAB-P075-L06	1	part_2_zero_frequency	ocr_consensus_unreviewed
desirable	SYL-VOCAB-P021-R30	1	part_1_true_exam	ocr_consensus_unreviewed
desire	SYL-VOCAB-P021-R31	1	part_1_true_exam	ocr_consensus_unreviewed
desk	SYL-VOCAB-P021-R32	1	part_1_true_exam	ocr_consensus_unreviewed
desolate	SYL-VOCAB-P075-L07	1	part_2_zero_frequency	ocr_consensus_unreviewed
despair	SYL-VOCAB-P021-R33	1	part_1_true_exam	ocr_consensus_unreviewed
despatch	SYL-VOCAB-P075-L08	1	part_2_zero_frequency	ocr_consensus_unreviewed
desperate	SYL-VOCAB-P022-L01	1	part_1_true_exam	ocr_consensus_unreviewed
despise	SYL-VOCAB-P075-L09	1	part_2_zero_frequency	ocr_consensus_unreviewed
despite	SYL-VOCAB-P022-L02	1	part_1_true_exam	ocr_consensus_unreviewed
dessert	SYL-VOCAB-P075-L10	1	part_2_zero_frequency	ocr_consensus_unreviewed
destination	SYL-VOCAB-P022-L03	1	part_1_true_exam	ocr_consensus_unreviewed
destiny	SYL-VOCAB-P022-L04	1	part_1_true_exam	ocr_consensus_unreviewed
destroy	SYL-VOCAB-P022-L05	1	part_1_true_exam	ocr_consensus_unreviewed
destruction	SYL-VOCAB-P022-L06	1	part_1_true_exam	ocr_consensus_unreviewed
destructive	SYL-VOCAB-P075-L11	1	part_2_zero_frequency	ocr_consensus_unreviewed
detach	SYL-VOCAB-P022-L07	1	part_1_true_exam	ocr_consensus_unreviewed
detail	SYL-VOCAB-P022-L08	1	part_1_true_exam	ocr_consensus_unreviewed
detain	SYL-VOCAB-P075-L12	1	part_2_zero_frequency	ocr_consensus_unreviewed
detect	SYL-VOCAB-P022-L09	1	part_1_true_exam	ocr_consensus_unreviewed
detective	SYL-VOCAB-P075-L13	1	part_2_zero_frequency	ocr_consensus_unreviewed
detector	SYL-VOCAB-P022-L10	1	part_1_true_exam	ocr_consensus_unreviewed
deteriorate	SYL-VOCAB-P022-L11	1	part_1_true_exam	ocr_consensus_unreviewed
determine	SYL-VOCAB-P022-L12	1	part_1_true_exam	ocr_consensus_unreviewed
detrimental	SYL-VOCAB-P088-R31	1	part_3_beyond_syllabus	pending_review_only
develop	SYL-VOCAB-P022-L13	1	part_1_true_exam	ocr_consensus_unreviewed
deviate	SYL-VOCAB-P075-L14	1	part_2_zero_frequency	ocr_consensus_unreviewed
device	SYL-VOCAB-P022-L14	1	part_1_true_exam	ocr_consensus_unreviewed
devil	SYL-VOCAB-P022-L15	1	part_1_true_exam	ocr_consensus_unreviewed
devise	SYL-VOCAB-P022-L16	1	part_1_true_exam	ocr_consensus_unreviewed
devote	SYL-VOCAB-P022-L17	1	part_1_true_exam	ocr_consensus_unreviewed
dew	SYL-VOCAB-P075-L15	1	part_2_zero_frequency	ocr_consensus_unreviewed
diabetes	SYL-VOCAB-P075-L16	1	part_2_zero_frequency	ocr_consensus_unreviewed
diagnose	SYL-VOCAB-P022-L18	1	part_1_true_exam	ocr_consensus_unreviewed
diagram	SYL-VOCAB-P075-L17	1	part_2_zero_frequency	ocr_consensus_unreviewed
dial	SYL-VOCAB-P075-L18	1	part_2_zero_frequency	ocr_consensus_unreviewed
dialect	SYL-VOCAB-P022-L19	1	part_1_true_exam	ocr_consensus_unreviewed
dialogue	SYL-VOCAB-P075-L19	1	part_2_zero_frequency	ocr_consensus_unreviewed
diameter	SYL-VOCAB-P075-L20	1	part_2_zero_frequency	ocr_consensus_unreviewed
diamond	SYL-VOCAB-P075-L21	1	part_2_zero_frequency	ocr_consensus_unreviewed
diary	SYL-VOCAB-P075-L22	1	part_2_zero_frequency	ocr_consensus_unreviewed
dictate	SYL-VOCAB-P022-L20	1	part_1_true_exam	ocr_consensus_unreviewed
dictation	SYL-VOCAB-P075-L23	1	part_2_zero_frequency	ocr_consensus_unreviewed
dictionary	SYL-VOCAB-P075-L24	1	part_2_zero_frequency	ocr_consensus_unreviewed
die	SYL-VOCAB-P022-L21	1	part_1_true_exam	ocr_consensus_unreviewed
diet	SYL-VOCAB-P022-L22	1	part_1_true_exam	ocr_consensus_unreviewed
differ	SYL-VOCAB-P022-L23	1	part_1_true_exam	ocr_consensus_unreviewed
difference	SYL-VOCAB-P022-L24	1	part_1_true_exam	ocr_consensus_unreviewed
different	SYL-VOCAB-P022-L25	1	part_1_true_exam	ocr_consensus_unreviewed
differentiate	SYL-VOCAB-P022-L26	1	part_1_true_exam	ocr_consensus_unreviewed
difficult	SYL-VOCAB-P022-L27	1	part_1_true_exam	ocr_consensus_unreviewed
difficulty	SYL-VOCAB-P022-L28	1	part_1_true_exam	ocr_consensus_unreviewed
diffuse	SYL-VOCAB-P022-L29	1	part_1_true_exam	ocr_consensus_unreviewed
dig	SYL-VOCAB-P022-L30	1	part_1_true_exam	ocr_consensus_unreviewed
digest	SYL-VOCAB-P022-L31	1	part_1_true_exam	ocr_consensus_unreviewed
digital	SYL-VOCAB-P022-L32	1	part_1_true_exam	verified_manual_visual
dignity	SYL-VOCAB-P022-L33	1	part_1_true_exam	ocr_consensus_unreviewed
dilemma	SYL-VOCAB-P022-L34	1	part_1_true_exam	ocr_consensus_unreviewed
diligent	SYL-VOCAB-P022-R01	1	part_1_true_exam	ocr_consensus_unreviewed
dilute	SYL-VOCAB-P022-R02	1	part_1_true_exam	ocr_consensus_unreviewed
dim	SYL-VOCAB-P022-R03	1	part_1_true_exam	ocr_consensus_unreviewed
dimension	SYL-VOCAB-P022-R04	1	part_1_true_exam	ocr_consensus_unreviewed
diminish	SYL-VOCAB-P022-R05	1	part_1_true_exam	ocr_consensus_unreviewed
dine	SYL-VOCAB-P075-L25	1	part_2_zero_frequency	ocr_consensus_unreviewed
dinner	SYL-VOCAB-P022-R06	1	part_1_true_exam	ocr_consensus_unreviewed
dinosaur	SYL-VOCAB-P075-L26	1	part_2_zero_frequency	ocr_consensus_unreviewed
dioxide	SYL-VOCAB-P022-R07	1	part_1_true_exam	ocr_consensus_unreviewed
dip	SYL-VOCAB-P075-L27	1	part_2_zero_frequency	ocr_consensus_unreviewed
diploma	SYL-VOCAB-P075-L28	1	part_2_zero_frequency	ocr_consensus_unreviewed
diplomatic	SYL-VOCAB-P075-L29	2	part_2_zero_frequency|part_3_beyond_syllabus	ocr_consensus_unreviewed
direct	SYL-VOCAB-P022-R08	1	part_1_true_exam	ocr_consensus_unreviewed
direction	SYL-VOCAB-P022-R09	1	part_1_true_exam	ocr_consensus_unreviewed
directly	SYL-VOCAB-P022-R10	1	part_1_true_exam	ocr_consensus_unreviewed
director	SYL-VOCAB-P022-R11	1	part_1_true_exam	ocr_consensus_unreviewed
directory	SYL-VOCAB-P022-R12	1	part_1_true_exam	ocr_consensus_unreviewed
dirt	SYL-VOCAB-P022-R13	1	part_1_true_exam	ocr_consensus_unreviewed
dirty	SYL-VOCAB-P075-L30	1	part_2_zero_frequency	ocr_consensus_unreviewed
disable	SYL-VOCAB-P022-R14	1	part_1_true_exam	ocr_consensus_unreviewed
disappear	SYL-VOCAB-P022-R15	1	part_1_true_exam	ocr_consensus_unreviewed
disappoint	SYL-VOCAB-P022-R16	1	part_1_true_exam	ocr_consensus_unreviewed
disaster	SYL-VOCAB-P022-R17	1	part_1_true_exam	ocr_consensus_unreviewed
disastrous	SYL-VOCAB-P075-L31	1	part_2_zero_frequency	ocr_consensus_unreviewed
disc	SYL-VOCAB-P075-L32	1	part_2_zero_frequency	ocr_consensus_unreviewed
discard	SYL-VOCAB-P022-R18	1	part_1_true_exam	ocr_consensus_unreviewed
discern	SYL-VOCAB-P022-R19	1	part_1_true_exam	ocr_consensus_unreviewed
discipline	SYL-VOCAB-P022-R20	1	part_1_true_exam	verified_manual_visual
disclose	SYL-VOCAB-P022-R21	1	part_1_true_exam	ocr_consensus_unreviewed
discount	SYL-VOCAB-P075-L33	1	part_2_zero_frequency	ocr_consensus_unreviewed
discourage	SYL-VOCAB-P022-R22	1	part_1_true_exam	ocr_consensus_unreviewed
discourse	SYL-VOCAB-P022-R23	1	part_1_true_exam	ocr_consensus_unreviewed
discover	SYL-VOCAB-P022-R24	1	part_1_true_exam	ocr_consensus_unreviewed
discovery	SYL-VOCAB-P022-R25	1	part_1_true_exam	ocr_consensus_unreviewed
discreet	SYL-VOCAB-P075-L34	1	part_2_zero_frequency	ocr_consensus_unreviewed
discrepancy	SYL-VOCAB-P075-L35	1	part_2_zero_frequency	ocr_consensus_unreviewed
discriminate	SYL-VOCAB-P022-R26	1	part_1_true_exam	ocr_consensus_unreviewed
discuss	SYL-VOCAB-P022-R27	1	part_1_true_exam	ocr_consensus_unreviewed
disease	SYL-VOCAB-P022-R28	1	part_1_true_exam	ocr_consensus_unreviewed
disgrace	SYL-VOCAB-P022-R29	1	part_1_true_exam	ocr_consensus_unreviewed
disguise	SYL-VOCAB-P022-R30	1	part_1_true_exam	ocr_consensus_unreviewed
disgust	SYL-VOCAB-P075-L36	1	part_2_zero_frequency	ocr_consensus_unreviewed
dish	SYL-VOCAB-P075-L37	1	part_2_zero_frequency	ocr_consensus_unreviewed
dislike	SYL-VOCAB-P022-R31	1	part_1_true_exam	ocr_consensus_unreviewed
dismay	SYL-VOCAB-P022-R32	1	part_1_true_exam	ocr_consensus_unreviewed
dismiss	SYL-VOCAB-P022-R33	1	part_1_true_exam	ocr_consensus_unreviewed
disorder	SYL-VOCAB-P022-R34	1	part_1_true_exam	ocr_consensus_unreviewed
disparaging	SYL-VOCAB-P088-R32	1	part_3_beyond_syllabus	pending_review_only
disperse	SYL-VOCAB-P022-R35	1	part_1_true_exam	ocr_consensus_unreviewed
displace	SYL-VOCAB-P022-R36	1	part_1_true_exam	ocr_consensus_unreviewed
display	SYL-VOCAB-P023-L01	1	part_1_true_exam	ocr_consensus_unreviewed
disposal	SYL-VOCAB-P075-L38	1	part_2_zero_frequency	ocr_consensus_unreviewed
dispose	SYL-VOCAB-P023-L02	1	part_1_true_exam	ocr_consensus_unreviewed
disposition	SYL-VOCAB-P023-L03	1	part_1_true_exam	ocr_consensus_unreviewed
dispute	SYL-VOCAB-P023-L04	1	part_1_true_exam	ocr_consensus_unreviewed
disregard	SYL-VOCAB-P023-L05	1	part_1_true_exam	ocr_consensus_unreviewed
disrupt	SYL-VOCAB-P023-L06	1	part_1_true_exam	ocr_consensus_unreviewed
dissipate	SYL-VOCAB-P075-L39	1	part_2_zero_frequency	ocr_consensus_unreviewed
dissolve	SYL-VOCAB-P023-L07	1	part_1_true_exam	ocr_consensus_unreviewed
distance	SYL-VOCAB-P023-L08	1	part_1_true_exam	ocr_consensus_unreviewed
distant	SYL-VOCAB-P023-L09	1	part_1_true_exam	ocr_consensus_unreviewed
distill	SYL-VOCAB-P075-R01	1	part_2_zero_frequency	ocr_consensus_unreviewed
distinct	SYL-VOCAB-P023-L10	1	part_1_true_exam	ocr_consensus_unreviewed
distinction	SYL-VOCAB-P023-L11	1	part_1_true_exam	ocr_consensus_unreviewed
distinguish	SYL-VOCAB-P023-L12	1	part_1_true_exam	ocr_consensus_unreviewed
distort	SYL-VOCAB-P023-L13	1	part_1_true_exam	ocr_consensus_unreviewed
distract	SYL-VOCAB-P023-L14	1	part_1_true_exam	ocr_consensus_unreviewed
distress	SYL-VOCAB-P075-R02	1	part_2_zero_frequency	ocr_consensus_unreviewed
distribute	SYL-VOCAB-P023-L15	1	part_1_true_exam	ocr_consensus_unreviewed
district	SYL-VOCAB-P023-L16	1	part_1_true_exam	ocr_consensus_unreviewed
disturb	SYL-VOCAB-P023-L17	1	part_1_true_exam	ocr_consensus_unreviewed
disturbance	SYL-VOCAB-P023-L18	1	part_1_true_exam	ocr_consensus_unreviewed
ditch	SYL-VOCAB-P023-L19	1	part_1_true_exam	ocr_consensus_unreviewed
dive	SYL-VOCAB-P075-R03	1	part_2_zero_frequency	ocr_consensus_unreviewed
diverse	SYL-VOCAB-P023-L20	1	part_1_true_exam	ocr_consensus_unreviewed
diversion	SYL-VOCAB-P023-L21	1	part_1_true_exam	ocr_consensus_unreviewed
divert	SYL-VOCAB-P023-L22	1	part_1_true_exam	ocr_consensus_unreviewed
divide	SYL-VOCAB-P023-L23	1	part_1_true_exam	ocr_consensus_unreviewed
dividend	SYL-VOCAB-P023-L24	1	part_1_true_exam	ocr_consensus_unreviewed
divine	SYL-VOCAB-P075-R04	1	part_2_zero_frequency	ocr_consensus_unreviewed
division	SYL-VOCAB-P023-L25	1	part_1_true_exam	ocr_consensus_unreviewed
divorce	SYL-VOCAB-P023-L26	1	part_1_true_exam	ocr_consensus_unreviewed
dizzy	SYL-VOCAB-P075-R05	1	part_2_zero_frequency	ocr_consensus_unreviewed
do	SYL-VOCAB-P023-L28	1	part_1_true_exam	ocr_consensus_unreviewed
dock	SYL-VOCAB-P023-L27	1	part_1_true_exam	ocr_consensus_unreviewed
doctor	SYL-VOCAB-P023-L29	1	part_1_true_exam	ocr_consensus_unreviewed
document	SYL-VOCAB-P023-R01	1	part_1_true_exam	ocr_consensus_unreviewed
documentary	SYL-VOCAB-P023-R02	1	part_1_true_exam	ocr_consensus_unreviewed
dog	SYL-VOCAB-P075-R06	1	part_2_zero_frequency	ocr_consensus_unreviewed
dogma	SYL-VOCAB-P089-L02	1	part_3_beyond_syllabus	ocr_consensus_unreviewed
doll	SYL-VOCAB-P023-R03	1	part_1_true_exam	ocr_consensus_unreviewed
dollar	SYL-VOCAB-P023-R04	1	part_1_true_exam	ocr_consensus_unreviewed
domain	SYL-VOCAB-P023-R05	1	part_1_true_exam	ocr_consensus_unreviewed
dome	SYL-VOCAB-P023-R06	1	part_1_true_exam	ocr_consensus_unreviewed
domestic	SYL-VOCAB-P023-R07	1	part_1_true_exam	ocr_consensus_unreviewed
dominant	SYL-VOCAB-P023-R08	1	part_1_true_exam	ocr_consensus_unreviewed
dominate	SYL-VOCAB-P023-R09	1	part_1_true_exam	ocr_consensus_unreviewed
donate	SYL-VOCAB-P023-R10	1	part_1_true_exam	ocr_consensus_unreviewed
donkey	SYL-VOCAB-P075-R07	1	part_2_zero_frequency	ocr_consensus_unreviewed
doom	SYL-VOCAB-P023-R11	1	part_1_true_exam	ocr_consensus_unreviewed
door	SYL-VOCAB-P023-R12	1	part_1_true_exam	ocr_consensus_unreviewed
doorway	SYL-VOCAB-P023-R13	1	part_1_true_exam	ocr_consensus_unreviewed
dorm	SYL-VOCAB-P075-R08	1	part_2_zero_frequency	ocr_consensus_unreviewed
dormant	SYL-VOCAB-P089-L03	1	part_3_beyond_syllabus	ocr_consensus_unreviewed
dot	SYL-VOCAB-P075-R09	1	part_2_zero_frequency	ocr_consensus_unreviewed
double	SYL-VOCAB-P023-R14	1	part_1_true_exam	ocr_consensus_unreviewed
doubt	SYL-VOCAB-P023-R15	1	part_1_true_exam	ocr_consensus_unreviewed
dove	SYL-VOCAB-P075-R10	1	part_2_zero_frequency	ocr_consensus_unreviewed
down	SYL-VOCAB-P023-R16	1	part_1_true_exam	ocr_consensus_unreviewed
downstairs	SYL-VOCAB-P075-R11	1	part_2_zero_frequency	ocr_consensus_unreviewed
downtown	SYL-VOCAB-P075-R12	1	part_2_zero_frequency	ocr_consensus_unreviewed
downward	SYL-VOCAB-P023-R17	1	part_1_true_exam	ocr_consensus_unreviewed
doze	SYL-VOCAB-P023-R18	1	part_1_true_exam	ocr_consensus_unreviewed
dozen	SYL-VOCAB-P023-R19	1	part_1_true_exam	ocr_consensus_unreviewed
draft	SYL-VOCAB-P023-R20	1	part_1_true_exam	ocr_consensus_unreviewed
drag	SYL-VOCAB-P023-R21	1	part_1_true_exam	ocr_consensus_unreviewed
dragon	SYL-VOCAB-P075-R13	1	part_2_zero_frequency	ocr_consensus_unreviewed
drain	SYL-VOCAB-P075-R14	1	part_2_zero_frequency	ocr_consensus_unreviewed
drama	SYL-VOCAB-P023-R22	1	part_1_true_exam	ocr_consensus_unreviewed
dramatic	SYL-VOCAB-P023-R23	1	part_1_true_exam	ocr_consensus_unreviewed
drastic	SYL-VOCAB-P023-R24	1	part_1_true_exam	ocr_consensus_unreviewed
draw	SYL-VOCAB-P023-R25	1	part_1_true_exam	ocr_consensus_unreviewed
drawback	SYL-VOCAB-P023-R26	1	part_1_true_exam	ocr_consensus_unreviewed
drawer	SYL-VOCAB-P023-R27	1	part_1_true_exam	ocr_consensus_unreviewed
drawing	SYL-VOCAB-P023-R28	1	part_1_true_exam	ocr_consensus_unreviewed
dread	SYL-VOCAB-P075-R15	1	part_2_zero_frequency	ocr_consensus_unreviewed
dream	SYL-VOCAB-P023-R29	1	part_1_true_exam	ocr_consensus_unreviewed
dress	SYL-VOCAB-P023-R30	1	part_1_true_exam	ocr_consensus_unreviewed
drift	SYL-VOCAB-P023-R31	1	part_1_true_exam	ocr_consensus_unreviewed
drill	SYL-VOCAB-P075-R16	1	part_2_zero_frequency	ocr_consensus_unreviewed
drink	SYL-VOCAB-P023-R32	1	part_1_true_exam	ocr_consensus_unreviewed
drip	SYL-VOCAB-P075-R17	1	part_2_zero_frequency	ocr_consensus_unreviewed
drive	SYL-VOCAB-P023-R33	1	part_1_true_exam	ocr_consensus_unreviewed
driver	SYL-VOCAB-P024-L01	1	part_1_true_exam	ocr_consensus_unreviewed
drop	SYL-VOCAB-P024-L02	1	part_1_true_exam	ocr_consensus_unreviewed
drought	SYL-VOCAB-P024-L03	1	part_1_true_exam	ocr_consensus_unreviewed
drown	SYL-VOCAB-P024-L04	1	part_1_true_exam	ocr_consensus_unreviewed
drug	SYL-VOCAB-P024-L05	1	part_1_true_exam	ocr_consensus_unreviewed
drum	SYL-VOCAB-P075-R18	1	part_2_zero_frequency	ocr_consensus_unreviewed
drunk	SYL-VOCAB-P075-R19	1	part_2_zero_frequency	ocr_consensus_unreviewed
dry	SYL-VOCAB-P024-L06	1	part_1_true_exam	ocr_consensus_unreviewed
dub	SYL-VOCAB-P089-L04	1	part_3_beyond_syllabus	ocr_consensus_unreviewed
dubious	SYL-VOCAB-P024-L07	1	part_1_true_exam	ocr_consensus_unreviewed
duck	SYL-VOCAB-P075-R20	1	part_2_zero_frequency	ocr_consensus_unreviewed
due	SYL-VOCAB-P024-L08	1	part_1_true_exam	ocr_consensus_unreviewed
dull	SYL-VOCAB-P024-L09	1	part_1_true_exam	ocr_consensus_unreviewed
dumb	SYL-VOCAB-P024-L10	1	part_1_true_exam	ocr_consensus_unreviewed
dump	SYL-VOCAB-P075-R21	1	part_2_zero_frequency	ocr_consensus_unreviewed
duplicate	SYL-VOCAB-P024-L11	1	part_1_true_exam	ocr_consensus_unreviewed
durable	SYL-VOCAB-P024-L12	1	part_1_true_exam	ocr_consensus_unreviewed
duration	SYL-VOCAB-P024-L13	1	part_1_true_exam	ocr_consensus_unreviewed
during	SYL-VOCAB-P024-L14	1	part_1_true_exam	ocr_consensus_unreviewed
dusk	SYL-VOCAB-P075-R22	1	part_2_zero_frequency	ocr_consensus_unreviewed
dust	SYL-VOCAB-P024-L15	1	part_1_true_exam	ocr_consensus_unreviewed
duty	SYL-VOCAB-P024-L16	1	part_1_true_exam	ocr_consensus_unreviewed
dwarf	SYL-VOCAB-P024-L17	1	part_1_true_exam	ocr_consensus_unreviewed
dwell	SYL-VOCAB-P024-L18	1	part_1_true_exam	ocr_consensus_unreviewed
dwelling	SYL-VOCAB-P024-L19	1	part_1_true_exam	ocr_consensus_unreviewed
dye	SYL-VOCAB-P024-L20	1	part_1_true_exam	ocr_consensus_unreviewed
dynamic	SYL-VOCAB-P024-L21	1	part_1_true_exam	ocr_consensus_unreviewed
dynasty	SYL-VOCAB-P075-R23	1	part_2_zero_frequency	ocr_consensus_unreviewed
e-mail	SYL-VOCAB-P025-L09	1	part_1_true_exam	ocr_consensus_unreviewed
each	SYL-VOCAB-P024-L22	1	part_1_true_exam	ocr_consensus_unreviewed
eager	SYL-VOCAB-P024-L23	1	part_1_true_exam	ocr_consensus_unreviewed
eagle	SYL-VOCAB-P075-R24	1	part_2_zero_frequency	ocr_consensus_unreviewed
ear	SYL-VOCAB-P024-L24	1	part_1_true_exam	ocr_consensus_unreviewed
early	SYL-VOCAB-P024-L25	1	part_1_true_exam	ocr_consensus_unreviewed
earn	SYL-VOCAB-P024-L26	1	part_1_true_exam	ocr_consensus_unreviewed
earnest	SYL-VOCAB-P024-L27	1	part_1_true_exam	ocr_consensus_unreviewed
earth	SYL-VOCAB-P024-L28	1	part_1_true_exam	ocr_consensus_unreviewed
earthquake	SYL-VOCAB-P075-R25	1	part_2_zero_frequency	ocr_consensus_unreviewed
ease	SYL-VOCAB-P024-L29	1	part_1_true_exam	ocr_consensus_unreviewed
east	SYL-VOCAB-P024-R01	1	part_1_true_exam	ocr_consensus_unreviewed
easter	SYL-VOCAB-P075-R26	1	part_2_zero_frequency	ocr_consensus_unreviewed
eastern	SYL-VOCAB-P024-R02	1	part_1_true_exam	ocr_consensus_unreviewed
easy	SYL-VOCAB-P024-R03	1	part_1_true_exam	ocr_consensus_unreviewed
eat	SYL-VOCAB-P024-R04	1	part_1_true_exam	ocr_consensus_unreviewed
ebb	SYL-VOCAB-P075-R27	1	part_2_zero_frequency	ocr_consensus_unreviewed
eccentric	SYL-VOCAB-P075-R28	1	part_2_zero_frequency	ocr_consensus_unreviewed
echo	SYL-VOCAB-P075-R29	1	part_2_zero_frequency	ocr_consensus_unreviewed
eclipse	SYL-VOCAB-P024-R05	1	part_1_true_exam	ocr_consensus_unreviewed
ecology	SYL-VOCAB-P024-R06	1	part_1_true_exam	ocr_consensus_unreviewed
economic	SYL-VOCAB-P024-R07	1	part_1_true_exam	ocr_consensus_unreviewed
economical	SYL-VOCAB-P024-R08	1	part_1_true_exam	ocr_consensus_unreviewed
economics	SYL-VOCAB-P024-R09	1	part_1_true_exam	ocr_consensus_unreviewed
economy	SYL-VOCAB-P024-R10	1	part_1_true_exam	verified_manual_visual
edge	SYL-VOCAB-P024-R11	1	part_1_true_exam	ocr_consensus_unreviewed
edible	SYL-VOCAB-P075-R30	1	part_2_zero_frequency	ocr_consensus_unreviewed
edit	SYL-VOCAB-P024-R12	1	part_1_true_exam	ocr_consensus_unreviewed
edition	SYL-VOCAB-P024-R13	1	part_1_true_exam	ocr_consensus_unreviewed
editor	SYL-VOCAB-P024-R14	1	part_1_true_exam	ocr_consensus_unreviewed
editorial	SYL-VOCAB-P024-R15	1	part_1_true_exam	ocr_consensus_unreviewed
educate	SYL-VOCAB-P024-R16	1	part_1_true_exam	ocr_consensus_unreviewed
education	SYL-VOCAB-P024-R17	1	part_1_true_exam	verified_manual_visual
effect	SYL-VOCAB-P024-R18	1	part_1_true_exam	ocr_consensus_unreviewed
effective	SYL-VOCAB-P024-R19	1	part_1_true_exam	ocr_consensus_unreviewed
efficiency	SYL-VOCAB-P024-R20	1	part_1_true_exam	ocr_consensus_unreviewed
efficient	SYL-VOCAB-P024-R21	1	part_1_true_exam	ocr_consensus_unreviewed
effort	SYL-VOCAB-P024-R22	1	part_1_true_exam	ocr_consensus_unreviewed
egalitarian	SYL-VOCAB-P089-L05	1	part_3_beyond_syllabus	ocr_consensus_unreviewed
egg	SYL-VOCAB-P075-R31	1	part_2_zero_frequency	ocr_consensus_unreviewed
ego	SYL-VOCAB-P075-R32	1	part_2_zero_frequency	ocr_consensus_unreviewed
egregiously	SYL-VOCAB-P089-L06	1	part_3_beyond_syllabus	ocr_consensus_unreviewed
eight	SYL-VOCAB-P024-R23	1	part_1_true_exam	ocr_consensus_unreviewed
eighteen	SYL-VOCAB-P024-R24	1	part_1_true_exam	ocr_consensus_unreviewed
eighty	SYL-VOCAB-P024-R25	1	part_1_true_exam	ocr_consensus_unreviewed
either	SYL-VOCAB-P024-R26	1	part_1_true_exam	ocr_consensus_unreviewed
eject	SYL-VOCAB-P075-R33	1	part_2_zero_frequency	ocr_consensus_unreviewed
elaborate	SYL-VOCAB-P024-R27	1	part_1_true_exam	ocr_consensus_unreviewed
elapse	SYL-VOCAB-P075-R34	1	part_2_zero_frequency	ocr_consensus_unreviewed
elastic	SYL-VOCAB-P075-R35	1	part_2_zero_frequency	ocr_consensus_unreviewed
elbow	SYL-VOCAB-P024-R28	1	part_1_true_exam	ocr_consensus_unreviewed
elder	SYL-VOCAB-P024-R29	1	part_1_true_exam	ocr_consensus_unreviewed
elderly	SYL-VOCAB-P024-R30	1	part_1_true_exam	ocr_consensus_unreviewed
elect	SYL-VOCAB-P024-R31	1	part_1_true_exam	ocr_consensus_unreviewed
electric	SYL-VOCAB-P024-R32	1	part_1_true_exam	ocr_consensus_unreviewed
electrical	SYL-VOCAB-P075-R36	1	part_2_zero_frequency	ocr_consensus_unreviewed
electrician	SYL-VOCAB-P075-R37	1	part_2_zero_frequency	ocr_consensus_unreviewed
electricity	SYL-VOCAB-P024-R33	1	part_1_true_exam	ocr_consensus_unreviewed
electron	SYL-VOCAB-P075-R38	1	part_2_zero_frequency	ocr_consensus_unreviewed
electronic	SYL-VOCAB-P024-R34	1	part_1_true_exam	ocr_consensus_unreviewed
elegant	SYL-VOCAB-P024-R35	1	part_1_true_exam	ocr_consensus_unreviewed
element	SYL-VOCAB-P024-R36	1	part_1_true_exam	ocr_consensus_unreviewed
elementary	SYL-VOCAB-P025-L01	1	part_1_true_exam	ocr_consensus_unreviewed
elephant	SYL-VOCAB-P075-R39	1	part_2_zero_frequency	ocr_consensus_unreviewed
elevate	SYL-VOCAB-P025-L02	1	part_1_true_exam	ocr_consensus_unreviewed
elevator	SYL-VOCAB-P075-R40	1	part_2_zero_frequency	ocr_consensus_unreviewed
eleven	SYL-VOCAB-P025-L03	1	part_1_true_exam	ocr_consensus_unreviewed
eligible	SYL-VOCAB-P025-L04	1	part_1_true_exam	ocr_consensus_unreviewed
eliminate	SYL-VOCAB-P025-L05	1	part_1_true_exam	ocr_consensus_unreviewed
elite	SYL-VOCAB-P025-L06	1	part_1_true_exam	ocr_consensus_unreviewed
eloquent	SYL-VOCAB-P076-L01	1	part_2_zero_frequency	ocr_consensus_unreviewed
else	SYL-VOCAB-P025-L07	1	part_1_true_exam	ocr_consensus_unreviewed
elsewhere	SYL-VOCAB-P025-L08	1	part_1_true_exam	ocr_consensus_unreviewed
elude	SYL-VOCAB-P089-L07	1	part_3_beyond_syllabus	ocr_consensus_unreviewed
embark	SYL-VOCAB-P025-L10	1	part_1_true_exam	ocr_consensus_unreviewed
embarrass	SYL-VOCAB-P025-L11	1	part_1_true_exam	ocr_consensus_unreviewed
embassy	SYL-VOCAB-P076-L02	1	part_2_zero_frequency	ocr_consensus_unreviewed
embed	SYL-VOCAB-P025-L12	1	part_1_true_exam	ocr_consensus_unreviewed
ember	SYL-VOCAB-P089-L08	1	part_3_beyond_syllabus	ocr_consensus_unreviewed
embody	SYL-VOCAB-P025-L13	1	part_1_true_exam	ocr_consensus_unreviewed
embrace	SYL-VOCAB-P025-L14	1	part_1_true_exam	ocr_consensus_unreviewed
embryo	SYL-VOCAB-P025-L15	1	part_1_true_exam	ocr_consensus_unreviewed
emerge	SYL-VOCAB-P025-L16	1	part_1_true_exam	ocr_consensus_unreviewed
emergency	SYL-VOCAB-P025-L17	1	part_1_true_exam	ocr_consensus_unreviewed
emigrate	SYL-VOCAB-P025-L18	1	part_1_true_exam	ocr_consensus_unreviewed
eminent	SYL-VOCAB-P025-L19	1	part_1_true_exam	ocr_consensus_unreviewed
emissary	SYL-VOCAB-P089-L09	1	part_3_beyond_syllabus	ocr_consensus_unreviewed
emit	SYL-VOCAB-P025-L20	1	part_1_true_exam	ocr_consensus_unreviewed
emotion	SYL-VOCAB-P025-L21	1	part_1_true_exam	ocr_consensus_unreviewed
emperor	SYL-VOCAB-P076-L03	1	part_2_zero_frequency	ocr_consensus_unreviewed
emphasis	SYL-VOCAB-P025-L22	1	part_1_true_exam	ocr_consensus_unreviewed
emphasize	SYL-VOCAB-P025-L23	1	part_1_true_exam	ocr_consensus_unreviewed
empire	SYL-VOCAB-P025-L24	1	part_1_true_exam	ocr_consensus_unreviewed
empirical	SYL-VOCAB-P025-L25	1	part_1_true_exam	ocr_consensus_unreviewed
employ	SYL-VOCAB-P025-L26	1	part_1_true_exam	ocr_consensus_unreviewed
employee	SYL-VOCAB-P025-L27	1	part_1_true_exam	ocr_consensus_unreviewed
employer	SYL-VOCAB-P025-L28	1	part_1_true_exam	ocr_consensus_unreviewed
employment	SYL-VOCAB-P025-L29	1	part_1_true_exam	ocr_consensus_unreviewed
empty	SYL-VOCAB-P025-L30	1	part_1_true_exam	ocr_consensus_unreviewed
enable	SYL-VOCAB-P025-L31	1	part_1_true_exam	ocr_consensus_unreviewed
enclose	SYL-VOCAB-P076-L04	1	part_2_zero_frequency	ocr_consensus_unreviewed
enclosure	SYL-VOCAB-P076-L05	1	part_2_zero_frequency	ocr_consensus_unreviewed
encompass	SYL-VOCAB-P089-L10	1	part_3_beyond_syllabus	ocr_consensus_unreviewed
encounter	SYL-VOCAB-P025-L32	1	part_1_true_exam	ocr_consensus_unreviewed
encourage	SYL-VOCAB-P025-L33	1	part_1_true_exam	ocr_consensus_unreviewed
encyclopedia	SYL-VOCAB-P076-L06	1	part_2_zero_frequency	ocr_consensus_unreviewed
end	SYL-VOCAB-P025-L34	1	part_1_true_exam	ocr_consensus_unreviewed
ending	SYL-VOCAB-P025-L35	1	part_1_true_exam	ocr_consensus_unreviewed
endorse	SYL-VOCAB-P025-R01	1	part_1_true_exam	ocr_consensus_unreviewed
endow	SYL-VOCAB-P076-L07	1	part_2_zero_frequency	ocr_consensus_unreviewed
endurance	SYL-VOCAB-P025-R02	1	part_1_true_exam	ocr_consensus_unreviewed
endure	SYL-VOCAB-P025-R03	1	part_1_true_exam	ocr_consensus_unreviewed
enemy	SYL-VOCAB-P025-R04	1	part_1_true_exam	ocr_consensus_unreviewed
energetic	SYL-VOCAB-P025-R05	1	part_1_true_exam	ocr_consensus_unreviewed
energy	SYL-VOCAB-P025-R06	1	part_1_true_exam	verified_manual_visual
enforce	SYL-VOCAB-P025-R07	1	part_1_true_exam	ocr_consensus_unreviewed
engage	SYL-VOCAB-P025-R08	1	part_1_true_exam	ocr_consensus_unreviewed
engagement	SYL-VOCAB-P025-R09	1	part_1_true_exam	ocr_consensus_unreviewed
engine	SYL-VOCAB-P025-R10	1	part_1_true_exam	ocr_consensus_unreviewed
engineer	SYL-VOCAB-P025-R11	1	part_1_true_exam	ocr_consensus_unreviewed
engineering	SYL-VOCAB-P025-R12	1	part_1_true_exam	ocr_consensus_unreviewed
enhance	SYL-VOCAB-P025-R13	1	part_1_true_exam	ocr_consensus_unreviewed
enjoy	SYL-VOCAB-P025-R14	1	part_1_true_exam	ocr_consensus_unreviewed
enlarge	SYL-VOCAB-P025-R15	1	part_1_true_exam	ocr_consensus_unreviewed
enlighten	SYL-VOCAB-P025-R16	1	part_1_true_exam	ocr_consensus_unreviewed
enormous	SYL-VOCAB-P025-R17	1	part_1_true_exam	ocr_consensus_unreviewed
enough	SYL-VOCAB-P025-R18	1	part_1_true_exam	ocr_consensus_unreviewed
enquire	SYL-VOCAB-P025-R19	1	part_1_true_exam	ocr_consensus_unreviewed
enrich	SYL-VOCAB-P025-R20	1	part_1_true_exam	ocr_consensus_unreviewed
enroll	SYL-VOCAB-P025-R21	1	part_1_true_exam	ocr_consensus_unreviewed
ensure	SYL-VOCAB-P025-R22	1	part_1_true_exam	ocr_consensus_unreviewed
entail	SYL-VOCAB-P025-R23	1	part_1_true_exam	ocr_consensus_unreviewed
enter	SYL-VOCAB-P025-R24	1	part_1_true_exam	ocr_consensus_unreviewed
enterprise	SYL-VOCAB-P025-R25	1	part_1_true_exam	ocr_consensus_unreviewed
entertain	SYL-VOCAB-P025-R26	1	part_1_true_exam	ocr_consensus_unreviewed
entertainment	SYL-VOCAB-P025-R27	1	part_1_true_exam	ocr_consensus_unreviewed
enthusiasm	SYL-VOCAB-P025-R28	1	part_1_true_exam	ocr_consensus_unreviewed
enthusiastic	SYL-VOCAB-P025-R29	1	part_1_true_exam	ocr_consensus_unreviewed
entire	SYL-VOCAB-P025-R30	1	part_1_true_exam	ocr_consensus_unreviewed
entitle	SYL-VOCAB-P025-R31	1	part_1_true_exam	ocr_consensus_unreviewed
entity	SYL-VOCAB-P076-L08	1	part_2_zero_frequency	ocr_consensus_unreviewed
entrance	SYL-VOCAB-P025-R32	1	part_1_true_exam	ocr_consensus_unreviewed
entrepreneur	SYL-VOCAB-P025-R33	1	part_1_true_exam	ocr_consensus_unreviewed
entry	SYL-VOCAB-P025-R34	1	part_1_true_exam	ocr_consensus_unreviewed
envelope	SYL-VOCAB-P025-R35	1	part_1_true_exam	ocr_consensus_unreviewed
environment	SYL-VOCAB-P025-R36	1	part_1_true_exam	ocr_consensus_unreviewed
envisage	SYL-VOCAB-P025-R37	1	part_1_true_exam	ocr_consensus_unreviewed
envy	SYL-VOCAB-P026-L01	1	part_1_true_exam	ocr_consensus_unreviewed
epidemic	SYL-VOCAB-P026-L02	1	part_1_true_exam	ocr_consensus_unreviewed
episode	SYL-VOCAB-P026-L03	1	part_1_true_exam	ocr_consensus_unreviewed
epoch	SYL-VOCAB-P076-L09	1	part_2_zero_frequency	ocr_consensus_unreviewed
equal	SYL-VOCAB-P026-L04	1	part_1_true_exam	ocr_consensus_unreviewed
equality	SYL-VOCAB-P026-L05	1	part_1_true_exam	ocr_consensus_unreviewed
equation	SYL-VOCAB-P026-L06	1	part_1_true_exam	ocr_consensus_unreviewed
equator	SYL-VOCAB-P076-L10	1	part_2_zero_frequency	ocr_consensus_unreviewed
equip	SYL-VOCAB-P026-L07	1	part_1_true_exam	ocr_consensus_unreviewed
equipment	SYL-VOCAB-P026-L08	1	part_1_true_exam	ocr_consensus_unreviewed
equity	SYL-VOCAB-P089-L11	1	part_3_beyond_syllabus	ocr_consensus_unreviewed
equivalent	SYL-VOCAB-P026-L09	1	part_1_true_exam	ocr_consensus_unreviewed
era	SYL-VOCAB-P026-L10	1	part_1_true_exam	ocr_consensus_unreviewed
erase	SYL-VOCAB-P026-L11	1	part_1_true_exam	ocr_consensus_unreviewed
erect	SYL-VOCAB-P026-L12	1	part_1_true_exam	ocr_consensus_unreviewed
erosion	SYL-VOCAB-P076-L11	1	part_2_zero_frequency	ocr_consensus_unreviewed
errand	SYL-VOCAB-P089-L12	1	part_3_beyond_syllabus	ocr_consensus_unreviewed
erroneous	SYL-VOCAB-P026-L13	1	part_1_true_exam	ocr_consensus_unreviewed
error	SYL-VOCAB-P026-L14	1	part_1_true_exam	ocr_consensus_unreviewed
erupt	SYL-VOCAB-P026-L15	1	part_1_true_exam	ocr_consensus_unreviewed
escalate	SYL-VOCAB-P076-L12	1	part_2_zero_frequency	ocr_consensus_unreviewed
escape	SYL-VOCAB-P026-L16	1	part_1_true_exam	ocr_consensus_unreviewed
escort	SYL-VOCAB-P076-L13	1	part_2_zero_frequency	ocr_consensus_unreviewed
especially	SYL-VOCAB-P026-L17	1	part_1_true_exam	ocr_consensus_unreviewed
espionage	SYL-VOCAB-P089-L13	1	part_3_beyond_syllabus	ocr_consensus_unreviewed
essay	SYL-VOCAB-P026-L18	1	part_1_true_exam	ocr_consensus_unreviewed
essence	SYL-VOCAB-P026-L19	1	part_1_true_exam	ocr_consensus_unreviewed
essential	SYL-VOCAB-P026-L20	1	part_1_true_exam	ocr_consensus_unreviewed
establish	SYL-VOCAB-P026-L21	1	part_1_true_exam	ocr_consensus_unreviewed
establishment	SYL-VOCAB-P026-L22	1	part_1_true_exam	ocr_consensus_unreviewed
estate	SYL-VOCAB-P026-L23	1	part_1_true_exam	ocr_consensus_unreviewed
esteem	SYL-VOCAB-P026-L24	1	part_1_true_exam	ocr_consensus_unreviewed
estimate	SYL-VOCAB-P026-L25	1	part_1_true_exam	ocr_consensus_unreviewed
eternal	SYL-VOCAB-P076-L14	1	part_2_zero_frequency	ocr_consensus_unreviewed
ethic	SYL-VOCAB-P026-L26	1	part_1_true_exam	ocr_consensus_unreviewed
ethnic	SYL-VOCAB-P076-L15	1	part_2_zero_frequency	ocr_consensus_unreviewed
evacuate	SYL-VOCAB-P076-L16	1	part_2_zero_frequency	ocr_consensus_unreviewed
evade	SYL-VOCAB-P026-L27	1	part_1_true_exam	ocr_consensus_unreviewed
evaluate	SYL-VOCAB-P026-L28	1	part_1_true_exam	ocr_consensus_unreviewed
evaporate	SYL-VOCAB-P076-L17	1	part_2_zero_frequency	ocr_consensus_unreviewed
eve	SYL-VOCAB-P026-L29	1	part_1_true_exam	ocr_consensus_unreviewed
even	SYL-VOCAB-P026-L30	1	part_1_true_exam	ocr_consensus_unreviewed
evening	SYL-VOCAB-P026-L31	1	part_1_true_exam	ocr_consensus_unreviewed
event	SYL-VOCAB-P026-L32	1	part_1_true_exam	ocr_consensus_unreviewed
eventually	SYL-VOCAB-P026-L33	1	part_1_true_exam	ocr_consensus_unreviewed
ever	SYL-VOCAB-P026-L34	1	part_1_true_exam	ocr_consensus_unreviewed
every	SYL-VOCAB-P026-L35	1	part_1_true_exam	ocr_consensus_unreviewed
everybody	SYL-VOCAB-P026-R01	1	part_1_true_exam	ocr_consensus_unreviewed
everyday	SYL-VOCAB-P026-R02	1	part_1_true_exam	ocr_consensus_unreviewed
everyone	SYL-VOCAB-P026-R03	1	part_1_true_exam	ocr_consensus_unreviewed
everything	SYL-VOCAB-P026-R04	1	part_1_true_exam	ocr_consensus_unreviewed
everywhere	SYL-VOCAB-P026-R05	1	part_1_true_exam	ocr_consensus_unreviewed
evidence	SYL-VOCAB-P026-R06	1	part_1_true_exam	ocr_consensus_unreviewed
evident	SYL-VOCAB-P026-R07	1	part_1_true_exam	ocr_consensus_unreviewed
evil	SYL-VOCAB-P026-R08	1	part_1_true_exam	ocr_consensus_unreviewed
evoke	SYL-VOCAB-P076-L18	1	part_2_zero_frequency	ocr_consensus_unreviewed
evolution	SYL-VOCAB-P026-R09	1	part_1_true_exam	ocr_consensus_unreviewed
evolve	SYL-VOCAB-P026-R10	1	part_1_true_exam	ocr_consensus_unreviewed
exact	SYL-VOCAB-P026-R11	1	part_1_true_exam	ocr_consensus_unreviewed
exaggerate	SYL-VOCAB-P026-R12	1	part_1_true_exam	ocr_consensus_unreviewed
exam	SYL-VOCAB-P026-R13	1	part_1_true_exam	ocr_consensus_unreviewed
examine	SYL-VOCAB-P026-R14	1	part_1_true_exam	ocr_consensus_unreviewed
example	SYL-VOCAB-P026-R15	1	part_1_true_exam	ocr_consensus_unreviewed
excavation	SYL-VOCAB-P089-L14	1	part_3_beyond_syllabus	ocr_consensus_unreviewed
exceed	SYL-VOCAB-P026-R16	1	part_1_true_exam	ocr_consensus_unreviewed
exceedingly	SYL-VOCAB-P026-R17	1	part_1_true_exam	ocr_consensus_unreviewed
excel	SYL-VOCAB-P026-R18	1	part_1_true_exam	ocr_consensus_unreviewed
excellent	SYL-VOCAB-P026-R19	1	part_1_true_exam	ocr_consensus_unreviewed
except	SYL-VOCAB-P026-R20	1	part_1_true_exam	ocr_consensus_unreviewed
exception	SYL-VOCAB-P026-R21	1	part_1_true_exam	ocr_consensus_unreviewed
exceptional	SYL-VOCAB-P026-R22	1	part_1_true_exam	ocr_consensus_unreviewed
excerpt	SYL-VOCAB-P076-L19	1	part_2_zero_frequency	ocr_consensus_unreviewed
excess	SYL-VOCAB-P026-R23	1	part_1_true_exam	ocr_consensus_unreviewed
excessive	SYL-VOCAB-P026-R24	1	part_1_true_exam	ocr_consensus_unreviewed
exchange	SYL-VOCAB-P026-R25	1	part_1_true_exam	verified_manual_visual
excite	SYL-VOCAB-P026-R26	1	part_1_true_exam	ocr_consensus_unreviewed
excitement	SYL-VOCAB-P026-R27	1	part_1_true_exam	ocr_consensus_unreviewed
exciting	SYL-VOCAB-P076-L20	1	part_2_zero_frequency	ocr_consensus_unreviewed
exclaim	SYL-VOCAB-P026-R28	1	part_1_true_exam	ocr_consensus_unreviewed
exclude	SYL-VOCAB-P026-R29	1	part_1_true_exam	ocr_consensus_unreviewed
exclusive	SYL-VOCAB-P026-R30	1	part_1_true_exam	ocr_consensus_unreviewed
excursion	SYL-VOCAB-P076-L21	1	part_2_zero_frequency	ocr_consensus_unreviewed
excuse	SYL-VOCAB-P026-R31	1	part_1_true_exam	ocr_consensus_unreviewed
execute	SYL-VOCAB-P076-L22	1	part_2_zero_frequency	ocr_consensus_unreviewed
executive	SYL-VOCAB-P026-R32	1	part_1_true_exam	ocr_consensus_unreviewed
exemplify	SYL-VOCAB-P026-R33	1	part_1_true_exam	ocr_consensus_unreviewed
exempt	SYL-VOCAB-P026-R34	1	part_1_true_exam	ocr_consensus_unreviewed
exercise	SYL-VOCAB-P026-R35	1	part_1_true_exam	verified_manual_visual
exert	SYL-VOCAB-P026-R36	1	part_1_true_exam	ocr_consensus_unreviewed
exhaust	SYL-VOCAB-P026-R37	1	part_1_true_exam	ocr_consensus_unreviewed
exhibit	SYL-VOCAB-P026-R38	1	part_1_true_exam	ocr_consensus_unreviewed
exhibition	SYL-VOCAB-P026-R39	1	part_1_true_exam	ocr_consensus_unreviewed
exile	SYL-VOCAB-P076-L23	1	part_2_zero_frequency	ocr_consensus_unreviewed
exist	SYL-VOCAB-P027-L01	1	part_1_true_exam	ocr_consensus_unreviewed
existence	SYL-VOCAB-P027-L02	1	part_1_true_exam	ocr_consensus_unreviewed
exit	SYL-VOCAB-P027-L03	1	part_1_true_exam	ocr_consensus_unreviewed
exotic	SYL-VOCAB-P027-L04	1	part_1_true_exam	ocr_consensus_unreviewed
expand	SYL-VOCAB-P027-L05	1	part_1_true_exam	ocr_consensus_unreviewed
expansion	SYL-VOCAB-P027-L06	1	part_1_true_exam	ocr_consensus_unreviewed
expect	SYL-VOCAB-P027-L07	1	part_1_true_exam	ocr_consensus_unreviewed
expectation	SYL-VOCAB-P027-L08	1	part_1_true_exam	ocr_consensus_unreviewed
expedited	SYL-VOCAB-P089-L15	1	part_3_beyond_syllabus	ocr_consensus_unreviewed
expedition	SYL-VOCAB-P076-L24	1	part_2_zero_frequency	ocr_consensus_unreviewed
expel	SYL-VOCAB-P076-L25	1	part_2_zero_frequency	ocr_consensus_unreviewed
expend	SYL-VOCAB-P076-L26	1	part_2_zero_frequency	ocr_consensus_unreviewed
expenditure	SYL-VOCAB-P076-L27	1	part_2_zero_frequency	ocr_consensus_unreviewed
expense	SYL-VOCAB-P027-L09	1	part_1_true_exam	ocr_consensus_unreviewed
expensive	SYL-VOCAB-P027-L10	1	part_1_true_exam	ocr_consensus_unreviewed
experience	SYL-VOCAB-P027-L11	1	part_1_true_exam	verified_manual_visual
experiment	SYL-VOCAB-P027-L12	1	part_1_true_exam	ocr_consensus_unreviewed
experimental	SYL-VOCAB-P076-L28	1	part_2_zero_frequency	ocr_consensus_unreviewed
expert	SYL-VOCAB-P027-L13	1	part_1_true_exam	ocr_consensus_unreviewed
expertise	SYL-VOCAB-P027-L14	1	part_1_true_exam	verified_manual_visual
expire	SYL-VOCAB-P076-L29	1	part_2_zero_frequency	ocr_consensus_unreviewed
explain	SYL-VOCAB-P027-L15	1	part_1_true_exam	ocr_consensus_unreviewed
explanation	SYL-VOCAB-P027-L16	1	part_1_true_exam	ocr_consensus_unreviewed
explicit	SYL-VOCAB-P027-L17	1	part_1_true_exam	ocr_consensus_unreviewed
explode	SYL-VOCAB-P076-L30	1	part_2_zero_frequency	ocr_consensus_unreviewed
exploit	SYL-VOCAB-P027-L18	1	part_1_true_exam	ocr_consensus_unreviewed
explore	SYL-VOCAB-P027-L19	1	part_1_true_exam	ocr_consensus_unreviewed
explosion	SYL-VOCAB-P027-L20	1	part_1_true_exam	ocr_consensus_unreviewed
explosive	SYL-VOCAB-P027-L21	1	part_1_true_exam	ocr_consensus_unreviewed
export	SYL-VOCAB-P027-L22	1	part_1_true_exam	ocr_consensus_unreviewed
expose	SYL-VOCAB-P027-L23	1	part_1_true_exam	ocr_consensus_unreviewed
exposure	SYL-VOCAB-P027-L24	1	part_1_true_exam	ocr_consensus_unreviewed
express	SYL-VOCAB-P027-L25	1	part_1_true_exam	ocr_consensus_unreviewed
expression	SYL-VOCAB-P027-L26	1	part_1_true_exam	ocr_consensus_unreviewed
exquisite	SYL-VOCAB-P076-L31	1	part_2_zero_frequency	ocr_consensus_unreviewed
extend	SYL-VOCAB-P027-L27	1	part_1_true_exam	ocr_consensus_unreviewed
extension	SYL-VOCAB-P027-L28	1	part_1_true_exam	ocr_consensus_unreviewed
extensive	SYL-VOCAB-P027-L29	1	part_1_true_exam	ocr_consensus_unreviewed
extent	SYL-VOCAB-P027-L30	1	part_1_true_exam	ocr_consensus_unreviewed
exterior	SYL-VOCAB-P027-L31	1	part_1_true_exam	ocr_consensus_unreviewed
external	SYL-VOCAB-P027-L32	1	part_1_true_exam	ocr_consensus_unreviewed
extinct	SYL-VOCAB-P027-L33	1	part_1_true_exam	ocr_consensus_unreviewed
extinguish	SYL-VOCAB-P027-L34	1	part_1_true_exam	ocr_consensus_unreviewed
extra	SYL-VOCAB-P027-L35	1	part_1_true_exam	ocr_consensus_unreviewed
extract	SYL-VOCAB-P027-R01	1	part_1_true_exam	ocr_consensus_unreviewed
extraordinary	SYL-VOCAB-P027-R02	1	part_1_true_exam	ocr_consensus_unreviewed
extravagant	SYL-VOCAB-P027-R03	1	part_1_true_exam	ocr_consensus_unreviewed
extreme	SYL-VOCAB-P027-R04	1	part_1_true_exam	ocr_consensus_unreviewed
eye	SYL-VOCAB-P027-R05	1	part_1_true_exam	ocr_consensus_unreviewed
eyebrow	SYL-VOCAB-P027-R06	1	part_1_true_exam	ocr_consensus_unreviewed
eyesight	SYL-VOCAB-P027-R07	1	part_1_true_exam	ocr_consensus_unreviewed
fable	SYL-VOCAB-P076-L32	1	part_2_zero_frequency	ocr_consensus_unreviewed
fabric	SYL-VOCAB-P027-R08	1	part_1_true_exam	ocr_consensus_unreviewed
fabricate	SYL-VOCAB-P027-R09	1	part_1_true_exam	ocr_consensus_unreviewed
fabulous	SYL-VOCAB-P027-R10	1	part_1_true_exam	ocr_consensus_unreviewed
face	SYL-VOCAB-P027-R11	1	part_1_true_exam	ocr_consensus_unreviewed
facilitate	SYL-VOCAB-P027-R12	1	part_1_true_exam	ocr_consensus_unreviewed
facility	SYL-VOCAB-P027-R13	1	part_1_true_exam	ocr_consensus_unreviewed
fact	SYL-VOCAB-P027-R14	1	part_1_true_exam	ocr_consensus_unreviewed
factor	SYL-VOCAB-P027-R15	1	part_1_true_exam	ocr_consensus_unreviewed
factory	SYL-VOCAB-P027-R16	1	part_1_true_exam	ocr_consensus_unreviewed
faculty	SYL-VOCAB-P027-R17	1	part_1_true_exam	ocr_consensus_unreviewed
fade	SYL-VOCAB-P027-R18	1	part_1_true_exam	ocr_consensus_unreviewed
fail	SYL-VOCAB-P027-R19	1	part_1_true_exam	ocr_consensus_unreviewed
failure	SYL-VOCAB-P027-R20	1	part_1_true_exam	ocr_consensus_unreviewed
faint	SYL-VOCAB-P027-R21	1	part_1_true_exam	ocr_consensus_unreviewed
fair	SYL-VOCAB-P027-R22	1	part_1_true_exam	ocr_consensus_unreviewed
fairly	SYL-VOCAB-P027-R23	1	part_1_true_exam	ocr_consensus_unreviewed
fairy	SYL-VOCAB-P076-L33	1	part_2_zero_frequency	ocr_consensus_unreviewed
faith	SYL-VOCAB-P027-R24	1	part_1_true_exam	ocr_consensus_unreviewed
faithful	SYL-VOCAB-P027-R25	1	part_1_true_exam	ocr_consensus_unreviewed
fake	SYL-VOCAB-P027-R26	1	part_1_true_exam	ocr_consensus_unreviewed
fall	SYL-VOCAB-P027-R27	1	part_1_true_exam	ocr_consensus_unreviewed
false	SYL-VOCAB-P027-R28	1	part_1_true_exam	ocr_consensus_unreviewed
fame	SYL-VOCAB-P027-R29	1	part_1_true_exam	ocr_consensus_unreviewed
familiar	SYL-VOCAB-P027-R30	1	part_1_true_exam	ocr_consensus_unreviewed
family	SYL-VOCAB-P028-L01	1	part_1_true_exam	ocr_consensus_unreviewed
famine	SYL-VOCAB-P076-L34	1	part_2_zero_frequency	ocr_consensus_unreviewed
famous	SYL-VOCAB-P028-L02	1	part_1_true_exam	ocr_consensus_unreviewed
fan	SYL-VOCAB-P028-L03	1	part_1_true_exam	ocr_consensus_unreviewed
fancy	SYL-VOCAB-P028-L04	1	part_1_true_exam	ocr_consensus_unreviewed
fantastic	SYL-VOCAB-P028-L05	1	part_1_true_exam	ocr_consensus_unreviewed
fantasy	SYL-VOCAB-P028-L06	1	part_1_true_exam	ocr_consensus_unreviewed
far	SYL-VOCAB-P028-L07	1	part_1_true_exam	ocr_consensus_unreviewed
farcical	SYL-VOCAB-P089-L16	1	part_3_beyond_syllabus	ocr_consensus_unreviewed
fare	SYL-VOCAB-P028-L08	1	part_1_true_exam	ocr_consensus_unreviewed
farewell	SYL-VOCAB-P076-R01	1	part_2_zero_frequency	ocr_consensus_unreviewed
farm	SYL-VOCAB-P028-L09	1	part_1_true_exam	ocr_consensus_unreviewed
farmer	SYL-VOCAB-P028-L10	1	part_1_true_exam	ocr_consensus_unreviewed
farther	SYL-VOCAB-P028-L11	1	part_1_true_exam	ocr_consensus_unreviewed
fascinate	SYL-VOCAB-P028-L12	1	part_1_true_exam	ocr_consensus_unreviewed
fashion	SYL-VOCAB-P028-L13	1	part_1_true_exam	ocr_consensus_unreviewed
fashionable	SYL-VOCAB-P028-L14	1	part_1_true_exam	ocr_consensus_unreviewed
fast	SYL-VOCAB-P028-L15	1	part_1_true_exam	ocr_consensus_unreviewed
fasten	SYL-VOCAB-P028-L16	1	part_1_true_exam	ocr_consensus_unreviewed
fat	SYL-VOCAB-P028-L17	1	part_1_true_exam	ocr_consensus_unreviewed
fatal	SYL-VOCAB-P028-L18	1	part_1_true_exam	ocr_consensus_unreviewed
fate	SYL-VOCAB-P028-L19	1	part_1_true_exam	ocr_consensus_unreviewed
father	SYL-VOCAB-P028-L20	1	part_1_true_exam	ocr_consensus_unreviewed
fatigue	SYL-VOCAB-P028-L21	1	part_1_true_exam	ocr_consensus_unreviewed
fault	SYL-VOCAB-P028-L22	1	part_1_true_exam	ocr_consensus_unreviewed
faulty	SYL-VOCAB-P028-L23	1	part_1_true_exam	ocr_consensus_unreviewed
favor	SYL-VOCAB-P028-L24	1	part_1_true_exam	ocr_consensus_unreviewed
favorable	SYL-VOCAB-P028-L25	1	part_1_true_exam	ocr_consensus_unreviewed
favorite	SYL-VOCAB-P028-L26	1	part_1_true_exam	ocr_consensus_unreviewed
fax	SYL-VOCAB-P076-R02	1	part_2_zero_frequency	ocr_consensus_unreviewed
fear	SYL-VOCAB-P028-L27	1	part_1_true_exam	ocr_consensus_unreviewed
fearful	SYL-VOCAB-P028-L29	1	part_1_true_exam	ocr_consensus_unreviewed
feasible	SYL-VOCAB-P028-L30	1	part_1_true_exam	ocr_consensus_unreviewed
feast	SYL-VOCAB-P076-R03	1	part_2_zero_frequency	ocr_consensus_unreviewed
feat	SYL-VOCAB-P028-L28	1	part_1_true_exam	ocr_consensus_unreviewed
feather	SYL-VOCAB-P076-R04	1	part_2_zero_frequency	ocr_consensus_unreviewed
feature	SYL-VOCAB-P028-L31	1	part_1_true_exam	ocr_consensus_unreviewed
february	SYL-VOCAB-P028-L32	1	part_1_true_exam	ocr_consensus_unreviewed
federal	SYL-VOCAB-P028-L33	1	part_1_true_exam	ocr_consensus_unreviewed
federation	SYL-VOCAB-P028-R01	1	part_1_true_exam	ocr_consensus_unreviewed
fee	SYL-VOCAB-P028-R02	1	part_1_true_exam	ocr_consensus_unreviewed
feeble	SYL-VOCAB-P028-R03	1	part_1_true_exam	ocr_consensus_unreviewed
feed	SYL-VOCAB-P028-R04	1	part_1_true_exam	ocr_consensus_unreviewed
feedback	SYL-VOCAB-P028-R05	1	part_1_true_exam	ocr_consensus_unreviewed
feel	SYL-VOCAB-P028-R06	1	part_1_true_exam	ocr_consensus_unreviewed
feeling	SYL-VOCAB-P028-R07	1	part_1_true_exam	ocr_consensus_unreviewed
fell	SYL-VOCAB-P076-R05	1	part_2_zero_frequency	ocr_consensus_unreviewed
fellow	SYL-VOCAB-P028-R08	1	part_1_true_exam	ocr_consensus_unreviewed
fellowship	SYL-VOCAB-P076-R06	1	part_2_zero_frequency	ocr_consensus_unreviewed
female	SYL-VOCAB-P028-R09	1	part_1_true_exam	ocr_consensus_unreviewed
feminine	SYL-VOCAB-P076-R07	1	part_2_zero_frequency	ocr_consensus_unreviewed
ferry	SYL-VOCAB-P076-R08	1	part_2_zero_frequency	ocr_consensus_unreviewed
fertile	SYL-VOCAB-P028-R10	1	part_1_true_exam	ocr_consensus_unreviewed
fertilizer	SYL-VOCAB-P028-R11	1	part_1_true_exam	ocr_consensus_unreviewed
festival	SYL-VOCAB-P028-R12	1	part_1_true_exam	ocr_consensus_unreviewed
fetch	SYL-VOCAB-P028-R13	1	part_1_true_exam	pending_review_only
feudal	SYL-VOCAB-P028-R14	1	part_1_true_exam	ocr_consensus_unreviewed
fever	SYL-VOCAB-P028-R15	1	part_1_true_exam	ocr_consensus_unreviewed
few	SYL-VOCAB-P028-R16	1	part_1_true_exam	ocr_consensus_unreviewed
fiber	SYL-VOCAB-P028-R17	1	part_1_true_exam	ocr_consensus_unreviewed
fiction	SYL-VOCAB-P028-R18	1	part_1_true_exam	ocr_consensus_unreviewed
field	SYL-VOCAB-P028-R19	1	part_1_true_exam	verified_manual_visual
fierce	SYL-VOCAB-P028-R20	1	part_1_true_exam	ocr_consensus_unreviewed
fifteen	SYL-VOCAB-P028-R21	1	part_1_true_exam	ocr_consensus_unreviewed
fifty	SYL-VOCAB-P028-R22	1	part_1_true_exam	ocr_consensus_unreviewed
fight	SYL-VOCAB-P028-R23	1	part_1_true_exam	ocr_consensus_unreviewed
figure	SYL-VOCAB-P028-R24	1	part_1_true_exam	ocr_consensus_unreviewed
file	SYL-VOCAB-P028-R25	1	part_1_true_exam	ocr_consensus_unreviewed
fill	SYL-VOCAB-P028-R26	1	part_1_true_exam	ocr_consensus_unreviewed
film	SYL-VOCAB-P028-R27	1	part_1_true_exam	ocr_consensus_unreviewed
filter	SYL-VOCAB-P028-R28	1	part_1_true_exam	ocr_consensus_unreviewed
final	SYL-VOCAB-P028-R29	1	part_1_true_exam	ocr_consensus_unreviewed
finally	SYL-VOCAB-P028-R30	1	part_1_true_exam	ocr_consensus_unreviewed
finance	SYL-VOCAB-P028-R31	1	part_1_true_exam	ocr_consensus_unreviewed
financial	SYL-VOCAB-P029-L01	1	part_1_true_exam	ocr_consensus_unreviewed
find	SYL-VOCAB-P029-L02	1	part_1_true_exam	ocr_consensus_unreviewed
finding	SYL-VOCAB-P029-L03	1	part_1_true_exam	ocr_consensus_unreviewed
fine	SYL-VOCAB-P029-L04	1	part_1_true_exam	ocr_consensus_unreviewed
finger	SYL-VOCAB-P076-R09	1	part_2_zero_frequency	ocr_consensus_unreviewed
finish	SYL-VOCAB-P029-L05	1	part_1_true_exam	ocr_consensus_unreviewed
finite	SYL-VOCAB-P029-L06	1	part_1_true_exam	ocr_consensus_unreviewed
fire	SYL-VOCAB-P029-L07	1	part_1_true_exam	ocr_consensus_unreviewed
fireman	SYL-VOCAB-P076-R10	1	part_2_zero_frequency	ocr_consensus_unreviewed
fireplace	SYL-VOCAB-P076-R11	1	part_2_zero_frequency	ocr_consensus_unreviewed
firm	SYL-VOCAB-P029-L08	1	part_1_true_exam	ocr_consensus_unreviewed
first	SYL-VOCAB-P029-L09	1	part_1_true_exam	ocr_consensus_unreviewed
fiscal	SYL-VOCAB-P029-L10	1	part_1_true_exam	ocr_consensus_unreviewed
fisherman	SYL-VOCAB-P076-R12	1	part_2_zero_frequency	ocr_consensus_unreviewed
fist	SYL-VOCAB-P076-R13	1	part_2_zero_frequency	ocr_consensus_unreviewed
fit	SYL-VOCAB-P029-L11	1	part_1_true_exam	ocr_consensus_unreviewed
fitting	SYL-VOCAB-P076-R14	1	part_2_zero_frequency	ocr_consensus_unreviewed
five	SYL-VOCAB-P029-L12	1	part_1_true_exam	ocr_consensus_unreviewed
fix	SYL-VOCAB-P029-L13	1	part_1_true_exam	ocr_consensus_unreviewed
fixture	SYL-VOCAB-P076-R15	1	part_2_zero_frequency	ocr_consensus_unreviewed
flag	SYL-VOCAB-P029-L14	1	part_1_true_exam	ocr_consensus_unreviewed
flagship	SYL-VOCAB-P089-L17	1	part_3_beyond_syllabus	ocr_consensus_unreviewed
flagstone	SYL-VOCAB-P089-L18	1	part_3_beyond_syllabus	ocr_consensus_unreviewed
flame	SYL-VOCAB-P076-R16	1	part_2_zero_frequency	ocr_consensus_unreviewed
flap	SYL-VOCAB-P029-L15	1	part_1_true_exam	ocr_consensus_unreviewed
flare	SYL-VOCAB-P029-L16	1	part_1_true_exam	ocr_consensus_unreviewed
flash	SYL-VOCAB-P029-L17	1	part_1_true_exam	ocr_consensus_unreviewed
flat	SYL-VOCAB-P076-R17	1	part_2_zero_frequency	ocr_consensus_unreviewed
flatter	SYL-VOCAB-P076-R18	1	part_2_zero_frequency	ocr_consensus_unreviewed
flavor	SYL-VOCAB-P029-L18	1	part_1_true_exam	ocr_consensus_unreviewed
flaw	SYL-VOCAB-P029-L19	1	part_1_true_exam	ocr_consensus_unreviewed
fledging	SYL-VOCAB-P089-L19	1	part_3_beyond_syllabus	ocr_consensus_unreviewed
flee	SYL-VOCAB-P029-L20	1	part_1_true_exam	ocr_consensus_unreviewed
fleet	SYL-VOCAB-P029-L21	1	part_1_true_exam	ocr_consensus_unreviewed
flesh	SYL-VOCAB-P029-L22	1	part_1_true_exam	ocr_consensus_unreviewed
flexible	SYL-VOCAB-P029-L23	1	part_1_true_exam	ocr_consensus_unreviewed
flight	SYL-VOCAB-P029-L24	1	part_1_true_exam	ocr_consensus_unreviewed
fling	SYL-VOCAB-P076-R19	1	part_2_zero_frequency	ocr_consensus_unreviewed
float	SYL-VOCAB-P029-L25	1	part_1_true_exam	ocr_consensus_unreviewed
flock	SYL-VOCAB-P029-L26	1	part_1_true_exam	ocr_consensus_unreviewed
flood	SYL-VOCAB-P029-L27	1	part_1_true_exam	ocr_consensus_unreviewed
floor	SYL-VOCAB-P029-L28	1	part_1_true_exam	ocr_consensus_unreviewed
flour	SYL-VOCAB-P076-R20	1	part_2_zero_frequency	ocr_consensus_unreviewed
flourish	SYL-VOCAB-P029-L29	1	part_1_true_exam	ocr_consensus_unreviewed
flow	SYL-VOCAB-P029-R01	1	part_1_true_exam	ocr_consensus_unreviewed
flower	SYL-VOCAB-P029-R02	1	part_1_true_exam	ocr_consensus_unreviewed
flu	SYL-VOCAB-P029-R03	1	part_1_true_exam	ocr_consensus_unreviewed
fluctuate	SYL-VOCAB-P029-R04	1	part_1_true_exam	ocr_consensus_unreviewed
fluent	SYL-VOCAB-P029-R05	1	part_1_true_exam	ocr_consensus_unreviewed
fluid	SYL-VOCAB-P076-R21	1	part_2_zero_frequency	ocr_consensus_unreviewed
flush	SYL-VOCAB-P076-R22	1	part_2_zero_frequency	ocr_consensus_unreviewed
fly	SYL-VOCAB-P029-R06	1	part_1_true_exam	ocr_consensus_unreviewed
foam	SYL-VOCAB-P076-R23	1	part_2_zero_frequency	ocr_consensus_unreviewed
focus	SYL-VOCAB-P029-R07	1	part_1_true_exam	ocr_consensus_unreviewed
foe	SYL-VOCAB-P089-L20	1	part_3_beyond_syllabus	ocr_consensus_unreviewed
fog	SYL-VOCAB-P076-R24	1	part_2_zero_frequency	ocr_consensus_unreviewed
fold	SYL-VOCAB-P029-R08	1	part_1_true_exam	ocr_consensus_unreviewed
folk	SYL-VOCAB-P029-R09	1	part_1_true_exam	ocr_consensus_unreviewed
follow	SYL-VOCAB-P029-R10	1	part_1_true_exam	ocr_consensus_unreviewed
following	SYL-VOCAB-P029-R11	1	part_1_true_exam	ocr_consensus_unreviewed
fond	SYL-VOCAB-P029-R12	1	part_1_true_exam	ocr_consensus_unreviewed
food	SYL-VOCAB-P029-R13	1	part_1_true_exam	ocr_consensus_unreviewed
fool	SYL-VOCAB-P029-R14	1	part_1_true_exam	ocr_consensus_unreviewed
foolish	SYL-VOCAB-P076-R25	1	part_2_zero_frequency	ocr_consensus_unreviewed
foot	SYL-VOCAB-P029-R15	1	part_1_true_exam	ocr_consensus_unreviewed
football	SYL-VOCAB-P029-R16	1	part_1_true_exam	ocr_consensus_unreviewed
footstep	SYL-VOCAB-P076-R26	1	part_2_zero_frequency	ocr_consensus_unreviewed
for	SYL-VOCAB-P029-R17	1	part_1_true_exam	ocr_consensus_unreviewed
forbid	SYL-VOCAB-P029-R18	1	part_1_true_exam	ocr_consensus_unreviewed
force	SYL-VOCAB-P029-R19	1	part_1_true_exam	ocr_consensus_unreviewed
fore	SYL-VOCAB-P076-R27	1	part_2_zero_frequency	ocr_consensus_unreviewed
forecast	SYL-VOCAB-P029-R20	1	part_1_true_exam	ocr_consensus_unreviewed
forehead	SYL-VOCAB-P076-R28	1	part_2_zero_frequency	ocr_consensus_unreviewed
foreign	SYL-VOCAB-P029-R21	1	part_1_true_exam	ocr_consensus_unreviewed
foreigner	SYL-VOCAB-P029-R22	1	part_1_true_exam	ocr_consensus_unreviewed
foremost	SYL-VOCAB-P029-R23	1	part_1_true_exam	ocr_consensus_unreviewed
foresee	SYL-VOCAB-P029-R24	1	part_1_true_exam	ocr_consensus_unreviewed
forest	SYL-VOCAB-P029-R25	1	part_1_true_exam	ocr_consensus_unreviewed
forever	SYL-VOCAB-P029-R26	1	part_1_true_exam	ocr_consensus_unreviewed
forge	SYL-VOCAB-P029-R27	1	part_1_true_exam	ocr_consensus_unreviewed
forget	SYL-VOCAB-P029-R28	1	part_1_true_exam	ocr_consensus_unreviewed
forgive	SYL-VOCAB-P029-R29	1	part_1_true_exam	ocr_consensus_unreviewed
fork	SYL-VOCAB-P029-R30	1	part_1_true_exam	ocr_consensus_unreviewed
form	SYL-VOCAB-P029-R31	1	part_1_true_exam	ocr_consensus_unreviewed
formal	SYL-VOCAB-P029-R32	1	part_1_true_exam	ocr_consensus_unreviewed
format	SYL-VOCAB-P030-L01	1	part_1_true_exam	ocr_consensus_unreviewed
formation	SYL-VOCAB-P030-L02	1	part_1_true_exam	ocr_consensus_unreviewed
former	SYL-VOCAB-P030-L03	1	part_1_true_exam	ocr_consensus_unreviewed
formidable	SYL-VOCAB-P030-L04	1	part_1_true_exam	ocr_consensus_unreviewed
formula	SYL-VOCAB-P030-L05	1	part_1_true_exam	ocr_consensus_unreviewed
formulate	SYL-VOCAB-P030-L06	1	part_1_true_exam	ocr_consensus_unreviewed
forsake	SYL-VOCAB-P089-L21	1	part_3_beyond_syllabus	ocr_consensus_unreviewed
forth	SYL-VOCAB-P030-L07	1	part_1_true_exam	ocr_consensus_unreviewed
forthcoming	SYL-VOCAB-P076-R29	1	part_2_zero_frequency	ocr_consensus_unreviewed
fortnight	SYL-VOCAB-P076-R30	1	part_2_zero_frequency	ocr_consensus_unreviewed
fortunate	SYL-VOCAB-P030-L08	1	part_1_true_exam	ocr_consensus_unreviewed
fortune	SYL-VOCAB-P030-L09	1	part_1_true_exam	ocr_consensus_unreviewed
forty	SYL-VOCAB-P030-L10	1	part_1_true_exam	ocr_consensus_unreviewed
forum	SYL-VOCAB-P030-L11	1	part_1_true_exam	ocr_consensus_unreviewed
forward	SYL-VOCAB-P030-L12	1	part_1_true_exam	ocr_consensus_unreviewed
fossil	SYL-VOCAB-P030-L13	1	part_1_true_exam	ocr_consensus_unreviewed
foster	SYL-VOCAB-P030-L14	1	part_1_true_exam	ocr_consensus_unreviewed
foul	SYL-VOCAB-P076-R31	1	part_2_zero_frequency	ocr_consensus_unreviewed
found	SYL-VOCAB-P030-L15	1	part_1_true_exam	ocr_consensus_unreviewed
foundation	SYL-VOCAB-P030-L16	1	part_1_true_exam	ocr_consensus_unreviewed
fountain	SYL-VOCAB-P076-R32	1	part_2_zero_frequency	ocr_consensus_unreviewed
four	SYL-VOCAB-P030-L17	1	part_1_true_exam	ocr_consensus_unreviewed
fourteen	SYL-VOCAB-P030-L18	1	part_1_true_exam	ocr_consensus_unreviewed
fox	SYL-VOCAB-P076-R33	1	part_2_zero_frequency	ocr_consensus_unreviewed
fraction	SYL-VOCAB-P030-L19	1	part_1_true_exam	ocr_consensus_unreviewed
fracture	SYL-VOCAB-P076-R34	1	part_2_zero_frequency	ocr_consensus_unreviewed
fragile	SYL-VOCAB-P030-L20	1	part_1_true_exam	ocr_consensus_unreviewed
fragment	SYL-VOCAB-P030-L21	1	part_1_true_exam	ocr_consensus_unreviewed
fragrant	SYL-VOCAB-P076-R35	1	part_2_zero_frequency	ocr_consensus_unreviewed
frame	SYL-VOCAB-P030-L22	1	part_1_true_exam	ocr_consensus_unreviewed
framework	SYL-VOCAB-P030-L23	1	part_1_true_exam	ocr_consensus_unreviewed
franchise	SYL-VOCAB-P077-L01	1	part_2_zero_frequency	ocr_consensus_unreviewed
frank	SYL-VOCAB-P030-L24	1	part_1_true_exam	ocr_consensus_unreviewed
fraud	SYL-VOCAB-P076-R36	1	part_2_zero_frequency	ocr_consensus_unreviewed
free	SYL-VOCAB-P030-L25	1	part_1_true_exam	ocr_consensus_unreviewed
freedom	SYL-VOCAB-P030-L26	1	part_1_true_exam	ocr_consensus_unreviewed
freelance	SYL-VOCAB-P077-L02	1	part_2_zero_frequency	ocr_consensus_unreviewed
freeze	SYL-VOCAB-P030-L27	1	part_1_true_exam	ocr_consensus_unreviewed
freight	SYL-VOCAB-P030-L28	1	part_1_true_exam	ocr_consensus_unreviewed
frenzy	SYL-VOCAB-P089-L22	1	part_3_beyond_syllabus	ocr_consensus_unreviewed
frequency	SYL-VOCAB-P030-L29	1	part_1_true_exam	ocr_consensus_unreviewed
frequent	SYL-VOCAB-P030-L30	1	part_1_true_exam	ocr_consensus_unreviewed
fresh	SYL-VOCAB-P030-L31	1	part_1_true_exam	ocr_consensus_unreviewed
friction	SYL-VOCAB-P077-L03	1	part_2_zero_frequency	ocr_consensus_unreviewed
friday	SYL-VOCAB-P077-L04	1	part_2_zero_frequency	ocr_consensus_unreviewed
fridge	SYL-VOCAB-P077-L05	1	part_2_zero_frequency	ocr_consensus_unreviewed
friend	SYL-VOCAB-P030-L32	1	part_1_true_exam	ocr_consensus_unreviewed
friendly	SYL-VOCAB-P030-L33	1	part_1_true_exam	ocr_consensus_unreviewed
friendship	SYL-VOCAB-P030-R01	1	part_1_true_exam	ocr_consensus_unreviewed
fright	SYL-VOCAB-P077-L06	1	part_2_zero_frequency	ocr_consensus_unreviewed
frighten	SYL-VOCAB-P030-R02	1	part_1_true_exam	ocr_consensus_unreviewed
fringe	SYL-VOCAB-P077-L07	1	part_2_zero_frequency	ocr_consensus_unreviewed
frog	SYL-VOCAB-P077-L08	1	part_2_zero_frequency	ocr_consensus_unreviewed
from	SYL-VOCAB-P030-R03	1	part_1_true_exam	ocr_consensus_unreviewed
front	SYL-VOCAB-P030-R04	1	part_1_true_exam	ocr_consensus_unreviewed
frontier	SYL-VOCAB-P030-R05	1	part_1_true_exam	ocr_consensus_unreviewed
frost	SYL-VOCAB-P077-L09	1	part_2_zero_frequency	ocr_consensus_unreviewed
frown	SYL-VOCAB-P030-R06	1	part_1_true_exam	ocr_consensus_unreviewed
fruit	SYL-VOCAB-P030-R07	1	part_1_true_exam	ocr_consensus_unreviewed
fruitful	SYL-VOCAB-P030-R08	1	part_1_true_exam	ocr_consensus_unreviewed
frustrate	SYL-VOCAB-P030-R09	1	part_1_true_exam	ocr_consensus_unreviewed
fry	SYL-VOCAB-P077-L10	1	part_2_zero_frequency	ocr_consensus_unreviewed
fuel	SYL-VOCAB-P030-R10	1	part_1_true_exam	ocr_consensus_unreviewed
fulfill	SYL-VOCAB-P030-R11	1	part_1_true_exam	ocr_consensus_unreviewed
full	SYL-VOCAB-P030-R12	1	part_1_true_exam	ocr_consensus_unreviewed
fume	SYL-VOCAB-P030-R13	1	part_1_true_exam	ocr_consensus_unreviewed
fun	SYL-VOCAB-P030-R14	1	part_1_true_exam	ocr_consensus_unreviewed
function	SYL-VOCAB-P030-R15	1	part_1_true_exam	ocr_consensus_unreviewed
fund	SYL-VOCAB-P030-R16	1	part_1_true_exam	ocr_consensus_unreviewed
fundamental	SYL-VOCAB-P030-R17	1	part_1_true_exam	ocr_consensus_unreviewed
funeral	SYL-VOCAB-P030-R18	1	part_1_true_exam	ocr_consensus_unreviewed
funny	SYL-VOCAB-P030-R19	1	part_1_true_exam	ocr_consensus_unreviewed
fur	SYL-VOCAB-P030-R20	1	part_1_true_exam	ocr_consensus_unreviewed
furious	SYL-VOCAB-P030-R21	1	part_1_true_exam	ocr_consensus_unreviewed
furnace	SYL-VOCAB-P077-L11	1	part_2_zero_frequency	ocr_consensus_unreviewed
furnish	SYL-VOCAB-P030-R22	1	part_1_true_exam	ocr_consensus_unreviewed
furniture	SYL-VOCAB-P030-R23	1	part_1_true_exam	ocr_consensus_unreviewed
further	SYL-VOCAB-P030-R24	1	part_1_true_exam	ocr_consensus_unreviewed
furthermore	SYL-VOCAB-P030-R25	1	part_1_true_exam	ocr_consensus_unreviewed
fuse	SYL-VOCAB-P077-L12	1	part_2_zero_frequency	ocr_consensus_unreviewed
fuss	SYL-VOCAB-P030-R26	1	part_1_true_exam	ocr_consensus_unreviewed
futile	SYL-VOCAB-P077-L13	1	part_2_zero_frequency	ocr_consensus_unreviewed
future	SYL-VOCAB-P030-R27	1	part_1_true_exam	ocr_consensus_unreviewed
gain	SYL-VOCAB-P030-R28	1	part_1_true_exam	ocr_consensus_unreviewed
galaxy	SYL-VOCAB-P030-R29	1	part_1_true_exam	ocr_consensus_unreviewed
gallery	SYL-VOCAB-P030-R30	1	part_1_true_exam	ocr_consensus_unreviewed
gallon	SYL-VOCAB-P077-L14	1	part_2_zero_frequency	ocr_consensus_unreviewed
gallop	SYL-VOCAB-P077-L15	1	part_2_zero_frequency	ocr_consensus_unreviewed
gamble	SYL-VOCAB-P030-R31	1	part_1_true_exam	ocr_consensus_unreviewed
game	SYL-VOCAB-P030-R32	1	part_1_true_exam	ocr_consensus_unreviewed
gang	SYL-VOCAB-P077-L16	1	part_2_zero_frequency	ocr_consensus_unreviewed
gaol	SYL-VOCAB-P077-L17	1	part_2_zero_frequency	ocr_consensus_unreviewed
gap	SYL-VOCAB-P031-L01	1	part_1_true_exam	ocr_consensus_unreviewed
gape	SYL-VOCAB-P089-L23	1	part_3_beyond_syllabus	ocr_consensus_unreviewed
garage	SYL-VOCAB-P077-L18	1	part_2_zero_frequency	ocr_consensus_unreviewed
garbage	SYL-VOCAB-P031-L02	1	part_1_true_exam	ocr_consensus_unreviewed
garden	SYL-VOCAB-P031-L03	1	part_1_true_exam	ocr_consensus_unreviewed
garlic	SYL-VOCAB-P077-L19	1	part_2_zero_frequency	ocr_consensus_unreviewed
garment	SYL-VOCAB-P031-L04	1	part_1_true_exam	ocr_consensus_unreviewed
gas	SYL-VOCAB-P031-L05	1	part_1_true_exam	ocr_consensus_unreviewed
gasoline	SYL-VOCAB-P077-L20	1	part_2_zero_frequency	ocr_consensus_unreviewed
gasp	SYL-VOCAB-P077-L21	1	part_2_zero_frequency	ocr_consensus_unreviewed
gate	SYL-VOCAB-P031-L06	1	part_1_true_exam	ocr_consensus_unreviewed
gather	SYL-VOCAB-P031-L07	1	part_1_true_exam	ocr_consensus_unreviewed
gauge	SYL-VOCAB-P077-L22	1	part_2_zero_frequency	ocr_consensus_unreviewed
gay	SYL-VOCAB-P077-L23	1	part_2_zero_frequency	ocr_consensus_unreviewed
gaze	SYL-VOCAB-P031-L08	1	part_1_true_exam	ocr_consensus_unreviewed
gear	SYL-VOCAB-P077-L24	1	part_2_zero_frequency	ocr_consensus_unreviewed
gender	SYL-VOCAB-P031-L09	1	part_1_true_exam	ocr_consensus_unreviewed
gene	SYL-VOCAB-P031-L10	1	part_1_true_exam	ocr_consensus_unreviewed
general	SYL-VOCAB-P031-L11	1	part_1_true_exam	ocr_consensus_unreviewed
generalize	SYL-VOCAB-P031-L12	1	part_1_true_exam	ocr_consensus_unreviewed
generate	SYL-VOCAB-P031-L13	1	part_1_true_exam	ocr_consensus_unreviewed
generation	SYL-VOCAB-P031-L14	1	part_1_true_exam	ocr_consensus_unreviewed
generous	SYL-VOCAB-P031-L15	1	part_1_true_exam	ocr_consensus_unreviewed
genetic	SYL-VOCAB-P031-L16	1	part_1_true_exam	ocr_consensus_unreviewed
genius	SYL-VOCAB-P031-L17	1	part_1_true_exam	ocr_consensus_unreviewed
genre	SYL-VOCAB-P031-L18	1	part_1_true_exam	ocr_consensus_unreviewed
gentle	SYL-VOCAB-P077-L25	1	part_2_zero_frequency	ocr_consensus_unreviewed
gentleman	SYL-VOCAB-P031-L19	1	part_1_true_exam	ocr_consensus_unreviewed
gently	SYL-VOCAB-P077-L26	1	part_2_zero_frequency	ocr_consensus_unreviewed
genuine	SYL-VOCAB-P031-L20	1	part_1_true_exam	ocr_consensus_unreviewed
geography	SYL-VOCAB-P031-L21	1	part_1_true_exam	ocr_consensus_unreviewed
geology	SYL-VOCAB-P031-L22	1	part_1_true_exam	ocr_consensus_unreviewed
geometry	SYL-VOCAB-P031-L23	1	part_1_true_exam	ocr_consensus_unreviewed
germ	SYL-VOCAB-P077-L27	1	part_2_zero_frequency	ocr_consensus_unreviewed
gesture	SYL-VOCAB-P077-L28	1	part_2_zero_frequency	ocr_consensus_unreviewed
get	SYL-VOCAB-P031-L24	1	part_1_true_exam	ocr_consensus_unreviewed
ghost	SYL-VOCAB-P031-L25	1	part_1_true_exam	ocr_consensus_unreviewed
giant	SYL-VOCAB-P031-L26	1	part_1_true_exam	ocr_consensus_unreviewed
gift	SYL-VOCAB-P031-L27	1	part_1_true_exam	ocr_consensus_unreviewed
gigantic	SYL-VOCAB-P031-L28	1	part_1_true_exam	ocr_consensus_unreviewed
giggle	SYL-VOCAB-P077-L29	1	part_2_zero_frequency	ocr_consensus_unreviewed
girl	SYL-VOCAB-P031-L29	1	part_1_true_exam	ocr_consensus_unreviewed
give	SYL-VOCAB-P031-L30	1	part_1_true_exam	ocr_consensus_unreviewed
glacier	SYL-VOCAB-P031-L31	1	part_1_true_exam	ocr_consensus_unreviewed
glad	SYL-VOCAB-P077-L30	1	part_2_zero_frequency	ocr_consensus_unreviewed
glamor	SYL-VOCAB-P031-L32	1	part_1_true_exam	ocr_consensus_unreviewed
glance	SYL-VOCAB-P031-L33	1	part_1_true_exam	ocr_consensus_unreviewed
glare	SYL-VOCAB-P031-L34	1	part_1_true_exam	ocr_consensus_unreviewed
glass	SYL-VOCAB-P031-L35	1	part_1_true_exam	ocr_consensus_unreviewed
glide	SYL-VOCAB-P077-L31	1	part_2_zero_frequency	ocr_consensus_unreviewed
glimpse	SYL-VOCAB-P031-R01	1	part_1_true_exam	ocr_consensus_unreviewed
glitter	SYL-VOCAB-P077-L32	1	part_2_zero_frequency	ocr_consensus_unreviewed
global	SYL-VOCAB-P031-R02	1	part_1_true_exam	verified_manual_visual
globe	SYL-VOCAB-P031-R03	1	part_1_true_exam	ocr_consensus_unreviewed
gloomy	SYL-VOCAB-P031-R04	1	part_1_true_exam	ocr_consensus_unreviewed
glorious	SYL-VOCAB-P077-L33	1	part_2_zero_frequency	ocr_consensus_unreviewed
glory	SYL-VOCAB-P031-R05	1	part_1_true_exam	ocr_consensus_unreviewed
glove	SYL-VOCAB-P031-R06	1	part_1_true_exam	ocr_consensus_unreviewed
glow	SYL-VOCAB-P031-R07	1	part_1_true_exam	ocr_consensus_unreviewed
glue	SYL-VOCAB-P031-R08	1	part_1_true_exam	ocr_consensus_unreviewed
go	SYL-VOCAB-P031-R09	1	part_1_true_exam	ocr_consensus_unreviewed
go astray	SYL-VOCAB-P089-L24	1	part_3_beyond_syllabus	ocr_consensus_unreviewed
goal	SYL-VOCAB-P031-R10	1	part_1_true_exam	ocr_consensus_unreviewed
goat	SYL-VOCAB-P077-L34	1	part_2_zero_frequency	ocr_consensus_unreviewed
god	SYL-VOCAB-P031-R11	1	part_1_true_exam	ocr_consensus_unreviewed
gold	SYL-VOCAB-P031-R12	1	part_1_true_exam	ocr_consensus_unreviewed
golden	SYL-VOCAB-P031-R13	1	part_1_true_exam	ocr_consensus_unreviewed
golf	SYL-VOCAB-P077-L35	1	part_2_zero_frequency	ocr_consensus_unreviewed
good	SYL-VOCAB-P031-R14	1	part_1_true_exam	ocr_consensus_unreviewed
goodby	SYL-VOCAB-P077-L36	1	part_2_zero_frequency	ocr_consensus_unreviewed
goodness	SYL-VOCAB-P031-R15	1	part_1_true_exam	ocr_consensus_unreviewed
goods	SYL-VOCAB-P031-R16	1	part_1_true_exam	ocr_consensus_unreviewed
goose	SYL-VOCAB-P077-L37	1	part_2_zero_frequency	ocr_consensus_unreviewed
gorgeous	SYL-VOCAB-P077-L38	1	part_2_zero_frequency	ocr_consensus_unreviewed
gossip	SYL-VOCAB-P031-R17	1	part_1_true_exam	ocr_consensus_unreviewed
govern	SYL-VOCAB-P031-R18	1	part_1_true_exam	ocr_consensus_unreviewed
government	SYL-VOCAB-P031-R19	1	part_1_true_exam	ocr_consensus_unreviewed
governor	SYL-VOCAB-P031-R20	1	part_1_true_exam	ocr_consensus_unreviewed
gown	SYL-VOCAB-P077-L39	1	part_2_zero_frequency	ocr_consensus_unreviewed
grab	SYL-VOCAB-P031-R21	1	part_1_true_exam	ocr_consensus_unreviewed
grace	SYL-VOCAB-P031-R22	1	part_1_true_exam	ocr_consensus_unreviewed
graceful	SYL-VOCAB-P077-L40	1	part_2_zero_frequency	ocr_consensus_unreviewed
gracious	SYL-VOCAB-P077-R01	1	part_2_zero_frequency	ocr_consensus_unreviewed
grade	SYL-VOCAB-P031-R23	1	part_1_true_exam	ocr_consensus_unreviewed
gradual	SYL-VOCAB-P031-R24	1	part_1_true_exam	ocr_consensus_unreviewed
graduate	SYL-VOCAB-P031-R25	1	part_1_true_exam	ocr_consensus_unreviewed
grain	SYL-VOCAB-P031-R26	1	part_1_true_exam	ocr_consensus_unreviewed
gram/gramme	SYL-VOCAB-P077-R02	1	part_2_zero_frequency	ocr_consensus_unreviewed
grammar	SYL-VOCAB-P031-R27	1	part_1_true_exam	ocr_consensus_unreviewed
grand	SYL-VOCAB-P031-R28	1	part_1_true_exam	ocr_consensus_unreviewed
grandmother	SYL-VOCAB-P031-R29	1	part_1_true_exam	ocr_consensus_unreviewed
granite	SYL-VOCAB-P089-L25	1	part_3_beyond_syllabus	ocr_consensus_unreviewed
grant	SYL-VOCAB-P031-R30	1	part_1_true_exam	ocr_consensus_unreviewed
grape	SYL-VOCAB-P031-R31	1	part_1_true_exam	ocr_consensus_unreviewed
graph	SYL-VOCAB-P031-R32	1	part_1_true_exam	ocr_consensus_unreviewed
graphic	SYL-VOCAB-P077-R03	1	part_2_zero_frequency	ocr_consensus_unreviewed
grasp	SYL-VOCAB-P031-R33	1	part_1_true_exam	ocr_consensus_unreviewed
grass	SYL-VOCAB-P077-R04	1	part_2_zero_frequency	ocr_consensus_unreviewed
grateful	SYL-VOCAB-P031-R34	1	part_1_true_exam	ocr_consensus_unreviewed
gratification	SYL-VOCAB-P089-L26	1	part_3_beyond_syllabus	ocr_consensus_unreviewed
gratitude	SYL-VOCAB-P031-R35	1	part_1_true_exam	ocr_consensus_unreviewed
grave	SYL-VOCAB-P031-R36	1	part_1_true_exam	ocr_consensus_unreviewed
gravity	SYL-VOCAB-P031-R37	1	part_1_true_exam	ocr_consensus_unreviewed
graze	SYL-VOCAB-P077-R05	1	part_2_zero_frequency	ocr_consensus_unreviewed
grease	SYL-VOCAB-P077-R06	1	part_2_zero_frequency	ocr_consensus_unreviewed
great	SYL-VOCAB-P032-L01	1	part_1_true_exam	ocr_consensus_unreviewed
greedy	SYL-VOCAB-P032-L02	1	part_1_true_exam	ocr_consensus_unreviewed
green	SYL-VOCAB-P032-L03	1	part_1_true_exam	verified_manual_visual
greenhouse	SYL-VOCAB-P032-L04	1	part_1_true_exam	ocr_consensus_unreviewed
greet	SYL-VOCAB-P077-R07	1	part_2_zero_frequency	ocr_consensus_unreviewed
greeting	SYL-VOCAB-P032-L05	1	part_1_true_exam	ocr_consensus_unreviewed
grey	SYL-VOCAB-P032-L06	1	part_1_true_exam	ocr_consensus_unreviewed
grief	SYL-VOCAB-P077-R08	1	part_2_zero_frequency	ocr_consensus_unreviewed
grieve	SYL-VOCAB-P032-L07	1	part_1_true_exam	ocr_consensus_unreviewed
grim	SYL-VOCAB-P077-R09	1	part_2_zero_frequency	ocr_consensus_unreviewed
grin	SYL-VOCAB-P077-R10	1	part_2_zero_frequency	ocr_consensus_unreviewed
grind	SYL-VOCAB-P077-R11	1	part_2_zero_frequency	ocr_consensus_unreviewed
grip	SYL-VOCAB-P032-L08	1	part_1_true_exam	ocr_consensus_unreviewed
groan	SYL-VOCAB-P032-L09	1	part_1_true_exam	ocr_consensus_unreviewed
grocer	SYL-VOCAB-P032-L10	1	part_1_true_exam	ocr_consensus_unreviewed
groom	SYL-VOCAB-P089-L27	1	part_3_beyond_syllabus	ocr_consensus_unreviewed
grope	SYL-VOCAB-P077-R12	1	part_2_zero_frequency	ocr_consensus_unreviewed
gross	SYL-VOCAB-P032-L11	1	part_1_true_exam	ocr_consensus_unreviewed
ground	SYL-VOCAB-P032-L12	1	part_1_true_exam	ocr_consensus_unreviewed
group	SYL-VOCAB-P032-L13	1	part_1_true_exam	ocr_consensus_unreviewed
grow	SYL-VOCAB-P032-L14	1	part_1_true_exam	ocr_consensus_unreviewed
grown-up	SYL-VOCAB-P077-R13	1	part_2_zero_frequency	ocr_consensus_unreviewed
growth	SYL-VOCAB-P032-L15	1	part_1_true_exam	ocr_consensus_unreviewed
guarantee	SYL-VOCAB-P032-L16	1	part_1_true_exam	ocr_consensus_unreviewed
guard	SYL-VOCAB-P032-L17	1	part_1_true_exam	ocr_consensus_unreviewed
guess	SYL-VOCAB-P032-L18	1	part_1_true_exam	ocr_consensus_unreviewed
guest	SYL-VOCAB-P077-R14	1	part_2_zero_frequency	ocr_consensus_unreviewed
guidance	SYL-VOCAB-P032-L19	1	part_1_true_exam	ocr_consensus_unreviewed
guide	SYL-VOCAB-P032-L20	1	part_1_true_exam	ocr_consensus_unreviewed
guideline	SYL-VOCAB-P032-L21	1	part_1_true_exam	ocr_consensus_unreviewed
guild	SYL-VOCAB-P032-L22	1	part_1_true_exam	ocr_consensus_unreviewed
guilt	SYL-VOCAB-P032-L23	1	part_1_true_exam	ocr_consensus_unreviewed
guilty	SYL-VOCAB-P032-L24	1	part_1_true_exam	ocr_consensus_unreviewed
guitar	SYL-VOCAB-P077-R15	1	part_2_zero_frequency	ocr_consensus_unreviewed
gulf	SYL-VOCAB-P077-R16	1	part_2_zero_frequency	ocr_consensus_unreviewed
gum	SYL-VOCAB-P032-L25	1	part_1_true_exam	ocr_consensus_unreviewed
gun	SYL-VOCAB-P032-L26	1	part_1_true_exam	ocr_consensus_unreviewed
gut	SYL-VOCAB-P077-R17	1	part_2_zero_frequency	ocr_consensus_unreviewed
guy	SYL-VOCAB-P032-L27	1	part_1_true_exam	ocr_consensus_unreviewed
gymnasium	SYL-VOCAB-P077-R18	1	part_2_zero_frequency	ocr_consensus_unreviewed
habit	SYL-VOCAB-P032-L28	1	part_1_true_exam	ocr_consensus_unreviewed
habitat	SYL-VOCAB-P032-L29	1	part_1_true_exam	ocr_consensus_unreviewed
hail	SYL-VOCAB-P032-L30	1	part_1_true_exam	ocr_consensus_unreviewed
hair	SYL-VOCAB-P032-L31	1	part_1_true_exam	ocr_consensus_unreviewed
half	SYL-VOCAB-P032-L32	1	part_1_true_exam	ocr_consensus_unreviewed
hall	SYL-VOCAB-P032-R01	1	part_1_true_exam	ocr_consensus_unreviewed
halo	SYL-VOCAB-P089-L28	1	part_3_beyond_syllabus	ocr_consensus_unreviewed
halt	SYL-VOCAB-P077-R19	1	part_2_zero_frequency	ocr_consensus_unreviewed
ham	SYL-VOCAB-P077-R20	1	part_2_zero_frequency	ocr_consensus_unreviewed
hamburger	SYL-VOCAB-P032-R02	1	part_1_true_exam	ocr_consensus_unreviewed
hamlet	SYL-VOCAB-P089-L29	1	part_3_beyond_syllabus	ocr_consensus_unreviewed
hammer	SYL-VOCAB-P077-R21	1	part_2_zero_frequency	ocr_consensus_unreviewed
hamper	SYL-VOCAB-P032-R03	1	part_1_true_exam	ocr_consensus_unreviewed
hand	SYL-VOCAB-P032-R04	1	part_1_true_exam	ocr_consensus_unreviewed
handbook	SYL-VOCAB-P077-R22	1	part_2_zero_frequency	ocr_consensus_unreviewed
handful	SYL-VOCAB-P032-R05	1	part_1_true_exam	ocr_consensus_unreviewed
handicap	SYL-VOCAB-P032-R06	1	part_1_true_exam	ocr_consensus_unreviewed
handkerchief	SYL-VOCAB-P077-R23	1	part_2_zero_frequency	ocr_consensus_unreviewed
handle	SYL-VOCAB-P032-R07	1	part_1_true_exam	ocr_consensus_unreviewed
handsome	SYL-VOCAB-P032-R08	1	part_1_true_exam	ocr_consensus_unreviewed
handwriting	SYL-VOCAB-P032-R09	1	part_1_true_exam	ocr_consensus_unreviewed
handy	SYL-VOCAB-P077-R24	1	part_2_zero_frequency	ocr_consensus_unreviewed
hang	SYL-VOCAB-P077-R25	1	part_2_zero_frequency	pending_review_only
happen	SYL-VOCAB-P032-R10	1	part_1_true_exam	ocr_consensus_unreviewed
happy	SYL-VOCAB-P032-R11	1	part_1_true_exam	ocr_consensus_unreviewed
harassment	SYL-VOCAB-P077-R26	1	part_2_zero_frequency	pending_review_only
harbor	SYL-VOCAB-P032-R12	1	part_1_true_exam	ocr_consensus_unreviewed
hard	SYL-VOCAB-P032-R13	1	part_1_true_exam	ocr_consensus_unreviewed
harden	SYL-VOCAB-P032-R14	1	part_1_true_exam	ocr_consensus_unreviewed
hardly	SYL-VOCAB-P032-R15	1	part_1_true_exam	ocr_consensus_unreviewed
hardship	SYL-VOCAB-P032-R16	1	part_1_true_exam	ocr_consensus_unreviewed
hardware	SYL-VOCAB-P032-R17	1	part_1_true_exam	ocr_consensus_unreviewed
harm	SYL-VOCAB-P032-R18	1	part_1_true_exam	ocr_consensus_unreviewed
harmony	SYL-VOCAB-P032-R19	1	part_1_true_exam	ocr_consensus_unreviewed
harness	SYL-VOCAB-P032-R20	1	part_1_true_exam	ocr_consensus_unreviewed
harsh	SYL-VOCAB-P032-R21	1	part_1_true_exam	ocr_consensus_unreviewed
harvest	SYL-VOCAB-P032-R22	1	part_1_true_exam	ocr_consensus_unreviewed
haste	SYL-VOCAB-P032-R23	1	part_1_true_exam	ocr_consensus_unreviewed
hasty	SYL-VOCAB-P032-R24	1	part_1_true_exam	ocr_consensus_unreviewed
hat	SYL-VOCAB-P077-R27	1	part_2_zero_frequency	pending_review_only
hatch	SYL-VOCAB-P077-R28	1	part_2_zero_frequency	pending_review_only
hate	SYL-VOCAB-P032-R25	1	part_1_true_exam	ocr_consensus_unreviewed
hatred	SYL-VOCAB-P032-R26	1	part_1_true_exam	ocr_consensus_unreviewed
haul	SYL-VOCAB-P077-R29	1	part_2_zero_frequency	pending_review_only
have	SYL-VOCAB-P032-R27	1	part_1_true_exam	ocr_consensus_unreviewed
hawk	SYL-VOCAB-P032-R28	1	part_1_true_exam	ocr_consensus_unreviewed
hay	SYL-VOCAB-P077-R30	1	part_2_zero_frequency	pending_review_only
hazard	SYL-VOCAB-P032-R29	1	part_1_true_exam	ocr_consensus_unreviewed
hazy	SYL-VOCAB-P089-L30	1	part_3_beyond_syllabus	ocr_consensus_unreviewed
he	SYL-VOCAB-P032-R30	1	part_1_true_exam	ocr_consensus_unreviewed
head	SYL-VOCAB-P032-R31	1	part_1_true_exam	ocr_consensus_unreviewed
headache	SYL-VOCAB-P032-R32	1	part_1_true_exam	ocr_consensus_unreviewed
heading	SYL-VOCAB-P032-R33	1	part_1_true_exam	ocr_consensus_unreviewed
headline	SYL-VOCAB-P032-R34	1	part_1_true_exam	ocr_consensus_unreviewed
headlong	SYL-VOCAB-P089-L31	1	part_3_beyond_syllabus	ocr_consensus_unreviewed
headmaster	SYL-VOCAB-P077-R31	1	part_2_zero_frequency	pending_review_only
headquarters	SYL-VOCAB-P077-R32	1	part_2_zero_frequency	pending_review_only
heal	SYL-VOCAB-P033-L01	1	part_1_true_exam	ocr_consensus_unreviewed
health	SYL-VOCAB-P033-L02	1	part_1_true_exam	ocr_consensus_unreviewed
healthy	SYL-VOCAB-P033-L03	1	part_1_true_exam	verified_manual_visual
heap	SYL-VOCAB-P077-R33	1	part_2_zero_frequency	pending_review_only
hear	SYL-VOCAB-P033-L04	1	part_1_true_exam	ocr_consensus_unreviewed
hearing	SYL-VOCAB-P033-L05	1	part_1_true_exam	ocr_consensus_unreviewed
heart	SYL-VOCAB-P033-L06	1	part_1_true_exam	ocr_consensus_unreviewed
heat	SYL-VOCAB-P033-L07	1	part_1_true_exam	ocr_consensus_unreviewed
heave	SYL-VOCAB-P077-R34	1	part_2_zero_frequency	pending_review_only
heaven	SYL-VOCAB-P033-L08	1	part_1_true_exam	ocr_consensus_unreviewed
heavy	SYL-VOCAB-P033-L09	1	part_1_true_exam	ocr_consensus_unreviewed
hedge	SYL-VOCAB-P033-L10	1	part_1_true_exam	ocr_consensus_unreviewed
heel	SYL-VOCAB-P077-R35	1	part_2_zero_frequency	pending_review_only
height	SYL-VOCAB-P033-L11	1	part_1_true_exam	ocr_consensus_unreviewed
heighten	SYL-VOCAB-P033-L12	1	part_1_true_exam	ocr_consensus_unreviewed
heir	SYL-VOCAB-P077-R36	1	part_2_zero_frequency	pending_review_only
helicopter	SYL-VOCAB-P033-L13	1	part_1_true_exam	ocr_consensus_unreviewed
hell	SYL-VOCAB-P077-R37	1	part_2_zero_frequency	pending_review_only
hello	SYL-VOCAB-P033-L14	1	part_1_true_exam	ocr_consensus_unreviewed
helmet	SYL-VOCAB-P033-L15	1	part_1_true_exam	ocr_consensus_unreviewed
help	SYL-VOCAB-P033-L16	1	part_1_true_exam	ocr_consensus_unreviewed
helpful	SYL-VOCAB-P033-L17	1	part_1_true_exam	ocr_consensus_unreviewed
hemisphere	SYL-VOCAB-P033-L18	1	part_1_true_exam	ocr_consensus_unreviewed
hen	SYL-VOCAB-P077-R38	1	part_2_zero_frequency	pending_review_only
hence	SYL-VOCAB-P033-L21	1	part_1_true_exam	ocr_consensus_unreviewed
henceforth	SYL-VOCAB-P077-R39	1	part_2_zero_frequency	pending_review_only
her	SYL-VOCAB-P033-L22	1	part_1_true_exam	ocr_consensus_unreviewed
herald	SYL-VOCAB-P078-L01	1	part_2_zero_frequency	ocr_consensus_unreviewed
herb	SYL-VOCAB-P078-L02	1	part_2_zero_frequency	ocr_consensus_unreviewed
herd	SYL-VOCAB-P033-L23	1	part_1_true_exam	ocr_consensus_unreviewed
here	SYL-VOCAB-P033-L24	1	part_1_true_exam	ocr_consensus_unreviewed
heresy	SYL-VOCAB-P089-L32	1	part_3_beyond_syllabus	ocr_consensus_unreviewed
heritage	SYL-VOCAB-P033-L25	1	part_1_true_exam	verified_manual_visual
hero	SYL-VOCAB-P033-L26	1	part_1_true_exam	ocr_consensus_unreviewed
heroic	SYL-VOCAB-P078-L03	1	part_2_zero_frequency	ocr_consensus_unreviewed
heroin	SYL-VOCAB-P033-L27	1	part_1_true_exam	ocr_consensus_unreviewed
heroine	SYL-VOCAB-P078-L04	1	part_2_zero_frequency	ocr_consensus_unreviewed
hers	SYL-VOCAB-P033-L28	1	part_1_true_exam	ocr_consensus_unreviewed
herself	SYL-VOCAB-P033-L29	1	part_1_true_exam	ocr_consensus_unreviewed
hesitate	SYL-VOCAB-P033-L30	1	part_1_true_exam	ocr_consensus_unreviewed
hi	SYL-VOCAB-P078-L05	1	part_2_zero_frequency	ocr_consensus_unreviewed
hide	SYL-VOCAB-P033-L31	1	part_1_true_exam	ocr_consensus_unreviewed
hierarchy	SYL-VOCAB-P033-L32	1	part_1_true_exam	ocr_consensus_unreviewed
high	SYL-VOCAB-P033-L33	1	part_1_true_exam	ocr_consensus_unreviewed
highland	SYL-VOCAB-P078-L06	1	part_2_zero_frequency	ocr_consensus_unreviewed
highlight	SYL-VOCAB-P033-L34	1	part_1_true_exam	ocr_consensus_unreviewed
highly	SYL-VOCAB-P033-L35	1	part_1_true_exam	ocr_consensus_unreviewed
highway	SYL-VOCAB-P033-R01	1	part_1_true_exam	ocr_consensus_unreviewed
hijack	SYL-VOCAB-P033-R02	1	part_1_true_exam	ocr_consensus_unreviewed
hike	SYL-VOCAB-P078-L07	1	part_2_zero_frequency	ocr_consensus_unreviewed
hill	SYL-VOCAB-P033-R03	1	part_1_true_exam	ocr_consensus_unreviewed
him	SYL-VOCAB-P033-R04	1	part_1_true_exam	ocr_consensus_unreviewed
himself	SYL-VOCAB-P033-R05	1	part_1_true_exam	ocr_consensus_unreviewed
hinder	SYL-VOCAB-P033-R06	1	part_1_true_exam	ocr_consensus_unreviewed
hinge	SYL-VOCAB-P078-L08	1	part_2_zero_frequency	ocr_consensus_unreviewed
hint	SYL-VOCAB-P033-R07	1	part_1_true_exam	ocr_consensus_unreviewed
hip	SYL-VOCAB-P033-R08	1	part_1_true_exam	ocr_consensus_unreviewed
hire	SYL-VOCAB-P033-R09	1	part_1_true_exam	ocr_consensus_unreviewed
his	SYL-VOCAB-P033-R10	1	part_1_true_exam	ocr_consensus_unreviewed
historian	SYL-VOCAB-P033-R11	1	part_1_true_exam	ocr_consensus_unreviewed
historic	SYL-VOCAB-P033-R12	1	part_1_true_exam	ocr_consensus_unreviewed
historical	SYL-VOCAB-P033-R13	1	part_1_true_exam	verified_manual_visual
history	SYL-VOCAB-P033-R14	1	part_1_true_exam	ocr_consensus_unreviewed
hit	SYL-VOCAB-P033-R15	1	part_1_true_exam	ocr_consensus_unreviewed
hitherto	SYL-VOCAB-P033-R16	1	part_1_true_exam	ocr_consensus_unreviewed
hobby	SYL-VOCAB-P078-L09	1	part_2_zero_frequency	ocr_consensus_unreviewed
hoist	SYL-VOCAB-P078-L10	1	part_2_zero_frequency	ocr_consensus_unreviewed
hold	SYL-VOCAB-P033-R17	1	part_1_true_exam	ocr_consensus_unreviewed
holder	SYL-VOCAB-P033-R18	1	part_1_true_exam	ocr_consensus_unreviewed
hole	SYL-VOCAB-P033-R19	1	part_1_true_exam	ocr_consensus_unreviewed
holiday	SYL-VOCAB-P033-R20	1	part_1_true_exam	ocr_consensus_unreviewed
holistic	SYL-VOCAB-P089-L33	1	part_3_beyond_syllabus	ocr_consensus_unreviewed
hollow	SYL-VOCAB-P078-L11	1	part_2_zero_frequency	ocr_consensus_unreviewed
holy	SYL-VOCAB-P033-R21	1	part_1_true_exam	ocr_consensus_unreviewed
home	SYL-VOCAB-P033-R22	1	part_1_true_exam	ocr_consensus_unreviewed
homework	SYL-VOCAB-P033-R23	1	part_1_true_exam	ocr_consensus_unreviewed
homicide	SYL-VOCAB-P089-L34	1	part_3_beyond_syllabus	ocr_consensus_unreviewed
hominid	SYL-VOCAB-P089-L35	1	part_3_beyond_syllabus	ocr_consensus_unreviewed
homo sapiens	SYL-VOCAB-P089-L36	1	part_3_beyond_syllabus	ocr_consensus_unreviewed
homogeneous	SYL-VOCAB-P033-L19	1	part_1_true_exam	ocr_consensus_unreviewed
honest	SYL-VOCAB-P033-R24	1	part_1_true_exam	ocr_consensus_unreviewed
honey	SYL-VOCAB-P078-L12	1	part_2_zero_frequency	ocr_consensus_unreviewed
honor	SYL-VOCAB-P033-R25	1	part_1_true_exam	ocr_consensus_unreviewed
honorable	SYL-VOCAB-P078-L13	1	part_2_zero_frequency	ocr_consensus_unreviewed
hook	SYL-VOCAB-P033-R26	1	part_1_true_exam	ocr_consensus_unreviewed
hop	SYL-VOCAB-P078-L14	1	part_2_zero_frequency	ocr_consensus_unreviewed
hope	SYL-VOCAB-P033-R27	1	part_1_true_exam	ocr_consensus_unreviewed
hopeful	SYL-VOCAB-P033-R28	1	part_1_true_exam	ocr_consensus_unreviewed
horizon	SYL-VOCAB-P033-R29	1	part_1_true_exam	ocr_consensus_unreviewed
horizontal	SYL-VOCAB-P078-L15	1	part_2_zero_frequency	ocr_consensus_unreviewed
hormone	SYL-VOCAB-P033-R30	1	part_1_true_exam	ocr_consensus_unreviewed
horn	SYL-VOCAB-P078-L16	1	part_2_zero_frequency	ocr_consensus_unreviewed
horrible	SYL-VOCAB-P033-R31	1	part_1_true_exam	ocr_consensus_unreviewed
horror	SYL-VOCAB-P033-L20	1	part_1_true_exam	ocr_consensus_unreviewed
horse	SYL-VOCAB-P033-R32	1	part_1_true_exam	ocr_consensus_unreviewed
horsepower	SYL-VOCAB-P078-L17	1	part_2_zero_frequency	ocr_consensus_unreviewed
hose	SYL-VOCAB-P078-L18	1	part_2_zero_frequency	ocr_consensus_unreviewed
hospice	SYL-VOCAB-P089-L37	1	part_3_beyond_syllabus	ocr_consensus_unreviewed
hospital	SYL-VOCAB-P033-R33	1	part_1_true_exam	ocr_consensus_unreviewed
hospitality	SYL-VOCAB-P033-R34	1	part_1_true_exam	ocr_consensus_unreviewed
host	SYL-VOCAB-P033-R35	1	part_1_true_exam	ocr_consensus_unreviewed
hostage	SYL-VOCAB-P033-R36	1	part_1_true_exam	ocr_consensus_unreviewed
hostess	SYL-VOCAB-P078-L19	1	part_2_zero_frequency	ocr_consensus_unreviewed
hostile	SYL-VOCAB-P033-R37	1	part_1_true_exam	ocr_consensus_unreviewed
hot	SYL-VOCAB-P034-L01	1	part_1_true_exam	ocr_consensus_unreviewed
hotel	SYL-VOCAB-P034-L02	1	part_1_true_exam	ocr_consensus_unreviewed
hound	SYL-VOCAB-P078-L20	1	part_2_zero_frequency	ocr_consensus_unreviewed
hour	SYL-VOCAB-P034-L03	1	part_1_true_exam	ocr_consensus_unreviewed
house	SYL-VOCAB-P034-L04	1	part_1_true_exam	ocr_consensus_unreviewed
household	SYL-VOCAB-P034-L05	1	part_1_true_exam	ocr_consensus_unreviewed
housewife	SYL-VOCAB-P034-L06	1	part_1_true_exam	ocr_consensus_unreviewed
housework	SYL-VOCAB-P078-L21	1	part_2_zero_frequency	ocr_consensus_unreviewed
housing	SYL-VOCAB-P034-L07	1	part_1_true_exam	ocr_consensus_unreviewed
hover	SYL-VOCAB-P034-L08	1	part_1_true_exam	ocr_consensus_unreviewed
how	SYL-VOCAB-P034-L09	1	part_1_true_exam	ocr_consensus_unreviewed
however	SYL-VOCAB-P034-L10	1	part_1_true_exam	ocr_consensus_unreviewed
howl	SYL-VOCAB-P078-L22	1	part_2_zero_frequency	ocr_consensus_unreviewed
huddle	SYL-VOCAB-P078-L23	1	part_2_zero_frequency	ocr_consensus_unreviewed
hug	SYL-VOCAB-P034-L11	1	part_1_true_exam	ocr_consensus_unreviewed
huge	SYL-VOCAB-P034-L12	1	part_1_true_exam	ocr_consensus_unreviewed
hum	SYL-VOCAB-P034-L13	1	part_1_true_exam	ocr_consensus_unreviewed
human	SYL-VOCAB-P034-L14	1	part_1_true_exam	ocr_consensus_unreviewed
humanity	SYL-VOCAB-P034-L15	1	part_1_true_exam	ocr_consensus_unreviewed
humble	SYL-VOCAB-P034-L16	1	part_1_true_exam	ocr_consensus_unreviewed
humid	SYL-VOCAB-P078-L24	1	part_2_zero_frequency	ocr_consensus_unreviewed
humidity	SYL-VOCAB-P078-L25	1	part_2_zero_frequency	ocr_consensus_unreviewed
humiliate	SYL-VOCAB-P034-L17	1	part_1_true_exam	ocr_consensus_unreviewed
humor	SYL-VOCAB-P034-L18	1	part_1_true_exam	ocr_consensus_unreviewed
humorous	SYL-VOCAB-P034-L19	1	part_1_true_exam	ocr_consensus_unreviewed
hundred	SYL-VOCAB-P034-L20	1	part_1_true_exam	ocr_consensus_unreviewed
hunger	SYL-VOCAB-P034-L21	1	part_1_true_exam	ocr_consensus_unreviewed
hungry	SYL-VOCAB-P034-L22	1	part_1_true_exam	ocr_consensus_unreviewed
hunt	SYL-VOCAB-P034-L23	1	part_1_true_exam	ocr_consensus_unreviewed
hurl	SYL-VOCAB-P078-L26	1	part_2_zero_frequency	ocr_consensus_unreviewed
hurricane	SYL-VOCAB-P078-L27	1	part_2_zero_frequency	ocr_consensus_unreviewed
hurry	SYL-VOCAB-P034-L24	1	part_1_true_exam	ocr_consensus_unreviewed
hurt	SYL-VOCAB-P034-L25	1	part_1_true_exam	ocr_consensus_unreviewed
husband	SYL-VOCAB-P078-L28	1	part_2_zero_frequency	ocr_consensus_unreviewed
husbandry	SYL-VOCAB-P089-L38	1	part_3_beyond_syllabus	ocr_consensus_unreviewed
hut	SYL-VOCAB-P078-L29	1	part_2_zero_frequency	ocr_consensus_unreviewed
hybrid	SYL-VOCAB-P089-L39	1	part_3_beyond_syllabus	ocr_consensus_unreviewed
hydrogen	SYL-VOCAB-P034-L26	1	part_1_true_exam	ocr_consensus_unreviewed
hygiene	SYL-VOCAB-P078-L30	1	part_2_zero_frequency	ocr_consensus_unreviewed
hypocrisy	SYL-VOCAB-P034-L27	1	part_1_true_exam	ocr_consensus_unreviewed
hypothesis	SYL-VOCAB-P034-L28	1	part_1_true_exam	ocr_consensus_unreviewed
hysterical	SYL-VOCAB-P034-L29	1	part_1_true_exam	ocr_consensus_unreviewed
ice	SYL-VOCAB-P034-L30	1	part_1_true_exam	ocr_consensus_unreviewed
ice-cream	SYL-VOCAB-P078-L31	1	part_2_zero_frequency	ocr_consensus_unreviewed
idea	SYL-VOCAB-P034-L31	1	part_1_true_exam	ocr_consensus_unreviewed
ideal	SYL-VOCAB-P034-L32	1	part_1_true_exam	ocr_consensus_unreviewed
identical	SYL-VOCAB-P034-L33	1	part_1_true_exam	ocr_consensus_unreviewed
identification	SYL-VOCAB-P078-L32	1	part_2_zero_frequency	ocr_consensus_unreviewed
identify	SYL-VOCAB-P034-L34	1	part_1_true_exam	ocr_consensus_unreviewed
ideology	SYL-VOCAB-P034-R01	1	part_1_true_exam	ocr_consensus_unreviewed
idiom	SYL-VOCAB-P034-R02	1	part_1_true_exam	ocr_consensus_unreviewed
idiot	SYL-VOCAB-P078-L33	1	part_2_zero_frequency	ocr_consensus_unreviewed
idle	SYL-VOCAB-P034-R03	1	part_1_true_exam	ocr_consensus_unreviewed
if	SYL-VOCAB-P034-R04	1	part_1_true_exam	ocr_consensus_unreviewed
ignite	SYL-VOCAB-P078-L34	1	part_2_zero_frequency	ocr_consensus_unreviewed
ignorance	SYL-VOCAB-P034-R05	1	part_1_true_exam	ocr_consensus_unreviewed
ignorant	SYL-VOCAB-P034-R06	1	part_1_true_exam	ocr_consensus_unreviewed
ignore	SYL-VOCAB-P034-R07	1	part_1_true_exam	ocr_consensus_unreviewed
ill	SYL-VOCAB-P034-R08	1	part_1_true_exam	ocr_consensus_unreviewed
illegal	SYL-VOCAB-P034-R09	1	part_1_true_exam	ocr_consensus_unreviewed
illiterate	SYL-VOCAB-P034-R10	1	part_1_true_exam	ocr_consensus_unreviewed
illness	SYL-VOCAB-P034-R11	1	part_1_true_exam	ocr_consensus_unreviewed
illuminate	SYL-VOCAB-P034-R12	1	part_1_true_exam	ocr_consensus_unreviewed
illusion	SYL-VOCAB-P034-R13	1	part_1_true_exam	ocr_consensus_unreviewed
illustrate	SYL-VOCAB-P034-R14	1	part_1_true_exam	ocr_consensus_unreviewed
illustration	SYL-VOCAB-P034-R15	1	part_1_true_exam	ocr_consensus_unreviewed
image	SYL-VOCAB-P034-R16	1	part_1_true_exam	ocr_consensus_unreviewed
imaginary	SYL-VOCAB-P034-R19	1	part_1_true_exam	ocr_consensus_unreviewed
imagination	SYL-VOCAB-P034-R17	1	part_1_true_exam	ocr_consensus_unreviewed
imaginative	SYL-VOCAB-P034-R18	1	part_1_true_exam	ocr_consensus_unreviewed
imagine	SYL-VOCAB-P034-R20	1	part_1_true_exam	ocr_consensus_unreviewed
imitate	SYL-VOCAB-P034-R21	1	part_1_true_exam	ocr_consensus_unreviewed
imitation	SYL-VOCAB-P034-R22	1	part_1_true_exam	ocr_consensus_unreviewed
immediate	SYL-VOCAB-P034-R23	1	part_1_true_exam	ocr_consensus_unreviewed
immense	SYL-VOCAB-P034-R24	1	part_1_true_exam	ocr_consensus_unreviewed
immerse	SYL-VOCAB-P078-L35	1	part_2_zero_frequency	ocr_consensus_unreviewed
immigrant	SYL-VOCAB-P034-R25	1	part_1_true_exam	ocr_consensus_unreviewed
immune	SYL-VOCAB-P034-R26	1	part_1_true_exam	ocr_consensus_unreviewed
impact	SYL-VOCAB-P034-R27	1	part_1_true_exam	ocr_consensus_unreviewed
impair	SYL-VOCAB-P034-R28	1	part_1_true_exam	ocr_consensus_unreviewed
impart	SYL-VOCAB-P078-L36	1	part_2_zero_frequency	ocr_consensus_unreviewed
impatient	SYL-VOCAB-P034-R29	1	part_1_true_exam	ocr_consensus_unreviewed
imperative	SYL-VOCAB-P034-R30	1	part_1_true_exam	ocr_consensus_unreviewed
imperial	SYL-VOCAB-P078-L37	1	part_2_zero_frequency	ocr_consensus_unreviewed
impetus	SYL-VOCAB-P034-R31	1	part_1_true_exam	ocr_consensus_unreviewed
impinge	SYL-VOCAB-P089-L40	1	part_3_beyond_syllabus	ocr_consensus_unreviewed
implement	SYL-VOCAB-P034-R32	1	part_1_true_exam	ocr_consensus_unreviewed
implication	SYL-VOCAB-P035-L01	1	part_1_true_exam	ocr_consensus_unreviewed
implicit	SYL-VOCAB-P035-L02	1	part_1_true_exam	ocr_consensus_unreviewed
imply	SYL-VOCAB-P035-L03	1	part_1_true_exam	ocr_consensus_unreviewed
import	SYL-VOCAB-P035-L04	1	part_1_true_exam	ocr_consensus_unreviewed
importance	SYL-VOCAB-P035-L05	1	part_1_true_exam	ocr_consensus_unreviewed
important	SYL-VOCAB-P035-L06	1	part_1_true_exam	ocr_consensus_unreviewed
impose	SYL-VOCAB-P035-L07	1	part_1_true_exam	ocr_consensus_unreviewed
impossible	SYL-VOCAB-P035-L08	1	part_1_true_exam	ocr_consensus_unreviewed
impress	SYL-VOCAB-P035-L09	1	part_1_true_exam	ocr_consensus_unreviewed
impression	SYL-VOCAB-P035-L10	1	part_1_true_exam	ocr_consensus_unreviewed
impressive	SYL-VOCAB-P035-L11	1	part_1_true_exam	ocr_consensus_unreviewed
improve	SYL-VOCAB-P035-L12	1	part_1_true_exam	ocr_consensus_unreviewed
improvement	SYL-VOCAB-P035-L13	1	part_1_true_exam	ocr_consensus_unreviewed
impulse	SYL-VOCAB-P035-L14	1	part_1_true_exam	ocr_consensus_unreviewed
in	SYL-VOCAB-P035-L15	1	part_1_true_exam	ocr_consensus_unreviewed
inaugurate	SYL-VOCAB-P078-L38	1	part_2_zero_frequency	ocr_consensus_unreviewed
incentive	SYL-VOCAB-P035-L16	1	part_1_true_exam	ocr_consensus_unreviewed
inch	SYL-VOCAB-P035-L17	1	part_1_true_exam	ocr_consensus_unreviewed
incidence	SYL-VOCAB-P035-L18	1	part_1_true_exam	ocr_consensus_unreviewed
incident	SYL-VOCAB-P035-L19	1	part_1_true_exam	ocr_consensus_unreviewed
incidentally	SYL-VOCAB-P035-L20	1	part_1_true_exam	ocr_consensus_unreviewed
incite	SYL-VOCAB-P089-L41	1	part_3_beyond_syllabus	ocr_consensus_unreviewed
incline	SYL-VOCAB-P035-L21	1	part_1_true_exam	ocr_consensus_unreviewed
include	SYL-VOCAB-P035-L22	1	part_1_true_exam	ocr_consensus_unreviewed
inclusive	SYL-VOCAB-P035-L23	1	part_1_true_exam	ocr_consensus_unreviewed
income	SYL-VOCAB-P035-L24	1	part_1_true_exam	ocr_consensus_unreviewed
incorporate	SYL-VOCAB-P035-L25	1	part_1_true_exam	ocr_consensus_unreviewed
increase	SYL-VOCAB-P035-L26	1	part_1_true_exam	ocr_consensus_unreviewed
increasingly	SYL-VOCAB-P035-L27	1	part_1_true_exam	ocr_consensus_unreviewed
incredible	SYL-VOCAB-P035-L28	1	part_1_true_exam	ocr_consensus_unreviewed
incur	SYL-VOCAB-P035-L29	1	part_1_true_exam	ocr_consensus_unreviewed
indeed	SYL-VOCAB-P035-R01	1	part_1_true_exam	ocr_consensus_unreviewed
independence	SYL-VOCAB-P035-R02	1	part_1_true_exam	ocr_consensus_unreviewed
independent	SYL-VOCAB-P035-R03	1	part_1_true_exam	ocr_consensus_unreviewed
index	SYL-VOCAB-P035-R04	1	part_1_true_exam	ocr_consensus_unreviewed
indicate	SYL-VOCAB-P035-R05	1	part_1_true_exam	ocr_consensus_unreviewed
indication	SYL-VOCAB-P035-R06	1	part_1_true_exam	ocr_consensus_unreviewed
indicative	SYL-VOCAB-P035-R07	1	part_1_true_exam	ocr_consensus_unreviewed
indictment	SYL-VOCAB-P089-R01	1	part_3_beyond_syllabus	ocr_consensus_unreviewed
indifferent	SYL-VOCAB-P035-R08	1	part_1_true_exam	ocr_consensus_unreviewed
indignant	SYL-VOCAB-P035-R09	1	part_1_true_exam	ocr_consensus_unreviewed
indignation	SYL-VOCAB-P035-R10	1	part_1_true_exam	ocr_consensus_unreviewed
indispensable	SYL-VOCAB-P035-R11	1	part_1_true_exam	ocr_consensus_unreviewed
individual	SYL-VOCAB-P035-R12	1	part_1_true_exam	ocr_consensus_unreviewed
indoor	SYL-VOCAB-P035-R13	1	part_1_true_exam	ocr_consensus_unreviewed
induce	SYL-VOCAB-P035-R14	1	part_1_true_exam	ocr_consensus_unreviewed
indulge	SYL-VOCAB-P035-R15	1	part_1_true_exam	ocr_consensus_unreviewed
industrial	SYL-VOCAB-P035-R16	1	part_1_true_exam	ocr_consensus_unreviewed
industrialize	SYL-VOCAB-P035-R17	1	part_1_true_exam	ocr_consensus_unreviewed
industry	SYL-VOCAB-P035-R18	1	part_1_true_exam	ocr_consensus_unreviewed
inertia	SYL-VOCAB-P035-R19	1	part_1_true_exam	ocr_consensus_unreviewed
inevitable	SYL-VOCAB-P035-R20	1	part_1_true_exam	ocr_consensus_unreviewed
inexorable	SYL-VOCAB-P089-R02	1	part_3_beyond_syllabus	ocr_consensus_unreviewed
infant	SYL-VOCAB-P035-R21	1	part_1_true_exam	ocr_consensus_unreviewed
infect	SYL-VOCAB-P035-R22	1	part_1_true_exam	ocr_consensus_unreviewed
infectious	SYL-VOCAB-P078-L39	1	part_2_zero_frequency	ocr_consensus_unreviewed
infer	SYL-VOCAB-P035-R23	1	part_1_true_exam	ocr_consensus_unreviewed
inference	SYL-VOCAB-P035-R24	1	part_1_true_exam	ocr_consensus_unreviewed
inferior	SYL-VOCAB-P035-R25	1	part_1_true_exam	ocr_consensus_unreviewed
infest	SYL-VOCAB-P089-R03	1	part_3_beyond_syllabus	ocr_consensus_unreviewed
infinite	SYL-VOCAB-P078-L40	1	part_2_zero_frequency	ocr_consensus_unreviewed
inflation	SYL-VOCAB-P035-R26	1	part_1_true_exam	ocr_consensus_unreviewed
influence	SYL-VOCAB-P035-R27	1	part_1_true_exam	ocr_consensus_unreviewed
influential	SYL-VOCAB-P035-R28	1	part_1_true_exam	ocr_consensus_unreviewed
inform	SYL-VOCAB-P035-R29	1	part_1_true_exam	ocr_consensus_unreviewed
information	SYL-VOCAB-P035-R30	1	part_1_true_exam	ocr_consensus_unreviewed
infrared	SYL-VOCAB-P078-R01	1	part_2_zero_frequency	ocr_consensus_unreviewed
infrastructure	SYL-VOCAB-P035-R31	1	part_1_true_exam	verified_manual_visual
infringement	SYL-VOCAB-P089-R04	1	part_3_beyond_syllabus	ocr_consensus_unreviewed
ingenious	SYL-VOCAB-P035-R32	1	part_1_true_exam	ocr_consensus_unreviewed
ingredient	SYL-VOCAB-P035-R33	1	part_1_true_exam	ocr_consensus_unreviewed
inhabit	SYL-VOCAB-P035-R34	1	part_1_true_exam	ocr_consensus_unreviewed
inhabitant	SYL-VOCAB-P035-R35	1	part_1_true_exam	ocr_consensus_unreviewed
inhale	SYL-VOCAB-P035-R36	1	part_1_true_exam	ocr_consensus_unreviewed
inherent	SYL-VOCAB-P035-R37	1	part_1_true_exam	ocr_consensus_unreviewed
inherit	SYL-VOCAB-P036-L01	1	part_1_true_exam	ocr_consensus_unreviewed
inhibit	SYL-VOCAB-P078-R02	1	part_2_zero_frequency	ocr_consensus_unreviewed
initial	SYL-VOCAB-P036-L02	1	part_1_true_exam	ocr_consensus_unreviewed
initiate	SYL-VOCAB-P036-L03	1	part_1_true_exam	ocr_consensus_unreviewed
initiative	SYL-VOCAB-P036-L04	1	part_1_true_exam	ocr_consensus_unreviewed
inject	SYL-VOCAB-P036-L05	1	part_1_true_exam	ocr_consensus_unreviewed
injure	SYL-VOCAB-P036-L06	1	part_1_true_exam	ocr_consensus_unreviewed
injury	SYL-VOCAB-P036-L07	1	part_1_true_exam	ocr_consensus_unreviewed
ink	SYL-VOCAB-P036-L08	1	part_1_true_exam	ocr_consensus_unreviewed
inland	SYL-VOCAB-P078-R03	1	part_2_zero_frequency	ocr_consensus_unreviewed
inlet	SYL-VOCAB-P078-R04	1	part_2_zero_frequency	ocr_consensus_unreviewed
inn	SYL-VOCAB-P036-L09	1	part_1_true_exam	ocr_consensus_unreviewed
innate	SYL-VOCAB-P089-R05	1	part_3_beyond_syllabus	ocr_consensus_unreviewed
inner	SYL-VOCAB-P036-L10	1	part_1_true_exam	ocr_consensus_unreviewed
innocent	SYL-VOCAB-P036-L11	1	part_1_true_exam	ocr_consensus_unreviewed
innovation	SYL-VOCAB-P036-L12	1	part_1_true_exam	verified_manual_visual
innumerable	SYL-VOCAB-P036-L13	1	part_1_true_exam	ocr_consensus_unreviewed
input	SYL-VOCAB-P036-L14	1	part_1_true_exam	ocr_consensus_unreviewed
inquiry	SYL-VOCAB-P036-L15	1	part_1_true_exam	ocr_consensus_unreviewed
insect	SYL-VOCAB-P036-L16	1	part_1_true_exam	ocr_consensus_unreviewed
insert	SYL-VOCAB-P078-R05	1	part_2_zero_frequency	ocr_consensus_unreviewed
inside	SYL-VOCAB-P036-L17	1	part_1_true_exam	ocr_consensus_unreviewed
insidious	SYL-VOCAB-P089-R06	1	part_3_beyond_syllabus	ocr_consensus_unreviewed
insight	SYL-VOCAB-P036-L18	1	part_1_true_exam	ocr_consensus_unreviewed
insist	SYL-VOCAB-P036-L19	1	part_1_true_exam	ocr_consensus_unreviewed
inspect	SYL-VOCAB-P036-L20	1	part_1_true_exam	ocr_consensus_unreviewed
inspiration	SYL-VOCAB-P078-R06	1	part_2_zero_frequency	ocr_consensus_unreviewed
inspire	SYL-VOCAB-P036-L21	1	part_1_true_exam	ocr_consensus_unreviewed
install	SYL-VOCAB-P078-R07	1	part_2_zero_frequency	ocr_consensus_unreviewed
installation	SYL-VOCAB-P078-R08	1	part_2_zero_frequency	ocr_consensus_unreviewed
installment	SYL-VOCAB-P036-L22	1	part_1_true_exam	ocr_consensus_unreviewed
instance	SYL-VOCAB-P036-L23	1	part_1_true_exam	ocr_consensus_unreviewed
instant	SYL-VOCAB-P036-L24	1	part_1_true_exam	ocr_consensus_unreviewed
instantaneous	SYL-VOCAB-P036-L25	1	part_1_true_exam	ocr_consensus_unreviewed
instead	SYL-VOCAB-P036-L26	1	part_1_true_exam	ocr_consensus_unreviewed
instinct	SYL-VOCAB-P036-L27	1	part_1_true_exam	ocr_consensus_unreviewed
institute	SYL-VOCAB-P036-L28	1	part_1_true_exam	ocr_consensus_unreviewed
institution	SYL-VOCAB-P036-L29	1	part_1_true_exam	ocr_consensus_unreviewed
instruct	SYL-VOCAB-P036-L30	1	part_1_true_exam	ocr_consensus_unreviewed
instruction	SYL-VOCAB-P036-L31	1	part_1_true_exam	ocr_consensus_unreviewed
instrument	SYL-VOCAB-P036-L32	1	part_1_true_exam	ocr_consensus_unreviewed
instrumental	SYL-VOCAB-P036-L33	1	part_1_true_exam	ocr_consensus_unreviewed
insulate	SYL-VOCAB-P078-R09	1	part_2_zero_frequency	ocr_consensus_unreviewed
insult	SYL-VOCAB-P036-L34	1	part_1_true_exam	ocr_consensus_unreviewed
insurance	SYL-VOCAB-P036-L35	1	part_1_true_exam	ocr_consensus_unreviewed
insure	SYL-VOCAB-P036-R01	1	part_1_true_exam	ocr_consensus_unreviewed
intact	SYL-VOCAB-P078-R10	1	part_2_zero_frequency	ocr_consensus_unreviewed
intake	SYL-VOCAB-P089-R07	1	part_3_beyond_syllabus	ocr_consensus_unreviewed
intangible	SYL-VOCAB-P089-R08	1	part_3_beyond_syllabus	verified_manual_visual
integral	SYL-VOCAB-P078-R11	1	part_2_zero_frequency	ocr_consensus_unreviewed
integrate	SYL-VOCAB-P036-R02	1	part_1_true_exam	ocr_consensus_unreviewed
integrity	SYL-VOCAB-P036-R03	1	part_1_true_exam	verified_manual_visual
intellectual	SYL-VOCAB-P036-R04	1	part_1_true_exam	ocr_consensus_unreviewed
intelligence	SYL-VOCAB-P036-R05	1	part_1_true_exam	verified_manual_visual
intelligent	SYL-VOCAB-P036-R06	1	part_1_true_exam	ocr_consensus_unreviewed
intelligible	SYL-VOCAB-P078-R12	1	part_2_zero_frequency	ocr_consensus_unreviewed
intend	SYL-VOCAB-P036-R07	1	part_1_true_exam	ocr_consensus_unreviewed
intense	SYL-VOCAB-P036-R08	1	part_1_true_exam	ocr_consensus_unreviewed
intensity	SYL-VOCAB-P036-R09	1	part_1_true_exam	ocr_consensus_unreviewed
intensive	SYL-VOCAB-P036-R10	1	part_1_true_exam	ocr_consensus_unreviewed
intention	SYL-VOCAB-P036-R11	1	part_1_true_exam	ocr_consensus_unreviewed
interact	SYL-VOCAB-P036-R12	1	part_1_true_exam	ocr_consensus_unreviewed
intercourse	SYL-VOCAB-P078-R13	1	part_2_zero_frequency	ocr_consensus_unreviewed
interest	SYL-VOCAB-P036-R13	1	part_1_true_exam	verified_manual_visual
interesting	SYL-VOCAB-P036-R14	1	part_1_true_exam	ocr_consensus_unreviewed
interface	SYL-VOCAB-P078-R14	1	part_2_zero_frequency	ocr_consensus_unreviewed
interfere	SYL-VOCAB-P036-R15	1	part_1_true_exam	ocr_consensus_unreviewed
interference	SYL-VOCAB-P036-R16	1	part_1_true_exam	ocr_consensus_unreviewed
interim	SYL-VOCAB-P078-R15	1	part_2_zero_frequency	ocr_consensus_unreviewed
interior	SYL-VOCAB-P036-R17	1	part_1_true_exam	ocr_consensus_unreviewed
intermediate	SYL-VOCAB-P078-R16	1	part_2_zero_frequency	ocr_consensus_unreviewed
intermittent	SYL-VOCAB-P036-R18	1	part_1_true_exam	ocr_consensus_unreviewed
internal	SYL-VOCAB-P036-R19	1	part_1_true_exam	ocr_consensus_unreviewed
international	SYL-VOCAB-P036-R20	1	part_1_true_exam	ocr_consensus_unreviewed
internet	SYL-VOCAB-P036-R21	1	part_1_true_exam	ocr_consensus_unreviewed
interpret	SYL-VOCAB-P036-R22	1	part_1_true_exam	ocr_consensus_unreviewed
interrupt	SYL-VOCAB-P036-R23	1	part_1_true_exam	ocr_consensus_unreviewed
intersection	SYL-VOCAB-P078-R17	1	part_2_zero_frequency	ocr_consensus_unreviewed
interval	SYL-VOCAB-P078-R18	1	part_2_zero_frequency	ocr_consensus_unreviewed
intervene	SYL-VOCAB-P036-R24	1	part_1_true_exam	ocr_consensus_unreviewed
interview	SYL-VOCAB-P036-R25	1	part_1_true_exam	ocr_consensus_unreviewed
intimate	SYL-VOCAB-P036-R26	1	part_1_true_exam	ocr_consensus_unreviewed
intimidate	SYL-VOCAB-P036-R27	1	part_1_true_exam	ocr_consensus_unreviewed
into	SYL-VOCAB-P036-R28	1	part_1_true_exam	ocr_consensus_unreviewed
intricate	SYL-VOCAB-P036-R29	1	part_1_true_exam	ocr_consensus_unreviewed
intrigue	SYL-VOCAB-P036-R30	1	part_1_true_exam	ocr_consensus_unreviewed
intrinsic	SYL-VOCAB-P036-R31	1	part_1_true_exam	ocr_consensus_unreviewed
introduce	SYL-VOCAB-P036-R32	1	part_1_true_exam	ocr_consensus_unreviewed
introduction	SYL-VOCAB-P037-L01	1	part_1_true_exam	ocr_consensus_unreviewed
intrude	SYL-VOCAB-P037-L02	1	part_1_true_exam	ocr_consensus_unreviewed
intuition	SYL-VOCAB-P037-L03	1	part_1_true_exam	ocr_consensus_unreviewed
invade	SYL-VOCAB-P078-R19	1	part_2_zero_frequency	ocr_consensus_unreviewed
invalid	SYL-VOCAB-P037-L04	1	part_1_true_exam	ocr_consensus_unreviewed
invaluable	SYL-VOCAB-P037-L05	1	part_1_true_exam	ocr_consensus_unreviewed
invariable	SYL-VOCAB-P037-L06	1	part_1_true_exam	ocr_consensus_unreviewed
invasion	SYL-VOCAB-P037-L07	1	part_1_true_exam	ocr_consensus_unreviewed
invent	SYL-VOCAB-P037-L08	1	part_1_true_exam	ocr_consensus_unreviewed
invention	SYL-VOCAB-P037-L09	1	part_1_true_exam	ocr_consensus_unreviewed
inverse	SYL-VOCAB-P078-R20	1	part_2_zero_frequency	ocr_consensus_unreviewed
invert	SYL-VOCAB-P037-L10	1	part_1_true_exam	ocr_consensus_unreviewed
invest	SYL-VOCAB-P037-L11	1	part_1_true_exam	ocr_consensus_unreviewed
investigate	SYL-VOCAB-P037-L12	1	part_1_true_exam	ocr_consensus_unreviewed
investment	SYL-VOCAB-P037-L13	1	part_1_true_exam	ocr_consensus_unreviewed
invisible	SYL-VOCAB-P037-L14	1	part_1_true_exam	ocr_consensus_unreviewed
invitation	SYL-VOCAB-P037-L15	1	part_1_true_exam	ocr_consensus_unreviewed
invite	SYL-VOCAB-P037-L16	1	part_1_true_exam	ocr_consensus_unreviewed
involve	SYL-VOCAB-P037-L17	1	part_1_true_exam	ocr_consensus_unreviewed
inward	SYL-VOCAB-P078-R21	1	part_2_zero_frequency	ocr_consensus_unreviewed
iron	SYL-VOCAB-P037-L18	1	part_1_true_exam	ocr_consensus_unreviewed
irony	SYL-VOCAB-P037-L19	1	part_1_true_exam	ocr_consensus_unreviewed
irrespective	SYL-VOCAB-P037-L20	1	part_1_true_exam	ocr_consensus_unreviewed
irrigate	SYL-VOCAB-P037-L21	1	part_1_true_exam	ocr_consensus_unreviewed
irritate	SYL-VOCAB-P037-L22	1	part_1_true_exam	ocr_consensus_unreviewed
island	SYL-VOCAB-P037-L23	1	part_1_true_exam	ocr_consensus_unreviewed
isle	SYL-VOCAB-P078-R22	1	part_2_zero_frequency	ocr_consensus_unreviewed
isolate	SYL-VOCAB-P037-L24	1	part_1_true_exam	ocr_consensus_unreviewed
issue	SYL-VOCAB-P037-L25	1	part_1_true_exam	ocr_consensus_unreviewed
it	SYL-VOCAB-P037-L26	1	part_1_true_exam	ocr_consensus_unreviewed
item	SYL-VOCAB-P037-L27	1	part_1_true_exam	ocr_consensus_unreviewed
its	SYL-VOCAB-P037-L28	1	part_1_true_exam	ocr_consensus_unreviewed
itself	SYL-VOCAB-P037-L29	1	part_1_true_exam	ocr_consensus_unreviewed
ivory	SYL-VOCAB-P078-R23	1	part_2_zero_frequency	ocr_consensus_unreviewed
jacket	SYL-VOCAB-P037-L30	1	part_1_true_exam	ocr_consensus_unreviewed
jam	SYL-VOCAB-P037-L31	1	part_1_true_exam	ocr_consensus_unreviewed
january	SYL-VOCAB-P078-R24	1	part_2_zero_frequency	ocr_consensus_unreviewed
jar	SYL-VOCAB-P078-R25	1	part_2_zero_frequency	ocr_consensus_unreviewed
jargon	SYL-VOCAB-P078-R26	1	part_2_zero_frequency	ocr_consensus_unreviewed
jaw	SYL-VOCAB-P037-L32	1	part_1_true_exam	ocr_consensus_unreviewed
jazz	SYL-VOCAB-P078-R27	1	part_2_zero_frequency	ocr_consensus_unreviewed
jealous	SYL-VOCAB-P037-R01	1	part_1_true_exam	ocr_consensus_unreviewed
jeans	SYL-VOCAB-P037-R02	1	part_1_true_exam	ocr_consensus_unreviewed
jet	SYL-VOCAB-P037-R03	1	part_1_true_exam	ocr_consensus_unreviewed
jewel	SYL-VOCAB-P078-R28	1	part_2_zero_frequency	ocr_consensus_unreviewed
jewellery	SYL-VOCAB-P037-R04	1	part_1_true_exam	ocr_consensus_unreviewed
job	SYL-VOCAB-P037-R05	1	part_1_true_exam	ocr_consensus_unreviewed
jog	SYL-VOCAB-P037-R06	1	part_1_true_exam	ocr_consensus_unreviewed
join	SYL-VOCAB-P037-R07	1	part_1_true_exam	ocr_consensus_unreviewed
joint	SYL-VOCAB-P037-R08	1	part_1_true_exam	ocr_consensus_unreviewed
joke	SYL-VOCAB-P037-R09	1	part_1_true_exam	ocr_consensus_unreviewed
jolly	SYL-VOCAB-P078-R29	1	part_2_zero_frequency	ocr_consensus_unreviewed
journal	SYL-VOCAB-P037-R10	1	part_1_true_exam	ocr_consensus_unreviewed
journalist	SYL-VOCAB-P037-R11	1	part_1_true_exam	ocr_consensus_unreviewed
journey	SYL-VOCAB-P037-R12	1	part_1_true_exam	ocr_consensus_unreviewed
joy	SYL-VOCAB-P037-R13	1	part_1_true_exam	ocr_consensus_unreviewed
judge	SYL-VOCAB-P037-R14	1	part_1_true_exam	ocr_consensus_unreviewed
judgement	SYL-VOCAB-P037-R15	1	part_1_true_exam	ocr_consensus_unreviewed
judicial	SYL-VOCAB-P037-R16	1	part_1_true_exam	ocr_consensus_unreviewed
jug	SYL-VOCAB-P078-R30	1	part_2_zero_frequency	ocr_consensus_unreviewed
juggle	SYL-VOCAB-P089-R09	1	part_3_beyond_syllabus	ocr_consensus_unreviewed
juice	SYL-VOCAB-P078-R31	1	part_2_zero_frequency	ocr_consensus_unreviewed
july	SYL-VOCAB-P037-R17	1	part_1_true_exam	ocr_consensus_unreviewed
jump	SYL-VOCAB-P037-R18	1	part_1_true_exam	ocr_consensus_unreviewed
junction	SYL-VOCAB-P078-R32	1	part_2_zero_frequency	ocr_consensus_unreviewed
june	SYL-VOCAB-P037-R19	1	part_1_true_exam	ocr_consensus_unreviewed
jungle	SYL-VOCAB-P078-R33	1	part_2_zero_frequency	ocr_consensus_unreviewed
junior	SYL-VOCAB-P037-R20	1	part_1_true_exam	ocr_consensus_unreviewed
junk	SYL-VOCAB-P037-R21	1	part_1_true_exam	ocr_consensus_unreviewed
jurisdiction	SYL-VOCAB-P089-R10	1	part_3_beyond_syllabus	ocr_consensus_unreviewed
jury	SYL-VOCAB-P037-R22	1	part_1_true_exam	ocr_consensus_unreviewed
just	SYL-VOCAB-P037-R23	1	part_1_true_exam	ocr_consensus_unreviewed
justice	SYL-VOCAB-P037-R24	1	part_1_true_exam	ocr_consensus_unreviewed
justify	SYL-VOCAB-P037-R25	1	part_1_true_exam	ocr_consensus_unreviewed
juvenile	SYL-VOCAB-P037-R26	1	part_1_true_exam	ocr_consensus_unreviewed
keen	SYL-VOCAB-P037-R27	1	part_1_true_exam	ocr_consensus_unreviewed
keep	SYL-VOCAB-P037-R28	1	part_1_true_exam	ocr_consensus_unreviewed
kettle	SYL-VOCAB-P078-R34	1	part_2_zero_frequency	ocr_consensus_unreviewed
key	SYL-VOCAB-P037-R29	1	part_1_true_exam	verified_manual_visual
keyboard	SYL-VOCAB-P037-R30	1	part_1_true_exam	ocr_consensus_unreviewed
kick	SYL-VOCAB-P079-L01	1	part_2_zero_frequency	ocr_consensus_unreviewed
kid	SYL-VOCAB-P038-L01	1	part_1_true_exam	ocr_consensus_unreviewed
kidnap	SYL-VOCAB-P079-L02	1	part_2_zero_frequency	ocr_consensus_unreviewed
kidney	SYL-VOCAB-P079-L03	1	part_2_zero_frequency	ocr_consensus_unreviewed
kill	SYL-VOCAB-P038-L02	1	part_1_true_exam	ocr_consensus_unreviewed
kilogram	SYL-VOCAB-P038-L03	1	part_1_true_exam	ocr_consensus_unreviewed
kilometer	SYL-VOCAB-P038-L04	1	part_1_true_exam	ocr_consensus_unreviewed
kin	SYL-VOCAB-P038-L05	1	part_1_true_exam	ocr_consensus_unreviewed
kind	SYL-VOCAB-P038-L06	1	part_1_true_exam	ocr_consensus_unreviewed
kindergarten	SYL-VOCAB-P079-L04	1	part_2_zero_frequency	ocr_consensus_unreviewed
kindness	SYL-VOCAB-P038-L07	1	part_1_true_exam	ocr_consensus_unreviewed
king	SYL-VOCAB-P038-L08	1	part_1_true_exam	ocr_consensus_unreviewed
kingdom	SYL-VOCAB-P038-L09	1	part_1_true_exam	ocr_consensus_unreviewed
kiss	SYL-VOCAB-P079-L05	1	part_2_zero_frequency	ocr_consensus_unreviewed
kit	SYL-VOCAB-P038-L10	1	part_1_true_exam	ocr_consensus_unreviewed
kitchen	SYL-VOCAB-P038-L11	1	part_1_true_exam	ocr_consensus_unreviewed
kite	SYL-VOCAB-P079-L06	1	part_2_zero_frequency	ocr_consensus_unreviewed
knee	SYL-VOCAB-P038-L12	1	part_1_true_exam	ocr_consensus_unreviewed
knee-jerk	SYL-VOCAB-P089-R11	1	part_3_beyond_syllabus	ocr_consensus_unreviewed
kneel	SYL-VOCAB-P079-L07	1	part_2_zero_frequency	ocr_consensus_unreviewed
knife	SYL-VOCAB-P079-L08	1	part_2_zero_frequency	ocr_consensus_unreviewed
knit	SYL-VOCAB-P038-L13	1	part_1_true_exam	ocr_consensus_unreviewed
knob	SYL-VOCAB-P079-L09	1	part_2_zero_frequency	ocr_consensus_unreviewed
knock	SYL-VOCAB-P038-L14	1	part_1_true_exam	ocr_consensus_unreviewed
knot	SYL-VOCAB-P038-L15	1	part_1_true_exam	ocr_consensus_unreviewed
know	SYL-VOCAB-P038-L16	1	part_1_true_exam	ocr_consensus_unreviewed
knowledge	SYL-VOCAB-P038-L17	1	part_1_true_exam	ocr_consensus_unreviewed
lab/laboratory	SYL-VOCAB-P038-L18	1	part_1_true_exam	ocr_consensus_unreviewed
label	SYL-VOCAB-P038-L19	1	part_1_true_exam	ocr_consensus_unreviewed
labour/labor	SYL-VOCAB-P038-L20	1	part_1_true_exam	ocr_consensus_unreviewed
lace	SYL-VOCAB-P079-L10	1	part_2_zero_frequency	ocr_consensus_unreviewed
lack	SYL-VOCAB-P038-L21	1	part_1_true_exam	ocr_consensus_unreviewed
lad	SYL-VOCAB-P079-L11	1	part_2_zero_frequency	ocr_consensus_unreviewed
ladder	SYL-VOCAB-P038-L22	1	part_1_true_exam	ocr_consensus_unreviewed
lady	SYL-VOCAB-P038-L23	1	part_1_true_exam	ocr_consensus_unreviewed
lag	SYL-VOCAB-P038-L24	1	part_1_true_exam	ocr_consensus_unreviewed
lake	SYL-VOCAB-P079-L12	1	part_2_zero_frequency	ocr_consensus_unreviewed
lamb	SYL-VOCAB-P079-L13	1	part_2_zero_frequency	ocr_consensus_unreviewed
lame	SYL-VOCAB-P038-L25	1	part_1_true_exam	ocr_consensus_unreviewed
lamp	SYL-VOCAB-P079-L14	1	part_2_zero_frequency	ocr_consensus_unreviewed
land	SYL-VOCAB-P038-L26	1	part_1_true_exam	ocr_consensus_unreviewed
landlady	SYL-VOCAB-P079-L15	1	part_2_zero_frequency	ocr_consensus_unreviewed
landlord	SYL-VOCAB-P038-L27	1	part_1_true_exam	ocr_consensus_unreviewed
landscape	SYL-VOCAB-P089-R12	1	part_3_beyond_syllabus	ocr_consensus_unreviewed
lane	SYL-VOCAB-P038-L28	1	part_1_true_exam	ocr_consensus_unreviewed
language	SYL-VOCAB-P038-L29	1	part_1_true_exam	ocr_consensus_unreviewed
lantern	SYL-VOCAB-P079-L16	1	part_2_zero_frequency	ocr_consensus_unreviewed
lap	SYL-VOCAB-P079-L17	1	part_2_zero_frequency	ocr_consensus_unreviewed
lapse	SYL-VOCAB-P079-L18	1	part_2_zero_frequency	ocr_consensus_unreviewed
laptop	SYL-VOCAB-P038-L30	1	part_1_true_exam	ocr_consensus_unreviewed
large	SYL-VOCAB-P038-L31	1	part_1_true_exam	ocr_consensus_unreviewed
largely	SYL-VOCAB-P038-L32	1	part_1_true_exam	ocr_consensus_unreviewed
laser	SYL-VOCAB-P079-L19	1	part_2_zero_frequency	ocr_consensus_unreviewed
lash	SYL-VOCAB-P079-L20	1	part_2_zero_frequency	ocr_consensus_unreviewed
last	SYL-VOCAB-P038-L33	1	part_1_true_exam	ocr_consensus_unreviewed
late	SYL-VOCAB-P038-L34	1	part_1_true_exam	ocr_consensus_unreviewed
lately	SYL-VOCAB-P038-R01	1	part_1_true_exam	ocr_consensus_unreviewed
latent	SYL-VOCAB-P079-L21	1	part_2_zero_frequency	ocr_consensus_unreviewed
later	SYL-VOCAB-P038-R02	1	part_1_true_exam	ocr_consensus_unreviewed
lateral	SYL-VOCAB-P038-R03	1	part_1_true_exam	ocr_consensus_unreviewed
latin	SYL-VOCAB-P079-L22	1	part_2_zero_frequency	ocr_consensus_unreviewed
latitude	SYL-VOCAB-P038-R04	1	part_1_true_exam	ocr_consensus_unreviewed
latter	SYL-VOCAB-P038-R05	1	part_1_true_exam	ocr_consensus_unreviewed
laugh	SYL-VOCAB-P038-R06	1	part_1_true_exam	ocr_consensus_unreviewed
laughter	SYL-VOCAB-P038-R07	1	part_1_true_exam	ocr_consensus_unreviewed
launch	SYL-VOCAB-P038-R08	1	part_1_true_exam	ocr_consensus_unreviewed
laundry	SYL-VOCAB-P038-R09	1	part_1_true_exam	ocr_consensus_unreviewed
lavatory	SYL-VOCAB-P079-L23	1	part_2_zero_frequency	ocr_consensus_unreviewed
law	SYL-VOCAB-P038-R10	1	part_1_true_exam	ocr_consensus_unreviewed
lawn	SYL-VOCAB-P038-R11	1	part_1_true_exam	ocr_consensus_unreviewed
lawyer	SYL-VOCAB-P038-R12	1	part_1_true_exam	ocr_consensus_unreviewed
lay	SYL-VOCAB-P038-R13	1	part_1_true_exam	ocr_consensus_unreviewed
layer	SYL-VOCAB-P038-R14	1	part_1_true_exam	ocr_consensus_unreviewed
layman	SYL-VOCAB-P079-L24	1	part_2_zero_frequency	ocr_consensus_unreviewed
layoff	SYL-VOCAB-P038-R15	1	part_1_true_exam	ocr_consensus_unreviewed
layout	SYL-VOCAB-P038-R16	1	part_1_true_exam	ocr_consensus_unreviewed
lazy	SYL-VOCAB-P079-L25	1	part_2_zero_frequency	ocr_consensus_unreviewed
lead	SYL-VOCAB-P038-R17	1	part_1_true_exam	ocr_consensus_unreviewed
leadership	SYL-VOCAB-P038-R18	1	part_1_true_exam	ocr_consensus_unreviewed
leading	SYL-VOCAB-P038-R19	1	part_1_true_exam	ocr_consensus_unreviewed
leaf	SYL-VOCAB-P038-R20	1	part_1_true_exam	ocr_consensus_unreviewed
leaflet	SYL-VOCAB-P079-L26	1	part_2_zero_frequency	ocr_consensus_unreviewed
league	SYL-VOCAB-P038-R21	1	part_1_true_exam	ocr_consensus_unreviewed
leak	SYL-VOCAB-P038-R22	1	part_1_true_exam	ocr_consensus_unreviewed
lean	SYL-VOCAB-P038-R23	1	part_1_true_exam	ocr_consensus_unreviewed
leap	SYL-VOCAB-P038-R24	1	part_1_true_exam	ocr_consensus_unreviewed
learn	SYL-VOCAB-P038-R25	1	part_1_true_exam	ocr_consensus_unreviewed
learned	SYL-VOCAB-P038-R26	1	part_1_true_exam	ocr_consensus_unreviewed
learning	SYL-VOCAB-P038-R27	1	part_1_true_exam	verified_manual_visual
lease	SYL-VOCAB-P079-L27	1	part_2_zero_frequency	ocr_consensus_unreviewed
least	SYL-VOCAB-P038-R28	1	part_1_true_exam	ocr_consensus_unreviewed
leather	SYL-VOCAB-P079-L28	1	part_2_zero_frequency	ocr_consensus_unreviewed
leave	SYL-VOCAB-P038-R29	1	part_1_true_exam	ocr_consensus_unreviewed
left	SYL-VOCAB-P038-R30	1	part_1_true_exam	ocr_consensus_unreviewed
leg	SYL-VOCAB-P038-R31	1	part_1_true_exam	ocr_consensus_unreviewed
legacy	SYL-VOCAB-P038-R32	1	part_1_true_exam	ocr_consensus_unreviewed
legal	SYL-VOCAB-P039-L01	1	part_1_true_exam	ocr_consensus_unreviewed
legend	SYL-VOCAB-P039-L02	1	part_1_true_exam	ocr_consensus_unreviewed
legislation	SYL-VOCAB-P039-L03	1	part_1_true_exam	ocr_consensus_unreviewed
legitimate	SYL-VOCAB-P039-L04	1	part_1_true_exam	ocr_consensus_unreviewed
leisure	SYL-VOCAB-P039-L05	1	part_1_true_exam	ocr_consensus_unreviewed
lemon	SYL-VOCAB-P079-L29	1	part_2_zero_frequency	ocr_consensus_unreviewed
lend	SYL-VOCAB-P039-L07	1	part_1_true_exam	ocr_consensus_unreviewed
length	SYL-VOCAB-P039-L06	1	part_1_true_exam	ocr_consensus_unreviewed
lenient	SYL-VOCAB-P089-R13	1	part_3_beyond_syllabus	ocr_consensus_unreviewed
less	SYL-VOCAB-P039-L08	1	part_1_true_exam	ocr_consensus_unreviewed
lesson	SYL-VOCAB-P039-L09	1	part_1_true_exam	ocr_consensus_unreviewed
lest	SYL-VOCAB-P039-L10	1	part_1_true_exam	ocr_consensus_unreviewed
let	SYL-VOCAB-P039-L11	1	part_1_true_exam	ocr_consensus_unreviewed
letter	SYL-VOCAB-P039-L12	1	part_1_true_exam	ocr_consensus_unreviewed
level	SYL-VOCAB-P039-L13	1	part_1_true_exam	ocr_consensus_unreviewed
lever	SYL-VOCAB-P039-L14	1	part_1_true_exam	ocr_consensus_unreviewed
levy	SYL-VOCAB-P039-L15	1	part_1_true_exam	ocr_consensus_unreviewed
liability	SYL-VOCAB-P039-L16	1	part_1_true_exam	ocr_consensus_unreviewed
liable	SYL-VOCAB-P039-L17	1	part_1_true_exam	ocr_consensus_unreviewed
liberal	SYL-VOCAB-P039-L18	1	part_1_true_exam	ocr_consensus_unreviewed
liberate	SYL-VOCAB-P039-L19	1	part_1_true_exam	ocr_consensus_unreviewed
liberty	SYL-VOCAB-P039-L20	1	part_1_true_exam	ocr_consensus_unreviewed
librarian	SYL-VOCAB-P039-L22	1	part_1_true_exam	ocr_consensus_unreviewed
library	SYL-VOCAB-P039-L21	1	part_1_true_exam	ocr_consensus_unreviewed
license	SYL-VOCAB-P039-L23	1	part_1_true_exam	ocr_consensus_unreviewed
lick	SYL-VOCAB-P079-L30	1	part_2_zero_frequency	ocr_consensus_unreviewed
lid	SYL-VOCAB-P079-L31	1	part_2_zero_frequency	ocr_consensus_unreviewed
lie	SYL-VOCAB-P039-L24	1	part_1_true_exam	ocr_consensus_unreviewed
life	SYL-VOCAB-P039-L25	1	part_1_true_exam	ocr_consensus_unreviewed
lifetime	SYL-VOCAB-P039-L26	1	part_1_true_exam	ocr_consensus_unreviewed
lift	SYL-VOCAB-P039-L27	1	part_1_true_exam	ocr_consensus_unreviewed
light	SYL-VOCAB-P039-L28	1	part_1_true_exam	ocr_consensus_unreviewed
lightning	SYL-VOCAB-P079-L32	1	part_2_zero_frequency	ocr_consensus_unreviewed
like	SYL-VOCAB-P039-R01	1	part_1_true_exam	ocr_consensus_unreviewed
likelihood	SYL-VOCAB-P039-R02	1	part_1_true_exam	ocr_consensus_unreviewed
likely	SYL-VOCAB-P039-R03	1	part_1_true_exam	ocr_consensus_unreviewed
likewise	SYL-VOCAB-P039-R04	1	part_1_true_exam	ocr_consensus_unreviewed
limb	SYL-VOCAB-P039-R05	1	part_1_true_exam	ocr_consensus_unreviewed
limbic	SYL-VOCAB-P089-R14	1	part_3_beyond_syllabus	ocr_consensus_unreviewed
limit	SYL-VOCAB-P039-R06	1	part_1_true_exam	ocr_consensus_unreviewed
limitation	SYL-VOCAB-P039-R07	1	part_1_true_exam	ocr_consensus_unreviewed
limited	SYL-VOCAB-P039-R08	1	part_1_true_exam	ocr_consensus_unreviewed
limp	SYL-VOCAB-P079-L33	1	part_2_zero_frequency	ocr_consensus_unreviewed
line	SYL-VOCAB-P039-R09	1	part_1_true_exam	ocr_consensus_unreviewed
linear	SYL-VOCAB-P079-L34	1	part_2_zero_frequency	ocr_consensus_unreviewed
linen	SYL-VOCAB-P079-L35	1	part_2_zero_frequency	ocr_consensus_unreviewed
liner	SYL-VOCAB-P079-L36	1	part_2_zero_frequency	ocr_consensus_unreviewed
linger	SYL-VOCAB-P079-L37	1	part_2_zero_frequency	ocr_consensus_unreviewed
linguistic	SYL-VOCAB-P039-R10	1	part_1_true_exam	ocr_consensus_unreviewed
lining	SYL-VOCAB-P089-R15	1	part_3_beyond_syllabus	ocr_consensus_unreviewed
link	SYL-VOCAB-P039-R11	1	part_1_true_exam	ocr_consensus_unreviewed
lion	SYL-VOCAB-P079-L38	1	part_2_zero_frequency	ocr_consensus_unreviewed
lip	SYL-VOCAB-P039-R12	1	part_1_true_exam	ocr_consensus_unreviewed
liquid	SYL-VOCAB-P039-R13	1	part_1_true_exam	ocr_consensus_unreviewed
liquor	SYL-VOCAB-P039-R14	1	part_1_true_exam	ocr_consensus_unreviewed
list	SYL-VOCAB-P039-R15	1	part_1_true_exam	ocr_consensus_unreviewed
listen	SYL-VOCAB-P039-R16	1	part_1_true_exam	ocr_consensus_unreviewed
literacy	SYL-VOCAB-P039-R17	1	part_1_true_exam	ocr_consensus_unreviewed
literally	SYL-VOCAB-P039-R18	1	part_1_true_exam	ocr_consensus_unreviewed
literary	SYL-VOCAB-P039-R19	1	part_1_true_exam	ocr_consensus_unreviewed
literature	SYL-VOCAB-P039-R20	1	part_1_true_exam	ocr_consensus_unreviewed
litre	SYL-VOCAB-P079-L39	1	part_2_zero_frequency	ocr_consensus_unreviewed
litter	SYL-VOCAB-P079-R01	1	part_2_zero_frequency	ocr_consensus_unreviewed
little	SYL-VOCAB-P039-R21	1	part_1_true_exam	ocr_consensus_unreviewed
live	SYL-VOCAB-P039-R22	1	part_1_true_exam	ocr_consensus_unreviewed
lively	SYL-VOCAB-P079-R02	1	part_2_zero_frequency	ocr_consensus_unreviewed
liver	SYL-VOCAB-P079-R03	1	part_2_zero_frequency	ocr_consensus_unreviewed
living	SYL-VOCAB-P039-R23	1	part_1_true_exam	ocr_consensus_unreviewed
living-room	SYL-VOCAB-P079-R04	1	part_2_zero_frequency	ocr_consensus_unreviewed
load	SYL-VOCAB-P039-R24	1	part_1_true_exam	ocr_consensus_unreviewed
loaf	SYL-VOCAB-P079-R05	1	part_2_zero_frequency	ocr_consensus_unreviewed
loan	SYL-VOCAB-P039-R25	1	part_1_true_exam	ocr_consensus_unreviewed
lobby	SYL-VOCAB-P039-R26	1	part_1_true_exam	ocr_consensus_unreviewed
local	SYL-VOCAB-P039-R27	1	part_1_true_exam	ocr_consensus_unreviewed
locality	SYL-VOCAB-P079-R06	1	part_2_zero_frequency	ocr_consensus_unreviewed
locate	SYL-VOCAB-P039-R28	1	part_1_true_exam	ocr_consensus_unreviewed
location	SYL-VOCAB-P039-R29	1	part_1_true_exam	ocr_consensus_unreviewed
lock	SYL-VOCAB-P079-R07	1	part_2_zero_frequency	ocr_consensus_unreviewed
locker	SYL-VOCAB-P079-R08	1	part_2_zero_frequency	ocr_consensus_unreviewed
locomotive	SYL-VOCAB-P079-R09	1	part_2_zero_frequency	ocr_consensus_unreviewed
lodge	SYL-VOCAB-P039-R30	1	part_1_true_exam	ocr_consensus_unreviewed
lofty	SYL-VOCAB-P079-R10	1	part_2_zero_frequency	ocr_consensus_unreviewed
log	SYL-VOCAB-P039-R31	1	part_1_true_exam	ocr_consensus_unreviewed
logic	SYL-VOCAB-P039-R32	1	part_1_true_exam	ocr_consensus_unreviewed
logical	SYL-VOCAB-P039-R33	1	part_1_true_exam	ocr_consensus_unreviewed
lonely	SYL-VOCAB-P039-R34	1	part_1_true_exam	ocr_consensus_unreviewed
long	SYL-VOCAB-P040-L01	1	part_1_true_exam	ocr_consensus_unreviewed
longitude	SYL-VOCAB-P079-R11	1	part_2_zero_frequency	ocr_consensus_unreviewed
look	SYL-VOCAB-P040-L02	1	part_1_true_exam	ocr_consensus_unreviewed
loom	SYL-VOCAB-P040-L03	1	part_1_true_exam	ocr_consensus_unreviewed
loop	SYL-VOCAB-P079-R12	1	part_2_zero_frequency	ocr_consensus_unreviewed
loose	SYL-VOCAB-P079-R13	1	part_2_zero_frequency	ocr_consensus_unreviewed
loosen	SYL-VOCAB-P040-L04	1	part_1_true_exam	ocr_consensus_unreviewed
lord	SYL-VOCAB-P040-L05	1	part_1_true_exam	ocr_consensus_unreviewed
lorry	SYL-VOCAB-P079-R14	1	part_2_zero_frequency	ocr_consensus_unreviewed
lose	SYL-VOCAB-P040-L06	1	part_1_true_exam	ocr_consensus_unreviewed
loss	SYL-VOCAB-P040-L07	1	part_1_true_exam	ocr_consensus_unreviewed
lot	SYL-VOCAB-P040-L08	1	part_1_true_exam	ocr_consensus_unreviewed
lottery	SYL-VOCAB-P040-L09	1	part_1_true_exam	ocr_consensus_unreviewed
loud	SYL-VOCAB-P040-L10	1	part_1_true_exam	ocr_consensus_unreviewed
loudspeaker	SYL-VOCAB-P079-R15	1	part_2_zero_frequency	ocr_consensus_unreviewed
lounge	SYL-VOCAB-P040-L11	1	part_1_true_exam	ocr_consensus_unreviewed
love	SYL-VOCAB-P040-L12	1	part_1_true_exam	ocr_consensus_unreviewed
lovely	SYL-VOCAB-P079-R16	1	part_2_zero_frequency	ocr_consensus_unreviewed
lover	SYL-VOCAB-P079-R17	1	part_2_zero_frequency	ocr_consensus_unreviewed
low	SYL-VOCAB-P040-L13	1	part_1_true_exam	verified_manual_visual
lower	SYL-VOCAB-P040-L14	1	part_1_true_exam	ocr_consensus_unreviewed
loyal	SYL-VOCAB-P040-L15	1	part_1_true_exam	ocr_consensus_unreviewed
loyalty	SYL-VOCAB-P040-L16	1	part_1_true_exam	ocr_consensus_unreviewed
lubricate	SYL-VOCAB-P079-R18	1	part_2_zero_frequency	ocr_consensus_unreviewed
luck	SYL-VOCAB-P040-L17	1	part_1_true_exam	ocr_consensus_unreviewed
lucky	SYL-VOCAB-P040-L18	1	part_1_true_exam	ocr_consensus_unreviewed
lucrative	SYL-VOCAB-P089-R16	1	part_3_beyond_syllabus	ocr_consensus_unreviewed
luddite	SYL-VOCAB-P089-R17	1	part_3_beyond_syllabus	ocr_consensus_unreviewed
luggage	SYL-VOCAB-P040-L19	1	part_1_true_exam	ocr_consensus_unreviewed
lumber	SYL-VOCAB-P040-L20	1	part_1_true_exam	ocr_consensus_unreviewed
lump	SYL-VOCAB-P040-L21	1	part_1_true_exam	ocr_consensus_unreviewed
lunar	SYL-VOCAB-P079-R19	1	part_2_zero_frequency	ocr_consensus_unreviewed
lunch	SYL-VOCAB-P040-L22	1	part_1_true_exam	ocr_consensus_unreviewed
lung	SYL-VOCAB-P040-L23	1	part_1_true_exam	ocr_consensus_unreviewed
luxury	SYL-VOCAB-P040-L24	1	part_1_true_exam	ocr_consensus_unreviewed
lyric	SYL-VOCAB-P079-R20	1	part_2_zero_frequency	ocr_consensus_unreviewed
machine	SYL-VOCAB-P040-L25	1	part_1_true_exam	ocr_consensus_unreviewed
machinery	SYL-VOCAB-P040-L26	1	part_1_true_exam	ocr_consensus_unreviewed
mad	SYL-VOCAB-P040-L27	1	part_1_true_exam	ocr_consensus_unreviewed
madame	SYL-VOCAB-P040-L28	1	part_1_true_exam	ocr_consensus_unreviewed
magazine	SYL-VOCAB-P040-L29	1	part_1_true_exam	ocr_consensus_unreviewed
magic	SYL-VOCAB-P040-L30	1	part_1_true_exam	ocr_consensus_unreviewed
magistrate	SYL-VOCAB-P079-R21	1	part_2_zero_frequency	ocr_consensus_unreviewed
magnet	SYL-VOCAB-P079-R22	1	part_2_zero_frequency	ocr_consensus_unreviewed
magnetic	SYL-VOCAB-P040-L31	1	part_1_true_exam	ocr_consensus_unreviewed
magnificent	SYL-VOCAB-P040-R01	1	part_1_true_exam	ocr_consensus_unreviewed
magnify	SYL-VOCAB-P040-R02	1	part_1_true_exam	ocr_consensus_unreviewed
magnitude	SYL-VOCAB-P040-R03	1	part_1_true_exam	ocr_consensus_unreviewed
maid	SYL-VOCAB-P040-R04	1	part_1_true_exam	ocr_consensus_unreviewed
maiden	SYL-VOCAB-P079-R23	1	part_2_zero_frequency	ocr_consensus_unreviewed
mail	SYL-VOCAB-P040-R05	1	part_1_true_exam	ocr_consensus_unreviewed
main	SYL-VOCAB-P040-R06	1	part_1_true_exam	ocr_consensus_unreviewed
mainland	SYL-VOCAB-P040-R07	1	part_1_true_exam	ocr_consensus_unreviewed
maintain	SYL-VOCAB-P040-R08	1	part_1_true_exam	ocr_consensus_unreviewed
maintenance	SYL-VOCAB-P040-R09	1	part_1_true_exam	ocr_consensus_unreviewed
majesty	SYL-VOCAB-P040-R10	1	part_1_true_exam	ocr_consensus_unreviewed
major	SYL-VOCAB-P040-R11	1	part_1_true_exam	ocr_consensus_unreviewed
majority	SYL-VOCAB-P040-R12	1	part_1_true_exam	ocr_consensus_unreviewed
make	SYL-VOCAB-P040-R13	1	part_1_true_exam	ocr_consensus_unreviewed
male	SYL-VOCAB-P040-R14	1	part_1_true_exam	ocr_consensus_unreviewed
malignant	SYL-VOCAB-P079-R24	1	part_2_zero_frequency	ocr_consensus_unreviewed
mammal	SYL-VOCAB-P040-R15	1	part_1_true_exam	ocr_consensus_unreviewed
man	SYL-VOCAB-P040-R16	1	part_1_true_exam	ocr_consensus_unreviewed
manage	SYL-VOCAB-P040-R17	1	part_1_true_exam	ocr_consensus_unreviewed
management	SYL-VOCAB-P040-R18	1	part_1_true_exam	ocr_consensus_unreviewed
manager	SYL-VOCAB-P040-R19	1	part_1_true_exam	ocr_consensus_unreviewed
mandarin	SYL-VOCAB-P089-R18	1	part_3_beyond_syllabus	ocr_consensus_unreviewed
mandate	SYL-VOCAB-P089-R20	1	part_3_beyond_syllabus	ocr_consensus_unreviewed
mandatory	SYL-VOCAB-P089-R21	1	part_3_beyond_syllabus	ocr_consensus_unreviewed
maneuver	SYL-VOCAB-P079-R25	1	part_2_zero_frequency	ocr_consensus_unreviewed
mania	SYL-VOCAB-P089-R22	1	part_3_beyond_syllabus	ocr_consensus_unreviewed
manicurist	SYL-VOCAB-P089-R23	1	part_3_beyond_syllabus	ocr_consensus_unreviewed
manipulate	SYL-VOCAB-P040-R20	1	part_1_true_exam	ocr_consensus_unreviewed
mankind	SYL-VOCAB-P040-R21	1	part_1_true_exam	ocr_consensus_unreviewed
manner	SYL-VOCAB-P040-R22	1	part_1_true_exam	ocr_consensus_unreviewed
manual	SYL-VOCAB-P040-R23	1	part_1_true_exam	ocr_consensus_unreviewed
manufacture	SYL-VOCAB-P040-R24	1	part_1_true_exam	ocr_consensus_unreviewed
manuscript	SYL-VOCAB-P040-R25	1	part_1_true_exam	ocr_consensus_unreviewed
many	SYL-VOCAB-P040-R26	1	part_1_true_exam	ocr_consensus_unreviewed
map	SYL-VOCAB-P040-R27	1	part_1_true_exam	ocr_consensus_unreviewed
marathon	SYL-VOCAB-P040-R28	1	part_1_true_exam	ocr_consensus_unreviewed
marble	SYL-VOCAB-P079-R26	1	part_2_zero_frequency	ocr_consensus_unreviewed
march	SYL-VOCAB-P040-R29	2	part_1_true_exam	ocr_consensus_unreviewed
margin	SYL-VOCAB-P041-L01	1	part_1_true_exam	ocr_consensus_unreviewed
marginal	SYL-VOCAB-P041-L02	1	part_1_true_exam	ocr_consensus_unreviewed
marine	SYL-VOCAB-P041-L03	1	part_1_true_exam	ocr_consensus_unreviewed
marital	SYL-VOCAB-P079-R27	1	part_2_zero_frequency	ocr_consensus_unreviewed
mark	SYL-VOCAB-P041-L04	1	part_1_true_exam	ocr_consensus_unreviewed
market	SYL-VOCAB-P041-L05	1	part_1_true_exam	ocr_consensus_unreviewed
marquetry	SYL-VOCAB-P089-R19	1	part_3_beyond_syllabus	ocr_consensus_unreviewed
marriage	SYL-VOCAB-P041-L06	1	part_1_true_exam	ocr_consensus_unreviewed
married	SYL-VOCAB-P041-L07	1	part_1_true_exam	ocr_consensus_unreviewed
marry	SYL-VOCAB-P041-L08	1	part_1_true_exam	ocr_consensus_unreviewed
marvelous	SYL-VOCAB-P079-R28	1	part_2_zero_frequency	ocr_consensus_unreviewed
marxist	SYL-VOCAB-P079-R29	1	part_2_zero_frequency	ocr_consensus_unreviewed
masculine	SYL-VOCAB-P041-L09	1	part_1_true_exam	ocr_consensus_unreviewed
mask	SYL-VOCAB-P041-L10	1	part_1_true_exam	ocr_consensus_unreviewed
mass	SYL-VOCAB-P041-L11	1	part_1_true_exam	ocr_consensus_unreviewed
massacre	SYL-VOCAB-P041-L12	1	part_1_true_exam	ocr_consensus_unreviewed
massive	SYL-VOCAB-P041-L13	1	part_1_true_exam	ocr_consensus_unreviewed
master	SYL-VOCAB-P041-L14	1	part_1_true_exam	ocr_consensus_unreviewed
masterpiece	SYL-VOCAB-P041-L15	1	part_1_true_exam	ocr_consensus_unreviewed
mat	SYL-VOCAB-P079-R30	1	part_2_zero_frequency	ocr_consensus_unreviewed
match	SYL-VOCAB-P041-L16	1	part_1_true_exam	ocr_consensus_unreviewed
mate	SYL-VOCAB-P041-L17	1	part_1_true_exam	ocr_consensus_unreviewed
material	SYL-VOCAB-P041-L18	1	part_1_true_exam	ocr_consensus_unreviewed
mathematical	SYL-VOCAB-P041-L20	1	part_1_true_exam	ocr_consensus_unreviewed
maths	SYL-VOCAB-P041-L19	1	part_1_true_exam	ocr_consensus_unreviewed
matter	SYL-VOCAB-P041-L21	1	part_1_true_exam	ocr_consensus_unreviewed
mature	SYL-VOCAB-P041-L22	1	part_1_true_exam	ocr_consensus_unreviewed
maximum	SYL-VOCAB-P041-L23	1	part_1_true_exam	ocr_consensus_unreviewed
may	SYL-VOCAB-P041-L24	2	part_1_true_exam	ocr_consensus_unreviewed
maybe	SYL-VOCAB-P041-L26	1	part_1_true_exam	ocr_consensus_unreviewed
mayor	SYL-VOCAB-P079-R31	1	part_2_zero_frequency	ocr_consensus_unreviewed
me	SYL-VOCAB-P041-L27	1	part_1_true_exam	ocr_consensus_unreviewed
meadow	SYL-VOCAB-P041-L28	1	part_1_true_exam	ocr_consensus_unreviewed
meal	SYL-VOCAB-P041-L29	1	part_1_true_exam	ocr_consensus_unreviewed
mean	SYL-VOCAB-P041-L30	1	part_1_true_exam	ocr_consensus_unreviewed
meaning	SYL-VOCAB-P041-L33	1	part_1_true_exam	ocr_consensus_unreviewed
means	SYL-VOCAB-P041-L32	1	part_1_true_exam	ocr_consensus_unreviewed
meantime	SYL-VOCAB-P041-L31	1	part_1_true_exam	ocr_consensus_unreviewed
meanwhile	SYL-VOCAB-P041-L34	1	part_1_true_exam	ocr_consensus_unreviewed
measure	SYL-VOCAB-P041-R01	1	part_1_true_exam	ocr_consensus_unreviewed
meat	SYL-VOCAB-P041-R02	1	part_1_true_exam	ocr_consensus_unreviewed
mechanic	SYL-VOCAB-P041-R03	1	part_1_true_exam	ocr_consensus_unreviewed
mechanical	SYL-VOCAB-P041-R04	1	part_1_true_exam	ocr_consensus_unreviewed
mechanism	SYL-VOCAB-P041-R05	1	part_1_true_exam	ocr_consensus_unreviewed
medal	SYL-VOCAB-P041-R06	1	part_1_true_exam	ocr_consensus_unreviewed
medical	SYL-VOCAB-P041-R07	1	part_1_true_exam	ocr_consensus_unreviewed
medicine	SYL-VOCAB-P041-R08	1	part_1_true_exam	ocr_consensus_unreviewed
medieval	SYL-VOCAB-P041-R09	1	part_1_true_exam	ocr_consensus_unreviewed
mediocrity	SYL-VOCAB-P089-R24	1	part_3_beyond_syllabus	ocr_consensus_unreviewed
meditate	SYL-VOCAB-P079-R32	1	part_2_zero_frequency	ocr_consensus_unreviewed
meditation	SYL-VOCAB-P079-R33	1	part_2_zero_frequency	ocr_consensus_unreviewed
mediterranean	SYL-VOCAB-P089-R25	1	part_3_beyond_syllabus	ocr_consensus_unreviewed
medium	SYL-VOCAB-P041-R10	1	part_1_true_exam	ocr_consensus_unreviewed
meet	SYL-VOCAB-P041-R11	1	part_1_true_exam	ocr_consensus_unreviewed
meeting	SYL-VOCAB-P041-R12	1	part_1_true_exam	ocr_consensus_unreviewed
megalith	SYL-VOCAB-P089-R26	1	part_3_beyond_syllabus	ocr_consensus_unreviewed
melody	SYL-VOCAB-P079-R34	1	part_2_zero_frequency	ocr_consensus_unreviewed
melon	SYL-VOCAB-P079-R35	1	part_2_zero_frequency	ocr_consensus_unreviewed
melt	SYL-VOCAB-P041-R13	1	part_1_true_exam	ocr_consensus_unreviewed
member	SYL-VOCAB-P041-R14	1	part_1_true_exam	ocr_consensus_unreviewed
membership	SYL-VOCAB-P041-R15	1	part_1_true_exam	ocr_consensus_unreviewed
memo	SYL-VOCAB-P079-R36	1	part_2_zero_frequency	ocr_consensus_unreviewed
memorandum	SYL-VOCAB-P079-R37	1	part_2_zero_frequency	ocr_consensus_unreviewed
memorial	SYL-VOCAB-P041-R16	1	part_1_true_exam	ocr_consensus_unreviewed
memory	SYL-VOCAB-P041-R17	1	part_1_true_exam	ocr_consensus_unreviewed
menace	SYL-VOCAB-P041-R18	1	part_1_true_exam	ocr_consensus_unreviewed
mend	SYL-VOCAB-P041-R19	1	part_1_true_exam	ocr_consensus_unreviewed
mental	SYL-VOCAB-P041-R20	1	part_1_true_exam	verified_manual_visual
mention	SYL-VOCAB-P041-R21	1	part_1_true_exam	ocr_consensus_unreviewed
menu	SYL-VOCAB-P041-R22	1	part_1_true_exam	ocr_consensus_unreviewed
merchandise	SYL-VOCAB-P079-R38	1	part_2_zero_frequency	ocr_consensus_unreviewed
merchant	SYL-VOCAB-P080-L01	1	part_2_zero_frequency	ocr_consensus_unreviewed
mercury	SYL-VOCAB-P080-L02	1	part_2_zero_frequency	ocr_consensus_unreviewed
mercy	SYL-VOCAB-P041-R23	1	part_1_true_exam	ocr_consensus_unreviewed
mere	SYL-VOCAB-P041-R24	1	part_1_true_exam	ocr_consensus_unreviewed
merely	SYL-VOCAB-P041-R25	1	part_1_true_exam	ocr_consensus_unreviewed
merge	SYL-VOCAB-P041-R26	1	part_1_true_exam	ocr_consensus_unreviewed
merit	SYL-VOCAB-P041-R27	1	part_1_true_exam	ocr_consensus_unreviewed
merry	SYL-VOCAB-P080-L03	1	part_2_zero_frequency	ocr_consensus_unreviewed
mess	SYL-VOCAB-P080-L04	1	part_2_zero_frequency	ocr_consensus_unreviewed
message	SYL-VOCAB-P041-R28	1	part_1_true_exam	ocr_consensus_unreviewed
messenger	SYL-VOCAB-P041-R29	1	part_1_true_exam	ocr_consensus_unreviewed
metal	SYL-VOCAB-P041-R30	1	part_1_true_exam	ocr_consensus_unreviewed
metallurgy	SYL-VOCAB-P089-R27	1	part_3_beyond_syllabus	ocr_consensus_unreviewed
metaphor	SYL-VOCAB-P080-L05	1	part_2_zero_frequency	ocr_consensus_unreviewed
metaphysical	SYL-VOCAB-P089-R28	1	part_3_beyond_syllabus	ocr_consensus_unreviewed
method	SYL-VOCAB-P041-R31	1	part_1_true_exam	ocr_consensus_unreviewed
metre/meter	SYL-VOCAB-P041-R32	1	part_1_true_exam	ocr_consensus_unreviewed
metric	SYL-VOCAB-P041-R33	1	part_1_true_exam	ocr_consensus_unreviewed
metropolitan	SYL-VOCAB-P041-R34	1	part_1_true_exam	ocr_consensus_unreviewed
microphone	SYL-VOCAB-P080-L06	1	part_2_zero_frequency	ocr_consensus_unreviewed
microscope	SYL-VOCAB-P041-R35	1	part_1_true_exam	ocr_consensus_unreviewed
middle	SYL-VOCAB-P041-R36	1	part_1_true_exam	ocr_consensus_unreviewed
midst	SYL-VOCAB-P042-L01	1	part_1_true_exam	ocr_consensus_unreviewed
might	SYL-VOCAB-P042-L02	1	part_1_true_exam	ocr_consensus_unreviewed
migrate	SYL-VOCAB-P042-L03	1	part_1_true_exam	ocr_consensus_unreviewed
mild	SYL-VOCAB-P042-L04	1	part_1_true_exam	ocr_consensus_unreviewed
mile	SYL-VOCAB-P042-L05	1	part_1_true_exam	ocr_consensus_unreviewed
militant	SYL-VOCAB-P042-L06	1	part_1_true_exam	ocr_consensus_unreviewed
military	SYL-VOCAB-P042-L07	1	part_1_true_exam	ocr_consensus_unreviewed
milk	SYL-VOCAB-P042-L08	1	part_1_true_exam	ocr_consensus_unreviewed
mill	SYL-VOCAB-P080-L07	1	part_2_zero_frequency	ocr_consensus_unreviewed
millennial	SYL-VOCAB-P089-R29	1	part_3_beyond_syllabus	ocr_consensus_unreviewed
millimeter	SYL-VOCAB-P042-L09	1	part_1_true_exam	ocr_consensus_unreviewed
million	SYL-VOCAB-P042-L10	1	part_1_true_exam	ocr_consensus_unreviewed
millionaire	SYL-VOCAB-P080-L08	1	part_2_zero_frequency	ocr_consensus_unreviewed
mind	SYL-VOCAB-P042-L11	1	part_1_true_exam	ocr_consensus_unreviewed
mine	SYL-VOCAB-P042-L12	1	part_1_true_exam	ocr_consensus_unreviewed
mineral	SYL-VOCAB-P042-L13	1	part_1_true_exam	ocr_consensus_unreviewed
mingle	SYL-VOCAB-P080-L09	1	part_2_zero_frequency	ocr_consensus_unreviewed
miniature	SYL-VOCAB-P080-L10	1	part_2_zero_frequency	ocr_consensus_unreviewed
minimize	SYL-VOCAB-P042-L14	1	part_1_true_exam	ocr_consensus_unreviewed
minimum	SYL-VOCAB-P042-L15	1	part_1_true_exam	ocr_consensus_unreviewed
minister	SYL-VOCAB-P042-L16	1	part_1_true_exam	ocr_consensus_unreviewed
ministry	SYL-VOCAB-P080-L11	1	part_2_zero_frequency	pending_review_only
minor	SYL-VOCAB-P042-L17	1	part_1_true_exam	ocr_consensus_unreviewed
minority	SYL-VOCAB-P042-L18	1	part_1_true_exam	ocr_consensus_unreviewed
minus	SYL-VOCAB-P080-L12	1	part_2_zero_frequency	pending_review_only
minute	SYL-VOCAB-P042-L19	1	part_1_true_exam	ocr_consensus_unreviewed
miracle	SYL-VOCAB-P080-L13	1	part_2_zero_frequency	pending_review_only
mirror	SYL-VOCAB-P042-L20	1	part_1_true_exam	ocr_consensus_unreviewed
mischief	SYL-VOCAB-P080-L14	1	part_2_zero_frequency	pending_review_only
miserable	SYL-VOCAB-P042-L21	1	part_1_true_exam	ocr_consensus_unreviewed
misery	SYL-VOCAB-P042-L22	1	part_1_true_exam	ocr_consensus_unreviewed
misfortune	SYL-VOCAB-P042-L23	1	part_1_true_exam	ocr_consensus_unreviewed
mislead	SYL-VOCAB-P042-L24	1	part_1_true_exam	ocr_consensus_unreviewed
miss	SYL-VOCAB-P042-L25	1	part_1_true_exam	ocr_consensus_unreviewed
missile	SYL-VOCAB-P080-L15	1	part_2_zero_frequency	pending_review_only
missing	SYL-VOCAB-P042-L26	1	part_1_true_exam	ocr_consensus_unreviewed
mission	SYL-VOCAB-P042-L27	1	part_1_true_exam	ocr_consensus_unreviewed
missionary	SYL-VOCAB-P080-L16	1	part_2_zero_frequency	pending_review_only
mist	SYL-VOCAB-P080-L17	1	part_2_zero_frequency	pending_review_only
mistake	SYL-VOCAB-P042-L28	1	part_1_true_exam	ocr_consensus_unreviewed
mistress	SYL-VOCAB-P080-L18	1	part_2_zero_frequency	pending_review_only
misunderstand	SYL-VOCAB-P042-L29	1	part_1_true_exam	ocr_consensus_unreviewed
mitochondrial	SYL-VOCAB-P089-R30	1	part_3_beyond_syllabus	ocr_consensus_unreviewed
mix	SYL-VOCAB-P042-L30	1	part_1_true_exam	ocr_consensus_unreviewed
mixture	SYL-VOCAB-P042-L31	1	part_1_true_exam	ocr_consensus_unreviewed
moan	SYL-VOCAB-P042-L32	1	part_1_true_exam	ocr_consensus_unreviewed
mob	SYL-VOCAB-P080-L19	1	part_2_zero_frequency	pending_review_only
mobile	SYL-VOCAB-P042-L33	1	part_1_true_exam	ocr_consensus_unreviewed
mobilize	SYL-VOCAB-P042-R01	1	part_1_true_exam	ocr_consensus_unreviewed
mock	SYL-VOCAB-P042-R02	1	part_1_true_exam	ocr_consensus_unreviewed
mode	SYL-VOCAB-P042-R03	1	part_1_true_exam	ocr_consensus_unreviewed
model	SYL-VOCAB-P042-R04	1	part_1_true_exam	ocr_consensus_unreviewed
moderate	SYL-VOCAB-P042-R05	1	part_1_true_exam	ocr_consensus_unreviewed
modern	SYL-VOCAB-P042-R06	1	part_1_true_exam	ocr_consensus_unreviewed
modernization	SYL-VOCAB-P042-R07	1	part_1_true_exam	ocr_consensus_unreviewed
modest	SYL-VOCAB-P042-R08	1	part_1_true_exam	ocr_consensus_unreviewed
modify	SYL-VOCAB-P042-R09	1	part_1_true_exam	ocr_consensus_unreviewed
module	SYL-VOCAB-P080-L20	1	part_2_zero_frequency	pending_review_only
moist	SYL-VOCAB-P080-L21	1	part_2_zero_frequency	pending_review_only
moisture	SYL-VOCAB-P080-L22	1	part_2_zero_frequency	pending_review_only
molecule	SYL-VOCAB-P042-R10	1	part_1_true_exam	ocr_consensus_unreviewed
moment	SYL-VOCAB-P042-R11	1	part_1_true_exam	ocr_consensus_unreviewed
momentum	SYL-VOCAB-P080-L23	1	part_2_zero_frequency	pending_review_only
monarch	SYL-VOCAB-P042-R12	1	part_1_true_exam	ocr_consensus_unreviewed
monday	SYL-VOCAB-P042-R13	1	part_1_true_exam	ocr_consensus_unreviewed
monetary	SYL-VOCAB-P042-R14	1	part_1_true_exam	ocr_consensus_unreviewed
money	SYL-VOCAB-P042-R15	1	part_1_true_exam	ocr_consensus_unreviewed
monitor	SYL-VOCAB-P042-R16	1	part_1_true_exam	ocr_consensus_unreviewed
monkey	SYL-VOCAB-P042-R17	1	part_1_true_exam	ocr_consensus_unreviewed
monoglot	SYL-VOCAB-P089-R31	1	part_3_beyond_syllabus	ocr_consensus_unreviewed
monopoly	SYL-VOCAB-P042-R18	1	part_1_true_exam	ocr_consensus_unreviewed
monotonous	SYL-VOCAB-P042-R19	1	part_1_true_exam	ocr_consensus_unreviewed
monster	SYL-VOCAB-P042-R20	1	part_1_true_exam	ocr_consensus_unreviewed
month	SYL-VOCAB-P042-R21	1	part_1_true_exam	ocr_consensus_unreviewed
monthly	SYL-VOCAB-P042-R22	1	part_1_true_exam	ocr_consensus_unreviewed
monument	SYL-VOCAB-P042-R23	1	part_1_true_exam	ocr_consensus_unreviewed
mood	SYL-VOCAB-P042-R24	1	part_1_true_exam	ocr_consensus_unreviewed
moon	SYL-VOCAB-P042-R25	1	part_1_true_exam	ocr_consensus_unreviewed
moral	SYL-VOCAB-P042-R26	1	part_1_true_exam	ocr_consensus_unreviewed
morality	SYL-VOCAB-P042-R27	1	part_1_true_exam	ocr_consensus_unreviewed
more	SYL-VOCAB-P042-R28	1	part_1_true_exam	ocr_consensus_unreviewed
moreover	SYL-VOCAB-P042-R29	1	part_1_true_exam	ocr_consensus_unreviewed
morning	SYL-VOCAB-P042-R30	1	part_1_true_exam	ocr_consensus_unreviewed
mortal	SYL-VOCAB-P042-R31	1	part_1_true_exam	ocr_consensus_unreviewed
mortgage	SYL-VOCAB-P080-L24	1	part_2_zero_frequency	pending_review_only
mosaic	SYL-VOCAB-P080-L25	1	part_2_zero_frequency	pending_review_only
mosquito	SYL-VOCAB-P080-L26	1	part_2_zero_frequency	pending_review_only
moss	SYL-VOCAB-P080-L27	1	part_2_zero_frequency	pending_review_only
most	SYL-VOCAB-P042-R32	1	part_1_true_exam	ocr_consensus_unreviewed
mostly	SYL-VOCAB-P042-R33	1	part_1_true_exam	ocr_consensus_unreviewed
motel	SYL-VOCAB-P080-L28	1	part_2_zero_frequency	pending_review_only
mother	SYL-VOCAB-P042-R34	1	part_1_true_exam	ocr_consensus_unreviewed
motion	SYL-VOCAB-P042-R35	1	part_1_true_exam	ocr_consensus_unreviewed
motivate	SYL-VOCAB-P043-L01	1	part_1_true_exam	ocr_consensus_unreviewed
motive	SYL-VOCAB-P043-L02	1	part_1_true_exam	ocr_consensus_unreviewed
motor	SYL-VOCAB-P043-L03	1	part_1_true_exam	ocr_consensus_unreviewed
mould	SYL-VOCAB-P043-L04	1	part_1_true_exam	ocr_consensus_unreviewed
mount	SYL-VOCAB-P043-L05	1	part_1_true_exam	ocr_consensus_unreviewed
mountain	SYL-VOCAB-P043-L06	1	part_1_true_exam	ocr_consensus_unreviewed
mourn	SYL-VOCAB-P043-L07	1	part_1_true_exam	ocr_consensus_unreviewed
mouse	SYL-VOCAB-P043-L08	1	part_1_true_exam	ocr_consensus_unreviewed
mouth	SYL-VOCAB-P043-L09	1	part_1_true_exam	ocr_consensus_unreviewed
move	SYL-VOCAB-P043-L10	1	part_1_true_exam	ocr_consensus_unreviewed
movement	SYL-VOCAB-P043-L11	1	part_1_true_exam	ocr_consensus_unreviewed
movie	SYL-VOCAB-P043-L12	1	part_1_true_exam	ocr_consensus_unreviewed
much	SYL-VOCAB-P043-L13	1	part_1_true_exam	ocr_consensus_unreviewed
mud	SYL-VOCAB-P080-L29	1	part_2_zero_frequency	pending_review_only
mug	SYL-VOCAB-P080-L30	1	part_2_zero_frequency	pending_review_only
multiple	SYL-VOCAB-P043-L14	1	part_1_true_exam	ocr_consensus_unreviewed
multiply	SYL-VOCAB-P043-L15	1	part_1_true_exam	ocr_consensus_unreviewed
multitude	SYL-VOCAB-P043-L16	1	part_1_true_exam	ocr_consensus_unreviewed
mundane	SYL-VOCAB-P089-R32	1	part_3_beyond_syllabus	ocr_consensus_unreviewed
municipal	SYL-VOCAB-P043-L17	1	part_1_true_exam	ocr_consensus_unreviewed
murder	SYL-VOCAB-P043-L18	1	part_1_true_exam	ocr_consensus_unreviewed
murmur	SYL-VOCAB-P080-L31	1	part_2_zero_frequency	pending_review_only
muscle	SYL-VOCAB-P043-L19	1	part_1_true_exam	ocr_consensus_unreviewed
muscular	SYL-VOCAB-P043-L20	1	part_1_true_exam	ocr_consensus_unreviewed
museum	SYL-VOCAB-P043-L21	1	part_1_true_exam	ocr_consensus_unreviewed
mushroom	SYL-VOCAB-P080-L32	1	part_2_zero_frequency	pending_review_only
music	SYL-VOCAB-P043-L22	1	part_1_true_exam	ocr_consensus_unreviewed
musical	SYL-VOCAB-P043-L23	1	part_1_true_exam	ocr_consensus_unreviewed
musician	SYL-VOCAB-P043-L24	1	part_1_true_exam	ocr_consensus_unreviewed
must	SYL-VOCAB-P043-L25	1	part_1_true_exam	ocr_consensus_unreviewed
mute	SYL-VOCAB-P043-L26	1	part_1_true_exam	ocr_consensus_unreviewed
mutter	SYL-VOCAB-P080-L33	1	part_2_zero_frequency	pending_review_only
mutton	SYL-VOCAB-P080-L34	1	part_2_zero_frequency	pending_review_only
mutual	SYL-VOCAB-P043-L27	1	part_1_true_exam	verified_manual_visual
my	SYL-VOCAB-P043-L28	1	part_1_true_exam	ocr_consensus_unreviewed
myself	SYL-VOCAB-P043-L29	1	part_1_true_exam	ocr_consensus_unreviewed
mysterious	SYL-VOCAB-P043-L30	1	part_1_true_exam	ocr_consensus_unreviewed
mystery	SYL-VOCAB-P043-L31	1	part_1_true_exam	ocr_consensus_unreviewed
myth	SYL-VOCAB-P043-L32	1	part_1_true_exam	ocr_consensus_unreviewed
nail	SYL-VOCAB-P043-L33	1	part_1_true_exam	ocr_consensus_unreviewed
naive	SYL-VOCAB-P043-R01	1	part_1_true_exam	ocr_consensus_unreviewed
naked	SYL-VOCAB-P080-L35	1	part_2_zero_frequency	pending_review_only
name	SYL-VOCAB-P043-R02	1	part_1_true_exam	ocr_consensus_unreviewed
namely	SYL-VOCAB-P080-L36	1	part_2_zero_frequency	pending_review_only
nap	SYL-VOCAB-P080-L37	1	part_2_zero_frequency	pending_review_only
napkin	SYL-VOCAB-P080-L38	1	part_2_zero_frequency	pending_review_only
narrative	SYL-VOCAB-P043-R03	1	part_1_true_exam	ocr_consensus_unreviewed
narrow	SYL-VOCAB-P043-R04	1	part_1_true_exam	ocr_consensus_unreviewed
nasty	SYL-VOCAB-P043-R05	1	part_1_true_exam	ocr_consensus_unreviewed
nation	SYL-VOCAB-P043-R06	1	part_1_true_exam	ocr_consensus_unreviewed
national	SYL-VOCAB-P043-R07	1	part_1_true_exam	ocr_consensus_unreviewed
nationality	SYL-VOCAB-P080-L39	1	part_2_zero_frequency	pending_review_only
native	SYL-VOCAB-P043-R08	1	part_1_true_exam	ocr_consensus_unreviewed
natural	SYL-VOCAB-P043-R09	1	part_1_true_exam	ocr_consensus_unreviewed
nature	SYL-VOCAB-P043-R10	1	part_1_true_exam	ocr_consensus_unreviewed
naughty	SYL-VOCAB-P080-L40	1	part_2_zero_frequency	pending_review_only
naval	SYL-VOCAB-P080-R01	1	part_2_zero_frequency	ocr_consensus_unreviewed
navigation	SYL-VOCAB-P043-R11	1	part_1_true_exam	ocr_consensus_unreviewed
navy	SYL-VOCAB-P080-R02	1	part_2_zero_frequency	ocr_consensus_unreviewed
near	SYL-VOCAB-P043-R12	1	part_1_true_exam	ocr_consensus_unreviewed
nearby	SYL-VOCAB-P043-R13	1	part_1_true_exam	ocr_consensus_unreviewed
nearly	SYL-VOCAB-P043-R14	1	part_1_true_exam	ocr_consensus_unreviewed
neat	SYL-VOCAB-P043-R15	1	part_1_true_exam	ocr_consensus_unreviewed
necessary	SYL-VOCAB-P043-R16	1	part_1_true_exam	ocr_consensus_unreviewed
necessitate	SYL-VOCAB-P043-R17	1	part_1_true_exam	ocr_consensus_unreviewed
necessity	SYL-VOCAB-P043-R18	1	part_1_true_exam	ocr_consensus_unreviewed
neck	SYL-VOCAB-P080-R03	1	part_2_zero_frequency	ocr_consensus_unreviewed
necklace	SYL-VOCAB-P043-R19	1	part_1_true_exam	ocr_consensus_unreviewed
need	SYL-VOCAB-P043-R20	1	part_1_true_exam	ocr_consensus_unreviewed
needle	SYL-VOCAB-P080-R04	1	part_2_zero_frequency	ocr_consensus_unreviewed
negative	SYL-VOCAB-P043-R21	1	part_1_true_exam	ocr_consensus_unreviewed
neglect	SYL-VOCAB-P043-R22	1	part_1_true_exam	ocr_consensus_unreviewed
negligible	SYL-VOCAB-P043-R23	1	part_1_true_exam	ocr_consensus_unreviewed
negotiate	SYL-VOCAB-P043-R24	1	part_1_true_exam	ocr_consensus_unreviewed
negro	SYL-VOCAB-P080-R05	1	part_2_zero_frequency	ocr_consensus_unreviewed
neighbor	SYL-VOCAB-P043-R25	1	part_1_true_exam	ocr_consensus_unreviewed
neighbourhood	SYL-VOCAB-P043-R26	1	part_1_true_exam	ocr_consensus_unreviewed
neither	SYL-VOCAB-P043-R27	1	part_1_true_exam	ocr_consensus_unreviewed
nephew	SYL-VOCAB-P080-R06	1	part_2_zero_frequency	ocr_consensus_unreviewed
nerve	SYL-VOCAB-P043-R28	1	part_1_true_exam	ocr_consensus_unreviewed
nervous	SYL-VOCAB-P043-R29	1	part_1_true_exam	ocr_consensus_unreviewed
nest	SYL-VOCAB-P043-R30	1	part_1_true_exam	ocr_consensus_unreviewed
net	SYL-VOCAB-P043-R31	1	part_1_true_exam	ocr_consensus_unreviewed
network	SYL-VOCAB-P043-R32	1	part_1_true_exam	ocr_consensus_unreviewed
neutral	SYL-VOCAB-P044-L01	1	part_1_true_exam	ocr_consensus_unreviewed
neutron	SYL-VOCAB-P080-R07	1	part_2_zero_frequency	ocr_consensus_unreviewed
never	SYL-VOCAB-P044-L02	1	part_1_true_exam	ocr_consensus_unreviewed
nevertheless	SYL-VOCAB-P044-L03	1	part_1_true_exam	ocr_consensus_unreviewed
new	SYL-VOCAB-P044-L04	1	part_1_true_exam	ocr_consensus_unreviewed
news	SYL-VOCAB-P044-L05	1	part_1_true_exam	ocr_consensus_unreviewed
newspaper	SYL-VOCAB-P044-L06	1	part_1_true_exam	ocr_consensus_unreviewed
next	SYL-VOCAB-P044-L07	1	part_1_true_exam	ocr_consensus_unreviewed
nice	SYL-VOCAB-P044-L08	1	part_1_true_exam	ocr_consensus_unreviewed
nickel	SYL-VOCAB-P080-R08	1	part_2_zero_frequency	ocr_consensus_unreviewed
nickname	SYL-VOCAB-P044-L09	1	part_1_true_exam	ocr_consensus_unreviewed
niece	SYL-VOCAB-P080-R09	1	part_2_zero_frequency	ocr_consensus_unreviewed
night	SYL-VOCAB-P044-L10	1	part_1_true_exam	ocr_consensus_unreviewed
nightmare	SYL-VOCAB-P044-L11	1	part_1_true_exam	ocr_consensus_unreviewed
nine	SYL-VOCAB-P044-L12	1	part_1_true_exam	ocr_consensus_unreviewed
nineteen	SYL-VOCAB-P044-L13	1	part_1_true_exam	ocr_consensus_unreviewed
ninety	SYL-VOCAB-P044-L14	1	part_1_true_exam	ocr_consensus_unreviewed
nitrogen	SYL-VOCAB-P044-L15	1	part_1_true_exam	ocr_consensus_unreviewed
no	SYL-VOCAB-P044-L16	1	part_1_true_exam	ocr_consensus_unreviewed
noble	SYL-VOCAB-P044-L17	1	part_1_true_exam	ocr_consensus_unreviewed
nobody	SYL-VOCAB-P044-L18	1	part_1_true_exam	ocr_consensus_unreviewed
nod	SYL-VOCAB-P044-L19	1	part_1_true_exam	ocr_consensus_unreviewed
noise	SYL-VOCAB-P044-L20	1	part_1_true_exam	ocr_consensus_unreviewed
noisy	SYL-VOCAB-P044-L21	1	part_1_true_exam	ocr_consensus_unreviewed
nominal	SYL-VOCAB-P080-R10	1	part_2_zero_frequency	ocr_consensus_unreviewed
nominate	SYL-VOCAB-P080-R11	1	part_2_zero_frequency	ocr_consensus_unreviewed
none	SYL-VOCAB-P044-L22	1	part_1_true_exam	ocr_consensus_unreviewed
nonetheless	SYL-VOCAB-P044-L23	1	part_1_true_exam	ocr_consensus_unreviewed
nonsense	SYL-VOCAB-P044-L24	1	part_1_true_exam	ocr_consensus_unreviewed
noodle	SYL-VOCAB-P080-R12	1	part_2_zero_frequency	ocr_consensus_unreviewed
noon	SYL-VOCAB-P080-R13	1	part_2_zero_frequency	ocr_consensus_unreviewed
nor	SYL-VOCAB-P044-L25	1	part_1_true_exam	ocr_consensus_unreviewed
norm	SYL-VOCAB-P044-L26	1	part_1_true_exam	ocr_consensus_unreviewed
normal	SYL-VOCAB-P044-L27	1	part_1_true_exam	ocr_consensus_unreviewed
normalization	SYL-VOCAB-P080-R14	1	part_2_zero_frequency	ocr_consensus_unreviewed
north	SYL-VOCAB-P044-L28	1	part_1_true_exam	ocr_consensus_unreviewed
northeast	SYL-VOCAB-P044-L29	1	part_1_true_exam	ocr_consensus_unreviewed
northern	SYL-VOCAB-P044-L30	1	part_1_true_exam	ocr_consensus_unreviewed
northwest	SYL-VOCAB-P044-L31	1	part_1_true_exam	ocr_consensus_unreviewed
nose	SYL-VOCAB-P044-L32	1	part_1_true_exam	ocr_consensus_unreviewed
nostalgic	SYL-VOCAB-P044-L33	1	part_1_true_exam	ocr_consensus_unreviewed
not	SYL-VOCAB-P044-L34	1	part_1_true_exam	ocr_consensus_unreviewed
notable	SYL-VOCAB-P044-L35	1	part_1_true_exam	ocr_consensus_unreviewed
note	SYL-VOCAB-P044-R01	1	part_1_true_exam	ocr_consensus_unreviewed
notebook	SYL-VOCAB-P080-R15	1	part_2_zero_frequency	ocr_consensus_unreviewed
nothing	SYL-VOCAB-P044-R02	1	part_1_true_exam	ocr_consensus_unreviewed
notice	SYL-VOCAB-P044-R03	1	part_1_true_exam	ocr_consensus_unreviewed
noticeable	SYL-VOCAB-P044-R04	1	part_1_true_exam	ocr_consensus_unreviewed
notify	SYL-VOCAB-P044-R05	1	part_1_true_exam	ocr_consensus_unreviewed
notion	SYL-VOCAB-P044-R06	1	part_1_true_exam	ocr_consensus_unreviewed
notorious	SYL-VOCAB-P044-R07	1	part_1_true_exam	ocr_consensus_unreviewed
notwithstanding	SYL-VOCAB-P080-R16	1	part_2_zero_frequency	ocr_consensus_unreviewed
noun	SYL-VOCAB-P080-R17	1	part_2_zero_frequency	ocr_consensus_unreviewed
nourish	SYL-VOCAB-P080-R18	1	part_2_zero_frequency	ocr_consensus_unreviewed
novel	SYL-VOCAB-P044-R08	1	part_1_true_exam	ocr_consensus_unreviewed
novelty	SYL-VOCAB-P044-R09	1	part_1_true_exam	ocr_consensus_unreviewed
november	SYL-VOCAB-P080-R19	1	part_2_zero_frequency	ocr_consensus_unreviewed
now	SYL-VOCAB-P044-R10	1	part_1_true_exam	ocr_consensus_unreviewed
nowadays	SYL-VOCAB-P044-R11	1	part_1_true_exam	ocr_consensus_unreviewed
nowhere	SYL-VOCAB-P044-R12	1	part_1_true_exam	ocr_consensus_unreviewed
nuclear	SYL-VOCAB-P044-R13	1	part_1_true_exam	ocr_consensus_unreviewed
nucleus	SYL-VOCAB-P044-R14	1	part_1_true_exam	ocr_consensus_unreviewed
nudge	SYL-VOCAB-P089-R33	1	part_3_beyond_syllabus	ocr_consensus_unreviewed
nuisance	SYL-VOCAB-P044-R15	1	part_1_true_exam	ocr_consensus_unreviewed
numb	SYL-VOCAB-P080-R20	1	part_2_zero_frequency	ocr_consensus_unreviewed
number	SYL-VOCAB-P044-R16	1	part_1_true_exam	ocr_consensus_unreviewed
numerical	SYL-VOCAB-P044-R17	1	part_1_true_exam	ocr_consensus_unreviewed
numerous	SYL-VOCAB-P044-R18	1	part_1_true_exam	ocr_consensus_unreviewed
nurse	SYL-VOCAB-P044-R19	1	part_1_true_exam	ocr_consensus_unreviewed
nursery	SYL-VOCAB-P080-R21	1	part_2_zero_frequency	ocr_consensus_unreviewed
nurture	SYL-VOCAB-P044-R20	1	part_1_true_exam	ocr_consensus_unreviewed
nut	SYL-VOCAB-P044-R21	1	part_1_true_exam	ocr_consensus_unreviewed
nutrition	SYL-VOCAB-P044-R22	1	part_1_true_exam	ocr_consensus_unreviewed
nylon	SYL-VOCAB-P080-R22	1	part_2_zero_frequency	ocr_consensus_unreviewed
o'clock	SYL-VOCAB-P080-R31	1	part_2_zero_frequency	ocr_consensus_unreviewed
oak	SYL-VOCAB-P080-R23	1	part_2_zero_frequency	ocr_consensus_unreviewed
oar	SYL-VOCAB-P080-R24	1	part_2_zero_frequency	ocr_consensus_unreviewed
oath	SYL-VOCAB-P080-R25	1	part_2_zero_frequency	ocr_consensus_unreviewed
obedience	SYL-VOCAB-P044-R23	1	part_1_true_exam	ocr_consensus_unreviewed
obedient	SYL-VOCAB-P044-R24	1	part_1_true_exam	ocr_consensus_unreviewed
obesity	SYL-VOCAB-P080-R26	1	part_2_zero_frequency	ocr_consensus_unreviewed
obey	SYL-VOCAB-P080-R27	1	part_2_zero_frequency	ocr_consensus_unreviewed
object	SYL-VOCAB-P044-R25	1	part_1_true_exam	ocr_consensus_unreviewed
objection	SYL-VOCAB-P044-R26	1	part_1_true_exam	ocr_consensus_unreviewed
objective	SYL-VOCAB-P044-R27	1	part_1_true_exam	ocr_consensus_unreviewed
obligation	SYL-VOCAB-P044-R28	1	part_1_true_exam	ocr_consensus_unreviewed
oblige	SYL-VOCAB-P044-R29	1	part_1_true_exam	ocr_consensus_unreviewed
obscure	SYL-VOCAB-P044-R30	1	part_1_true_exam	ocr_consensus_unreviewed
observation	SYL-VOCAB-P044-R31	1	part_1_true_exam	ocr_consensus_unreviewed
observatory	SYL-VOCAB-P089-R34	1	part_3_beyond_syllabus	ocr_consensus_unreviewed
observe	SYL-VOCAB-P044-R32	1	part_1_true_exam	ocr_consensus_unreviewed
obsession	SYL-VOCAB-P045-L01	1	part_1_true_exam	ocr_consensus_unreviewed
obsolete	SYL-VOCAB-P080-R28	1	part_2_zero_frequency	ocr_consensus_unreviewed
obstacle	SYL-VOCAB-P045-L02	1	part_1_true_exam	ocr_consensus_unreviewed
obstruct	SYL-VOCAB-P080-R29	1	part_2_zero_frequency	ocr_consensus_unreviewed
obstruction	SYL-VOCAB-P080-R30	1	part_2_zero_frequency	ocr_consensus_unreviewed
obtain	SYL-VOCAB-P045-L03	1	part_1_true_exam	ocr_consensus_unreviewed
obvious	SYL-VOCAB-P045-L04	1	part_1_true_exam	ocr_consensus_unreviewed
occasion	SYL-VOCAB-P045-L05	1	part_1_true_exam	ocr_consensus_unreviewed
occasional	SYL-VOCAB-P045-L06	1	part_1_true_exam	ocr_consensus_unreviewed
occupation	SYL-VOCAB-P045-L07	1	part_1_true_exam	ocr_consensus_unreviewed
occupy	SYL-VOCAB-P045-L08	1	part_1_true_exam	ocr_consensus_unreviewed
occur	SYL-VOCAB-P045-L09	1	part_1_true_exam	pending_review_only
occurrence	SYL-VOCAB-P045-L10	1	part_1_true_exam	ocr_consensus_unreviewed
ocean	SYL-VOCAB-P045-L11	1	part_1_true_exam	ocr_consensus_unreviewed
october	SYL-VOCAB-P045-L12	1	part_1_true_exam	ocr_consensus_unreviewed
odd	SYL-VOCAB-P045-L13	1	part_1_true_exam	ocr_consensus_unreviewed
odds	SYL-VOCAB-P045-L14	1	part_1_true_exam	ocr_consensus_unreviewed
odor	SYL-VOCAB-P080-R32	1	part_2_zero_frequency	ocr_consensus_unreviewed
of	SYL-VOCAB-P045-L15	1	part_1_true_exam	ocr_consensus_unreviewed
off	SYL-VOCAB-P045-L16	1	part_1_true_exam	ocr_consensus_unreviewed
offend	SYL-VOCAB-P045-L17	1	part_1_true_exam	ocr_consensus_unreviewed
offensive	SYL-VOCAB-P045-L18	1	part_1_true_exam	ocr_consensus_unreviewed
offer	SYL-VOCAB-P045-L19	1	part_1_true_exam	ocr_consensus_unreviewed
office	SYL-VOCAB-P045-L20	1	part_1_true_exam	ocr_consensus_unreviewed
officer	SYL-VOCAB-P045-L21	1	part_1_true_exam	ocr_consensus_unreviewed
official	SYL-VOCAB-P045-L22	1	part_1_true_exam	ocr_consensus_unreviewed
offset	SYL-VOCAB-P045-L23	1	part_1_true_exam	ocr_consensus_unreviewed
offspring	SYL-VOCAB-P045-L24	1	part_1_true_exam	ocr_consensus_unreviewed
often	SYL-VOCAB-P045-L25	1	part_1_true_exam	ocr_consensus_unreviewed
oil	SYL-VOCAB-P045-L26	1	part_1_true_exam	ocr_consensus_unreviewed
okay	SYL-VOCAB-P045-L27	1	part_1_true_exam	ocr_consensus_unreviewed
old	SYL-VOCAB-P045-L28	1	part_1_true_exam	ocr_consensus_unreviewed
omit	SYL-VOCAB-P045-L29	1	part_1_true_exam	ocr_consensus_unreviewed
omnivore	SYL-VOCAB-P089-R35	1	part_3_beyond_syllabus	ocr_consensus_unreviewed
on	SYL-VOCAB-P045-L30	1	part_1_true_exam	ocr_consensus_unreviewed
once	SYL-VOCAB-P045-R01	1	part_1_true_exam	ocr_consensus_unreviewed
one	SYL-VOCAB-P045-R02	1	part_1_true_exam	ocr_consensus_unreviewed
oneself	SYL-VOCAB-P045-R03	1	part_1_true_exam	ocr_consensus_unreviewed
onion	SYL-VOCAB-P080-R33	1	part_2_zero_frequency	ocr_consensus_unreviewed
only	SYL-VOCAB-P045-R04	1	part_1_true_exam	ocr_consensus_unreviewed
onto	SYL-VOCAB-P045-R05	1	part_1_true_exam	ocr_consensus_unreviewed
opaque	SYL-VOCAB-P080-R34	1	part_2_zero_frequency	ocr_consensus_unreviewed
open	SYL-VOCAB-P045-R06	1	part_1_true_exam	ocr_consensus_unreviewed
opening	SYL-VOCAB-P045-R07	1	part_1_true_exam	ocr_consensus_unreviewed
opera	SYL-VOCAB-P045-R08	1	part_1_true_exam	ocr_consensus_unreviewed
operate	SYL-VOCAB-P045-R09	1	part_1_true_exam	ocr_consensus_unreviewed
operation	SYL-VOCAB-P045-R10	1	part_1_true_exam	ocr_consensus_unreviewed
operational	SYL-VOCAB-P045-R11	1	part_1_true_exam	ocr_consensus_unreviewed
operator	SYL-VOCAB-P045-R12	1	part_1_true_exam	ocr_consensus_unreviewed
opinion	SYL-VOCAB-P045-R13	1	part_1_true_exam	ocr_consensus_unreviewed
opponent	SYL-VOCAB-P045-R14	1	part_1_true_exam	ocr_consensus_unreviewed
opportunity	SYL-VOCAB-P045-R15	1	part_1_true_exam	ocr_consensus_unreviewed
oppose	SYL-VOCAB-P045-R16	1	part_1_true_exam	ocr_consensus_unreviewed
opposite	SYL-VOCAB-P045-R17	1	part_1_true_exam	ocr_consensus_unreviewed
oppress	SYL-VOCAB-P045-R18	1	part_1_true_exam	ocr_consensus_unreviewed
opt	SYL-VOCAB-P080-R35	1	part_2_zero_frequency	ocr_consensus_unreviewed
optical	SYL-VOCAB-P080-R36	1	part_2_zero_frequency	ocr_consensus_unreviewed
optimistic	SYL-VOCAB-P045-R19	1	part_1_true_exam	ocr_consensus_unreviewed
optimum	SYL-VOCAB-P080-R37	1	part_2_zero_frequency	ocr_consensus_unreviewed
option	SYL-VOCAB-P045-R20	1	part_1_true_exam	ocr_consensus_unreviewed
optional	SYL-VOCAB-P045-R21	1	part_1_true_exam	ocr_consensus_unreviewed
or	SYL-VOCAB-P045-R22	1	part_1_true_exam	ocr_consensus_unreviewed
oral	SYL-VOCAB-P045-R23	1	part_1_true_exam	ocr_consensus_unreviewed
orange	SYL-VOCAB-P045-R24	1	part_1_true_exam	ocr_consensus_unreviewed
orbit	SYL-VOCAB-P045-R25	1	part_1_true_exam	ocr_consensus_unreviewed
orchard	SYL-VOCAB-P080-R38	1	part_2_zero_frequency	ocr_consensus_unreviewed
orchestra	SYL-VOCAB-P045-R26	1	part_1_true_exam	ocr_consensus_unreviewed
order	SYL-VOCAB-P045-R27	1	part_1_true_exam	ocr_consensus_unreviewed
orderly	SYL-VOCAB-P045-R28	1	part_1_true_exam	ocr_consensus_unreviewed
ordinary	SYL-VOCAB-P045-R29	1	part_1_true_exam	ocr_consensus_unreviewed
ore	SYL-VOCAB-P080-R39	1	part_2_zero_frequency	ocr_consensus_unreviewed
organ	SYL-VOCAB-P045-R30	1	part_1_true_exam	ocr_consensus_unreviewed
organic	SYL-VOCAB-P045-R31	1	part_1_true_exam	ocr_consensus_unreviewed
organism	SYL-VOCAB-P045-R32	1	part_1_true_exam	ocr_consensus_unreviewed
organization	SYL-VOCAB-P045-R33	1	part_1_true_exam	ocr_consensus_unreviewed
organize	SYL-VOCAB-P045-R34	1	part_1_true_exam	ocr_consensus_unreviewed
orient	SYL-VOCAB-P046-L01	1	part_1_true_exam	ocr_consensus_unreviewed
oriental	SYL-VOCAB-P080-R40	1	part_2_zero_frequency	ocr_consensus_unreviewed
orientation	SYL-VOCAB-P046-L02	1	part_1_true_exam	ocr_consensus_unreviewed
origin	SYL-VOCAB-P046-L03	1	part_1_true_exam	ocr_consensus_unreviewed
original	SYL-VOCAB-P046-L04	1	part_1_true_exam	ocr_consensus_unreviewed
originate	SYL-VOCAB-P046-L05	1	part_1_true_exam	ocr_consensus_unreviewed
ornament	SYL-VOCAB-P046-L06	1	part_1_true_exam	ocr_consensus_unreviewed
ornate	SYL-VOCAB-P089-R36	1	part_3_beyond_syllabus	ocr_consensus_unreviewed
orphan	SYL-VOCAB-P046-L07	1	part_1_true_exam	ocr_consensus_unreviewed
orthodox	SYL-VOCAB-P080-R41	1	part_2_zero_frequency	ocr_consensus_unreviewed
other	SYL-VOCAB-P046-L08	1	part_1_true_exam	ocr_consensus_unreviewed
otherwise	SYL-VOCAB-P046-L09	1	part_1_true_exam	ocr_consensus_unreviewed
ought	SYL-VOCAB-P046-L10	1	part_1_true_exam	ocr_consensus_unreviewed
ounce	SYL-VOCAB-P081-L01	1	part_2_zero_frequency	ocr_consensus_unreviewed
our	SYL-VOCAB-P046-L11	1	part_1_true_exam	ocr_consensus_unreviewed
ours	SYL-VOCAB-P046-L12	1	part_1_true_exam	ocr_consensus_unreviewed
ourselves	SYL-VOCAB-P046-L13	1	part_1_true_exam	ocr_consensus_unreviewed
out	SYL-VOCAB-P046-L14	1	part_1_true_exam	ocr_consensus_unreviewed
outbreak	SYL-VOCAB-P081-L02	1	part_2_zero_frequency	ocr_consensus_unreviewed
outcome	SYL-VOCAB-P046-L15	1	part_1_true_exam	ocr_consensus_unreviewed
outdoor	SYL-VOCAB-P081-L03	1	part_2_zero_frequency	ocr_consensus_unreviewed
outer	SYL-VOCAB-P046-L16	1	part_1_true_exam	ocr_consensus_unreviewed
outfit	SYL-VOCAB-P081-L04	1	part_2_zero_frequency	ocr_consensus_unreviewed
outing	SYL-VOCAB-P081-L05	1	part_2_zero_frequency	ocr_consensus_unreviewed
outlet	SYL-VOCAB-P046-L17	1	part_1_true_exam	ocr_consensus_unreviewed
outline	SYL-VOCAB-P046-L18	1	part_1_true_exam	ocr_consensus_unreviewed
outlook	SYL-VOCAB-P046-L19	1	part_1_true_exam	ocr_consensus_unreviewed
output	SYL-VOCAB-P046-L20	1	part_1_true_exam	ocr_consensus_unreviewed
outrage	SYL-VOCAB-P046-L21	1	part_1_true_exam	ocr_consensus_unreviewed
outset	SYL-VOCAB-P046-L22	1	part_1_true_exam	ocr_consensus_unreviewed
outside	SYL-VOCAB-P046-L23	1	part_1_true_exam	ocr_consensus_unreviewed
outskirts	SYL-VOCAB-P081-L06	1	part_2_zero_frequency	ocr_consensus_unreviewed
outstanding	SYL-VOCAB-P046-L24	1	part_1_true_exam	ocr_consensus_unreviewed
outward	SYL-VOCAB-P046-L25	1	part_1_true_exam	ocr_consensus_unreviewed
oval	SYL-VOCAB-P081-L07	1	part_2_zero_frequency	ocr_consensus_unreviewed
oven	SYL-VOCAB-P081-L08	1	part_2_zero_frequency	ocr_consensus_unreviewed
over	SYL-VOCAB-P046-L26	1	part_1_true_exam	ocr_consensus_unreviewed
overall	SYL-VOCAB-P046-L27	1	part_1_true_exam	ocr_consensus_unreviewed
overcoat	SYL-VOCAB-P081-L09	1	part_2_zero_frequency	ocr_consensus_unreviewed
overcome	SYL-VOCAB-P046-L28	1	part_1_true_exam	ocr_consensus_unreviewed
overflow	SYL-VOCAB-P081-L10	1	part_2_zero_frequency	ocr_consensus_unreviewed
overhaul	SYL-VOCAB-P081-L11	1	part_2_zero_frequency	ocr_consensus_unreviewed
overhead	SYL-VOCAB-P046-L29	1	part_1_true_exam	ocr_consensus_unreviewed
overhear	SYL-VOCAB-P081-L12	1	part_2_zero_frequency	ocr_consensus_unreviewed
overlap	SYL-VOCAB-P046-R01	1	part_1_true_exam	ocr_consensus_unreviewed
overlook	SYL-VOCAB-P046-R02	1	part_1_true_exam	ocr_consensus_unreviewed
overnight	SYL-VOCAB-P081-L13	1	part_2_zero_frequency	ocr_consensus_unreviewed
overpass	SYL-VOCAB-P081-L14	1	part_2_zero_frequency	ocr_consensus_unreviewed
overrule	SYL-VOCAB-P089-R37	1	part_3_beyond_syllabus	ocr_consensus_unreviewed
overseas	SYL-VOCAB-P046-R03	1	part_1_true_exam	ocr_consensus_unreviewed
overtake	SYL-VOCAB-P081-L15	1	part_2_zero_frequency	ocr_consensus_unreviewed
overthrow	SYL-VOCAB-P081-L16	1	part_2_zero_frequency	ocr_consensus_unreviewed
overtime	SYL-VOCAB-P081-L17	1	part_2_zero_frequency	ocr_consensus_unreviewed
overturn	SYL-VOCAB-P046-R04	1	part_1_true_exam	ocr_consensus_unreviewed
overwhelm	SYL-VOCAB-P081-L18	1	part_2_zero_frequency	ocr_consensus_unreviewed
overwhelming	SYL-VOCAB-P046-R05	1	part_1_true_exam	ocr_consensus_unreviewed
owe	SYL-VOCAB-P046-R06	1	part_1_true_exam	ocr_consensus_unreviewed
owing	SYL-VOCAB-P046-R07	1	part_1_true_exam	ocr_consensus_unreviewed
owl	SYL-VOCAB-P081-L19	1	part_2_zero_frequency	ocr_consensus_unreviewed
own	SYL-VOCAB-P046-R08	1	part_1_true_exam	ocr_consensus_unreviewed
owner	SYL-VOCAB-P046-R09	1	part_1_true_exam	ocr_consensus_unreviewed
ownership	SYL-VOCAB-P046-R10	1	part_1_true_exam	ocr_consensus_unreviewed
ox	SYL-VOCAB-P081-L20	1	part_2_zero_frequency	ocr_consensus_unreviewed
oxide	SYL-VOCAB-P081-L21	1	part_2_zero_frequency	ocr_consensus_unreviewed
oxygen	SYL-VOCAB-P046-R11	1	part_1_true_exam	ocr_consensus_unreviewed
oxytocin	SYL-VOCAB-P089-R38	1	part_3_beyond_syllabus	ocr_consensus_unreviewed
ozone	SYL-VOCAB-P046-R12	1	part_1_true_exam	ocr_consensus_unreviewed
pace	SYL-VOCAB-P046-R13	1	part_1_true_exam	ocr_consensus_unreviewed
pack	SYL-VOCAB-P046-R14	1	part_1_true_exam	ocr_consensus_unreviewed
package	SYL-VOCAB-P046-R15	1	part_1_true_exam	ocr_consensus_unreviewed
packet	SYL-VOCAB-P046-R16	1	part_1_true_exam	ocr_consensus_unreviewed
pact	SYL-VOCAB-P081-L22	1	part_2_zero_frequency	ocr_consensus_unreviewed
pad	SYL-VOCAB-P081-L23	1	part_2_zero_frequency	ocr_consensus_unreviewed
paddle	SYL-VOCAB-P081-L24	1	part_2_zero_frequency	ocr_consensus_unreviewed
page	SYL-VOCAB-P046-R17	1	part_1_true_exam	ocr_consensus_unreviewed
pail	SYL-VOCAB-P081-L25	1	part_2_zero_frequency	ocr_consensus_unreviewed
pain	SYL-VOCAB-P046-R18	1	part_1_true_exam	ocr_consensus_unreviewed
painful	SYL-VOCAB-P046-R19	1	part_1_true_exam	ocr_consensus_unreviewed
paint	SYL-VOCAB-P046-R20	1	part_1_true_exam	ocr_consensus_unreviewed
painter	SYL-VOCAB-P081-L26	1	part_2_zero_frequency	ocr_consensus_unreviewed
painting	SYL-VOCAB-P046-R21	1	part_1_true_exam	ocr_consensus_unreviewed
pair	SYL-VOCAB-P046-R22	1	part_1_true_exam	ocr_consensus_unreviewed
palace	SYL-VOCAB-P046-R23	1	part_1_true_exam	ocr_consensus_unreviewed
pale	SYL-VOCAB-P081-L27	1	part_2_zero_frequency	ocr_consensus_unreviewed
palm	SYL-VOCAB-P046-R24	1	part_1_true_exam	ocr_consensus_unreviewed
pamphlet	SYL-VOCAB-P046-R25	1	part_1_true_exam	ocr_consensus_unreviewed
pan	SYL-VOCAB-P046-R26	1	part_1_true_exam	ocr_consensus_unreviewed
panda	SYL-VOCAB-P081-L28	1	part_2_zero_frequency	ocr_consensus_unreviewed
panel	SYL-VOCAB-P046-R27	1	part_1_true_exam	ocr_consensus_unreviewed
panic	SYL-VOCAB-P046-R28	1	part_1_true_exam	ocr_consensus_unreviewed
panorama	SYL-VOCAB-P046-R29	1	part_1_true_exam	ocr_consensus_unreviewed
pant	SYL-VOCAB-P081-L29	1	part_2_zero_frequency	ocr_consensus_unreviewed
pants	SYL-VOCAB-P081-L30	1	part_2_zero_frequency	ocr_consensus_unreviewed
paper	SYL-VOCAB-P046-R30	1	part_1_true_exam	ocr_consensus_unreviewed
paperback	SYL-VOCAB-P081-L31	1	part_2_zero_frequency	ocr_consensus_unreviewed
parachute	SYL-VOCAB-P046-R31	1	part_1_true_exam	ocr_consensus_unreviewed
parade	SYL-VOCAB-P046-R32	1	part_1_true_exam	ocr_consensus_unreviewed
paradise	SYL-VOCAB-P081-L32	1	part_2_zero_frequency	ocr_consensus_unreviewed
paradox	SYL-VOCAB-P047-L01	1	part_1_true_exam	ocr_consensus_unreviewed
paragraph	SYL-VOCAB-P047-L02	1	part_1_true_exam	ocr_consensus_unreviewed
parallel	SYL-VOCAB-P047-L03	1	part_1_true_exam	ocr_consensus_unreviewed
paralyze	SYL-VOCAB-P047-L04	1	part_1_true_exam	ocr_consensus_unreviewed
parameter	SYL-VOCAB-P081-L33	1	part_2_zero_frequency	ocr_consensus_unreviewed
paraphrase	SYL-VOCAB-P089-R39	1	part_3_beyond_syllabus	ocr_consensus_unreviewed
parasite	SYL-VOCAB-P081-L34	1	part_2_zero_frequency	ocr_consensus_unreviewed
parcel	SYL-VOCAB-P047-L05	1	part_1_true_exam	ocr_consensus_unreviewed
pardon	SYL-VOCAB-P081-L35	1	part_2_zero_frequency	ocr_consensus_unreviewed
parent	SYL-VOCAB-P047-L06	1	part_1_true_exam	ocr_consensus_unreviewed
parity	SYL-VOCAB-P089-R40	1	part_3_beyond_syllabus	ocr_consensus_unreviewed
park	SYL-VOCAB-P047-L07	1	part_1_true_exam	ocr_consensus_unreviewed
parliament	SYL-VOCAB-P047-L08	1	part_1_true_exam	ocr_consensus_unreviewed
part	SYL-VOCAB-P047-L09	1	part_1_true_exam	ocr_consensus_unreviewed
partial	SYL-VOCAB-P047-L10	1	part_1_true_exam	ocr_consensus_unreviewed
participant	SYL-VOCAB-P047-L11	1	part_1_true_exam	ocr_consensus_unreviewed
participate	SYL-VOCAB-P047-L12	1	part_1_true_exam	ocr_consensus_unreviewed
particle	SYL-VOCAB-P047-L13	1	part_1_true_exam	ocr_consensus_unreviewed
particular	SYL-VOCAB-P047-L14	1	part_1_true_exam	ocr_consensus_unreviewed
partly	SYL-VOCAB-P047-L15	1	part_1_true_exam	ocr_consensus_unreviewed
partner	SYL-VOCAB-P047-L16	1	part_1_true_exam	ocr_consensus_unreviewed
party	SYL-VOCAB-P047-L17	1	part_1_true_exam	ocr_consensus_unreviewed
pass	SYL-VOCAB-P047-L18	1	part_1_true_exam	ocr_consensus_unreviewed
passage	SYL-VOCAB-P047-L19	1	part_1_true_exam	ocr_consensus_unreviewed
passenger	SYL-VOCAB-P047-L20	1	part_1_true_exam	ocr_consensus_unreviewed
passerby	SYL-VOCAB-P081-L36	1	part_2_zero_frequency	ocr_consensus_unreviewed
passion	SYL-VOCAB-P047-L21	1	part_1_true_exam	ocr_consensus_unreviewed
passive	SYL-VOCAB-P047-L22	1	part_1_true_exam	ocr_consensus_unreviewed
passport	SYL-VOCAB-P081-L37	1	part_2_zero_frequency	ocr_consensus_unreviewed
past	SYL-VOCAB-P047-L23	1	part_1_true_exam	ocr_consensus_unreviewed
paste	SYL-VOCAB-P081-L38	1	part_2_zero_frequency	ocr_consensus_unreviewed
pastime	SYL-VOCAB-P047-L24	1	part_1_true_exam	ocr_consensus_unreviewed
pasture	SYL-VOCAB-P081-L39	1	part_2_zero_frequency	ocr_consensus_unreviewed
pat	SYL-VOCAB-P081-L40	1	part_2_zero_frequency	ocr_consensus_unreviewed
patch	SYL-VOCAB-P081-R01	1	part_2_zero_frequency	ocr_consensus_unreviewed
patent	SYL-VOCAB-P047-L25	1	part_1_true_exam	ocr_consensus_unreviewed
paternal	SYL-VOCAB-P089-R42	1	part_3_beyond_syllabus	ocr_consensus_unreviewed
path	SYL-VOCAB-P047-L26	1	part_1_true_exam	ocr_consensus_unreviewed
pathetic	SYL-VOCAB-P081-R02	1	part_2_zero_frequency	ocr_consensus_unreviewed
pathological	SYL-VOCAB-P089-R41	1	part_3_beyond_syllabus	ocr_consensus_unreviewed
patience	SYL-VOCAB-P047-L27	1	part_1_true_exam	ocr_consensus_unreviewed
patient	SYL-VOCAB-P047-L28	1	part_1_true_exam	ocr_consensus_unreviewed
patriotic	SYL-VOCAB-P047-L29	1	part_1_true_exam	ocr_consensus_unreviewed
patrol	SYL-VOCAB-P047-L30	1	part_1_true_exam	ocr_consensus_unreviewed
patron	SYL-VOCAB-P047-L31	1	part_1_true_exam	ocr_consensus_unreviewed
pattern	SYL-VOCAB-P047-L32	1	part_1_true_exam	ocr_consensus_unreviewed
pause	SYL-VOCAB-P047-R01	1	part_1_true_exam	ocr_consensus_unreviewed
pave	SYL-VOCAB-P047-R02	1	part_1_true_exam	ocr_consensus_unreviewed
pavement	SYL-VOCAB-P081-R03	1	part_2_zero_frequency	ocr_consensus_unreviewed
paw	SYL-VOCAB-P081-R04	1	part_2_zero_frequency	ocr_consensus_unreviewed
pay	SYL-VOCAB-P047-R03	1	part_1_true_exam	ocr_consensus_unreviewed
payment	SYL-VOCAB-P047-R04	1	part_1_true_exam	ocr_consensus_unreviewed
pea	SYL-VOCAB-P081-R05	1	part_2_zero_frequency	ocr_consensus_unreviewed
peace	SYL-VOCAB-P047-R05	1	part_1_true_exam	ocr_consensus_unreviewed
peaceful	SYL-VOCAB-P047-R06	1	part_1_true_exam	ocr_consensus_unreviewed
peach	SYL-VOCAB-P081-R06	1	part_2_zero_frequency	ocr_consensus_unreviewed
peak	SYL-VOCAB-P047-R07	1	part_1_true_exam	ocr_consensus_unreviewed
peanut	SYL-VOCAB-P081-R07	1	part_2_zero_frequency	ocr_consensus_unreviewed
pear	SYL-VOCAB-P081-R08	1	part_2_zero_frequency	ocr_consensus_unreviewed
pearl	SYL-VOCAB-P047-R08	1	part_1_true_exam	ocr_consensus_unreviewed
peasant	SYL-VOCAB-P081-R09	1	part_2_zero_frequency	ocr_consensus_unreviewed
pebble	SYL-VOCAB-P081-R10	1	part_2_zero_frequency	ocr_consensus_unreviewed
peculiar	SYL-VOCAB-P047-R09	1	part_1_true_exam	ocr_consensus_unreviewed
pedal	SYL-VOCAB-P081-R11	1	part_2_zero_frequency	ocr_consensus_unreviewed
pedestrian	SYL-VOCAB-P081-R12	1	part_2_zero_frequency	ocr_consensus_unreviewed
peel	SYL-VOCAB-P081-R13	1	part_2_zero_frequency	ocr_consensus_unreviewed
peep	SYL-VOCAB-P081-R14	1	part_2_zero_frequency	ocr_consensus_unreviewed
peer	SYL-VOCAB-P047-R10	1	part_1_true_exam	ocr_consensus_unreviewed
pen	SYL-VOCAB-P047-R11	1	part_1_true_exam	ocr_consensus_unreviewed
penalty	SYL-VOCAB-P047-R12	1	part_1_true_exam	ocr_consensus_unreviewed
pencil	SYL-VOCAB-P047-R13	1	part_1_true_exam	ocr_consensus_unreviewed
pendulum	SYL-VOCAB-P081-R15	1	part_2_zero_frequency	ocr_consensus_unreviewed
penetrate	SYL-VOCAB-P081-R16	1	part_2_zero_frequency	ocr_consensus_unreviewed
peninsula	SYL-VOCAB-P081-R17	1	part_2_zero_frequency	ocr_consensus_unreviewed
penny	SYL-VOCAB-P047-R14	1	part_1_true_exam	ocr_consensus_unreviewed
pension	SYL-VOCAB-P047-R15	1	part_1_true_exam	ocr_consensus_unreviewed
people	SYL-VOCAB-P047-R16	1	part_1_true_exam	ocr_consensus_unreviewed
pepper	SYL-VOCAB-P047-R17	1	part_1_true_exam	ocr_consensus_unreviewed
per	SYL-VOCAB-P047-R18	1	part_1_true_exam	ocr_consensus_unreviewed
perceive	SYL-VOCAB-P047-R19	1	part_1_true_exam	ocr_consensus_unreviewed
percent	SYL-VOCAB-P047-R20	1	part_1_true_exam	ocr_consensus_unreviewed
percentage	SYL-VOCAB-P047-R21	1	part_1_true_exam	ocr_consensus_unreviewed
perception	SYL-VOCAB-P090-L01	1	part_3_beyond_syllabus	ocr_consensus_unreviewed
perfect	SYL-VOCAB-P047-R22	1	part_1_true_exam	ocr_consensus_unreviewed
perfection	SYL-VOCAB-P047-R23	1	part_1_true_exam	ocr_consensus_unreviewed
perform	SYL-VOCAB-P047-R24	1	part_1_true_exam	ocr_consensus_unreviewed
performance	SYL-VOCAB-P047-R25	1	part_1_true_exam	ocr_consensus_unreviewed
perfume	SYL-VOCAB-P081-R18	1	part_2_zero_frequency	ocr_consensus_unreviewed
perhaps	SYL-VOCAB-P047-R26	1	part_1_true_exam	ocr_consensus_unreviewed
period	SYL-VOCAB-P047-R27	1	part_1_true_exam	ocr_consensus_unreviewed
periodical	SYL-VOCAB-P047-R28	1	part_1_true_exam	ocr_consensus_unreviewed
perish	SYL-VOCAB-P047-R29	1	part_1_true_exam	ocr_consensus_unreviewed
permanent	SYL-VOCAB-P047-R30	1	part_1_true_exam	ocr_consensus_unreviewed
permeate	SYL-VOCAB-P081-R19	1	part_2_zero_frequency	ocr_consensus_unreviewed
permission	SYL-VOCAB-P047-R31	1	part_1_true_exam	ocr_consensus_unreviewed
permit	SYL-VOCAB-P047-R32	1	part_1_true_exam	ocr_consensus_unreviewed
pernicious	SYL-VOCAB-P089-R43	1	part_3_beyond_syllabus	ocr_consensus_unreviewed
perpetual	SYL-VOCAB-P047-R33	1	part_1_true_exam	ocr_consensus_unreviewed
perplex	SYL-VOCAB-P047-R34	1	part_1_true_exam	ocr_consensus_unreviewed
persecute	SYL-VOCAB-P081-R20	1	part_2_zero_frequency	ocr_consensus_unreviewed
persevere	SYL-VOCAB-P081-R21	1	part_2_zero_frequency	ocr_consensus_unreviewed
persist	SYL-VOCAB-P047-R35	1	part_1_true_exam	ocr_consensus_unreviewed
person	SYL-VOCAB-P047-R36	1	part_1_true_exam	ocr_consensus_unreviewed
personal	SYL-VOCAB-P047-R37	1	part_1_true_exam	ocr_consensus_unreviewed
personality	SYL-VOCAB-P048-L01	1	part_1_true_exam	ocr_consensus_unreviewed
personnel	SYL-VOCAB-P048-L02	1	part_1_true_exam	ocr_consensus_unreviewed
perspective	SYL-VOCAB-P048-L03	1	part_1_true_exam	verified_manual_visual
persuade	SYL-VOCAB-P048-L04	1	part_1_true_exam	ocr_consensus_unreviewed
persuasion	SYL-VOCAB-P048-L05	1	part_1_true_exam	ocr_consensus_unreviewed
pervasive	SYL-VOCAB-P090-L02	1	part_3_beyond_syllabus	ocr_consensus_unreviewed
pessimistic	SYL-VOCAB-P048-L06	1	part_1_true_exam	ocr_consensus_unreviewed
pest	SYL-VOCAB-P081-R22	1	part_2_zero_frequency	ocr_consensus_unreviewed
pet	SYL-VOCAB-P048-L07	1	part_1_true_exam	ocr_consensus_unreviewed
petal	SYL-VOCAB-P090-L03	1	part_3_beyond_syllabus	ocr_consensus_unreviewed
petition	SYL-VOCAB-P081-R23	1	part_2_zero_frequency	ocr_consensus_unreviewed
petrol	SYL-VOCAB-P048-L08	1	part_1_true_exam	ocr_consensus_unreviewed
petroleum	SYL-VOCAB-P081-R24	1	part_2_zero_frequency	ocr_consensus_unreviewed
petty	SYL-VOCAB-P081-R25	1	part_2_zero_frequency	ocr_consensus_unreviewed
pharaoh	SYL-VOCAB-P090-L04	1	part_3_beyond_syllabus	ocr_consensus_unreviewed
pharmacy	SYL-VOCAB-P048-L09	1	part_1_true_exam	ocr_consensus_unreviewed
phase	SYL-VOCAB-P048-L10	1	part_1_true_exam	ocr_consensus_unreviewed
phenomenon	SYL-VOCAB-P048-L11	1	part_1_true_exam	ocr_consensus_unreviewed
philosopher	SYL-VOCAB-P048-L12	1	part_1_true_exam	ocr_consensus_unreviewed
philosophy	SYL-VOCAB-P048-L13	1	part_1_true_exam	ocr_consensus_unreviewed
phone	SYL-VOCAB-P048-L14	1	part_1_true_exam	ocr_consensus_unreviewed
phony	SYL-VOCAB-P090-L06	1	part_3_beyond_syllabus	ocr_consensus_unreviewed
photo	SYL-VOCAB-P048-L15	1	part_1_true_exam	ocr_consensus_unreviewed
phrase	SYL-VOCAB-P048-L16	1	part_1_true_exam	ocr_consensus_unreviewed
physical	SYL-VOCAB-P048-L17	1	part_1_true_exam	verified_manual_visual
physician	SYL-VOCAB-P048-L18	1	part_1_true_exam	ocr_consensus_unreviewed
physicist	SYL-VOCAB-P048-L19	1	part_1_true_exam	ocr_consensus_unreviewed
physics	SYL-VOCAB-P048-L20	1	part_1_true_exam	ocr_consensus_unreviewed
physiology	SYL-VOCAB-P048-L21	1	part_1_true_exam	ocr_consensus_unreviewed
physique	SYL-VOCAB-P090-L05	1	part_3_beyond_syllabus	ocr_consensus_unreviewed
piano	SYL-VOCAB-P048-L22	1	part_1_true_exam	ocr_consensus_unreviewed
pick	SYL-VOCAB-P048-L23	1	part_1_true_exam	ocr_consensus_unreviewed
pickup	SYL-VOCAB-P081-R26	1	part_2_zero_frequency	ocr_consensus_unreviewed
picnic	SYL-VOCAB-P081-R27	1	part_2_zero_frequency	ocr_consensus_unreviewed
picture	SYL-VOCAB-P048-L24	1	part_1_true_exam	ocr_consensus_unreviewed
pie	SYL-VOCAB-P081-R28	1	part_2_zero_frequency	ocr_consensus_unreviewed
piece	SYL-VOCAB-P048-L25	1	part_1_true_exam	ocr_consensus_unreviewed
pierce	SYL-VOCAB-P048-L26	1	part_1_true_exam	ocr_consensus_unreviewed
pig	SYL-VOCAB-P081-R29	1	part_2_zero_frequency	ocr_consensus_unreviewed
pigeon	SYL-VOCAB-P081-R30	1	part_2_zero_frequency	ocr_consensus_unreviewed
pile	SYL-VOCAB-P048-L27	1	part_1_true_exam	ocr_consensus_unreviewed
pilgrim	SYL-VOCAB-P048-L28	1	part_1_true_exam	ocr_consensus_unreviewed
pill	SYL-VOCAB-P048-L29	1	part_1_true_exam	ocr_consensus_unreviewed
pillar	SYL-VOCAB-P081-R31	1	part_2_zero_frequency	ocr_consensus_unreviewed
pillow	SYL-VOCAB-P081-R32	1	part_2_zero_frequency	ocr_consensus_unreviewed
pilot	SYL-VOCAB-P048-L30	1	part_1_true_exam	ocr_consensus_unreviewed
pin	SYL-VOCAB-P048-L31	1	part_1_true_exam	ocr_consensus_unreviewed
pinch	SYL-VOCAB-P048-L32	1	part_1_true_exam	ocr_consensus_unreviewed
pine	SYL-VOCAB-P081-R33	1	part_2_zero_frequency	ocr_consensus_unreviewed
pink	SYL-VOCAB-P048-R01	1	part_1_true_exam	ocr_consensus_unreviewed
pint	SYL-VOCAB-P081-R34	1	part_2_zero_frequency	ocr_consensus_unreviewed
pioneer	SYL-VOCAB-P048-R02	1	part_1_true_exam	ocr_consensus_unreviewed
pipe	SYL-VOCAB-P048-R03	1	part_1_true_exam	ocr_consensus_unreviewed
pirate	SYL-VOCAB-P081-R35	1	part_2_zero_frequency	ocr_consensus_unreviewed
pistol	SYL-VOCAB-P081-R36	1	part_2_zero_frequency	ocr_consensus_unreviewed
piston	SYL-VOCAB-P081-R37	1	part_2_zero_frequency	ocr_consensus_unreviewed
pit	SYL-VOCAB-P048-R04	1	part_1_true_exam	ocr_consensus_unreviewed
pitch	SYL-VOCAB-P081-R38	1	part_2_zero_frequency	ocr_consensus_unreviewed
pity	SYL-VOCAB-P048-R05	1	part_1_true_exam	ocr_consensus_unreviewed
pivot	SYL-VOCAB-P090-L07	1	part_3_beyond_syllabus	ocr_consensus_unreviewed
place	SYL-VOCAB-P048-R06	1	part_1_true_exam	ocr_consensus_unreviewed
plague	SYL-VOCAB-P048-R07	1	part_1_true_exam	ocr_consensus_unreviewed
plain	SYL-VOCAB-P048-R08	1	part_1_true_exam	ocr_consensus_unreviewed
plaintiff	SYL-VOCAB-P082-L01	1	part_2_zero_frequency	ocr_consensus_unreviewed
plan	SYL-VOCAB-P048-R09	1	part_1_true_exam	ocr_consensus_unreviewed
plane	SYL-VOCAB-P082-L02	1	part_2_zero_frequency	ocr_consensus_unreviewed
planet	SYL-VOCAB-P048-R10	1	part_1_true_exam	ocr_consensus_unreviewed
plant	SYL-VOCAB-P048-R11	1	part_1_true_exam	ocr_consensus_unreviewed
plantation	SYL-VOCAB-P082-L03	1	part_2_zero_frequency	ocr_consensus_unreviewed
plaster	SYL-VOCAB-P082-L04	1	part_2_zero_frequency	ocr_consensus_unreviewed
plastic	SYL-VOCAB-P048-R12	1	part_1_true_exam	ocr_consensus_unreviewed
plate	SYL-VOCAB-P048-R13	1	part_1_true_exam	ocr_consensus_unreviewed
plateau	SYL-VOCAB-P048-R14	1	part_1_true_exam	ocr_consensus_unreviewed
platform	SYL-VOCAB-P048-R15	1	part_1_true_exam	ocr_consensus_unreviewed
plausible	SYL-VOCAB-P048-R16	1	part_1_true_exam	ocr_consensus_unreviewed
play	SYL-VOCAB-P048-R17	1	part_1_true_exam	ocr_consensus_unreviewed
playground	SYL-VOCAB-P082-L05	1	part_2_zero_frequency	ocr_consensus_unreviewed
plea	SYL-VOCAB-P048-R18	1	part_1_true_exam	ocr_consensus_unreviewed
plead	SYL-VOCAB-P048-R19	1	part_1_true_exam	ocr_consensus_unreviewed
pleasant	SYL-VOCAB-P048-R20	1	part_1_true_exam	ocr_consensus_unreviewed
please	SYL-VOCAB-P048-R21	1	part_1_true_exam	ocr_consensus_unreviewed
pleasure	SYL-VOCAB-P048-R22	1	part_1_true_exam	ocr_consensus_unreviewed
pledge	SYL-VOCAB-P048-R23	1	part_1_true_exam	ocr_consensus_unreviewed
plentiful	SYL-VOCAB-P048-R24	1	part_1_true_exam	ocr_consensus_unreviewed
plenty	SYL-VOCAB-P048-R25	1	part_1_true_exam	ocr_consensus_unreviewed
plight	SYL-VOCAB-P082-L06	1	part_2_zero_frequency	ocr_consensus_unreviewed
plot	SYL-VOCAB-P082-L07	1	part_2_zero_frequency	ocr_consensus_unreviewed
plough	SYL-VOCAB-P048-R26	1	part_1_true_exam	ocr_consensus_unreviewed
plug	SYL-VOCAB-P049-L01	1	part_1_true_exam	ocr_consensus_unreviewed
plum	SYL-VOCAB-P090-L08	1	part_3_beyond_syllabus	ocr_consensus_unreviewed
plumber	SYL-VOCAB-P082-L08	1	part_2_zero_frequency	ocr_consensus_unreviewed
plump	SYL-VOCAB-P090-L09	1	part_3_beyond_syllabus	ocr_consensus_unreviewed
plunge	SYL-VOCAB-P049-L02	1	part_1_true_exam	ocr_consensus_unreviewed
plural	SYL-VOCAB-P082-L09	1	part_2_zero_frequency	ocr_consensus_unreviewed
plus	SYL-VOCAB-P049-L03	1	part_1_true_exam	ocr_consensus_unreviewed
pneumonia	SYL-VOCAB-P082-L10	1	part_2_zero_frequency	ocr_consensus_unreviewed
pocket	SYL-VOCAB-P049-L04	1	part_1_true_exam	ocr_consensus_unreviewed
poem	SYL-VOCAB-P049-L05	1	part_1_true_exam	ocr_consensus_unreviewed
poet	SYL-VOCAB-P049-L06	1	part_1_true_exam	ocr_consensus_unreviewed
poetry	SYL-VOCAB-P049-L07	1	part_1_true_exam	ocr_consensus_unreviewed
point	SYL-VOCAB-P049-L08	1	part_1_true_exam	ocr_consensus_unreviewed
poison	SYL-VOCAB-P049-L09	1	part_1_true_exam	ocr_consensus_unreviewed
poisonous	SYL-VOCAB-P049-L10	1	part_1_true_exam	ocr_consensus_unreviewed
poke	SYL-VOCAB-P049-L11	1	part_1_true_exam	ocr_consensus_unreviewed
polar	SYL-VOCAB-P049-L12	1	part_1_true_exam	ocr_consensus_unreviewed
pole	SYL-VOCAB-P049-L13	1	part_1_true_exam	ocr_consensus_unreviewed
police	SYL-VOCAB-P049-L14	1	part_1_true_exam	ocr_consensus_unreviewed
policeman	SYL-VOCAB-P049-L15	1	part_1_true_exam	ocr_consensus_unreviewed
policy	SYL-VOCAB-P049-L16	1	part_1_true_exam	ocr_consensus_unreviewed
polish	SYL-VOCAB-P049-L17	1	part_1_true_exam	ocr_consensus_unreviewed
polite	SYL-VOCAB-P049-L18	1	part_1_true_exam	ocr_consensus_unreviewed
political	SYL-VOCAB-P049-L19	1	part_1_true_exam	ocr_consensus_unreviewed
politician	SYL-VOCAB-P049-L20	1	part_1_true_exam	ocr_consensus_unreviewed
politics	SYL-VOCAB-P049-L21	1	part_1_true_exam	ocr_consensus_unreviewed
poll	SYL-VOCAB-P049-L22	1	part_1_true_exam	ocr_consensus_unreviewed
pollute	SYL-VOCAB-P049-L23	1	part_1_true_exam	ocr_consensus_unreviewed
pollution	SYL-VOCAB-P049-L24	1	part_1_true_exam	ocr_consensus_unreviewed
pond	SYL-VOCAB-P082-L11	1	part_2_zero_frequency	ocr_consensus_unreviewed
ponder	SYL-VOCAB-P049-L25	1	part_1_true_exam	ocr_consensus_unreviewed
pool	SYL-VOCAB-P049-L26	1	part_1_true_exam	ocr_consensus_unreviewed
poor	SYL-VOCAB-P049-L27	1	part_1_true_exam	ocr_consensus_unreviewed
pop	SYL-VOCAB-P049-L28	1	part_1_true_exam	ocr_consensus_unreviewed
pope	SYL-VOCAB-P082-L12	1	part_2_zero_frequency	ocr_consensus_unreviewed
popular	SYL-VOCAB-P049-L29	1	part_1_true_exam	ocr_consensus_unreviewed
population	SYL-VOCAB-P049-L30	1	part_1_true_exam	ocr_consensus_unreviewed
populist	SYL-VOCAB-P090-L10	1	part_3_beyond_syllabus	ocr_consensus_unreviewed
porcelain	SYL-VOCAB-P082-L13	1	part_2_zero_frequency	ocr_consensus_unreviewed
porch	SYL-VOCAB-P082-L14	1	part_2_zero_frequency	ocr_consensus_unreviewed
pork	SYL-VOCAB-P082-L15	1	part_2_zero_frequency	ocr_consensus_unreviewed
pornography	SYL-VOCAB-P090-L11	1	part_3_beyond_syllabus	ocr_consensus_unreviewed
port	SYL-VOCAB-P049-R01	1	part_1_true_exam	ocr_consensus_unreviewed
portable	SYL-VOCAB-P082-L16	1	part_2_zero_frequency	ocr_consensus_unreviewed
porter	SYL-VOCAB-P082-L17	1	part_2_zero_frequency	ocr_consensus_unreviewed
portfolio	SYL-VOCAB-P082-L18	1	part_2_zero_frequency	ocr_consensus_unreviewed
portion	SYL-VOCAB-P049-R02	1	part_1_true_exam	ocr_consensus_unreviewed
portrait	SYL-VOCAB-P082-L19	1	part_2_zero_frequency	ocr_consensus_unreviewed
portray	SYL-VOCAB-P049-R03	1	part_1_true_exam	ocr_consensus_unreviewed
pose	SYL-VOCAB-P049-R04	1	part_1_true_exam	ocr_consensus_unreviewed
position	SYL-VOCAB-P049-R05	1	part_1_true_exam	ocr_consensus_unreviewed
positive	SYL-VOCAB-P049-R06	1	part_1_true_exam	ocr_consensus_unreviewed
possess	SYL-VOCAB-P049-R07	1	part_1_true_exam	ocr_consensus_unreviewed
possession	SYL-VOCAB-P049-R08	1	part_1_true_exam	ocr_consensus_unreviewed
possibility	SYL-VOCAB-P049-R09	1	part_1_true_exam	ocr_consensus_unreviewed
possible	SYL-VOCAB-P049-R10	1	part_1_true_exam	ocr_consensus_unreviewed
possibly	SYL-VOCAB-P049-R11	1	part_1_true_exam	ocr_consensus_unreviewed
post	SYL-VOCAB-P049-R12	1	part_1_true_exam	ocr_consensus_unreviewed
postage	SYL-VOCAB-P082-L20	1	part_2_zero_frequency	ocr_consensus_unreviewed
postcard	SYL-VOCAB-P082-L21	1	part_2_zero_frequency	ocr_consensus_unreviewed
poster	SYL-VOCAB-P082-L22	1	part_2_zero_frequency	ocr_consensus_unreviewed
posthumous	SYL-VOCAB-P090-L12	1	part_3_beyond_syllabus	ocr_consensus_unreviewed
postman	SYL-VOCAB-P082-L23	1	part_2_zero_frequency	ocr_consensus_unreviewed
postpone	SYL-VOCAB-P049-R13	1	part_1_true_exam	ocr_consensus_unreviewed
posture	SYL-VOCAB-P049-R14	1	part_1_true_exam	ocr_consensus_unreviewed
pot	SYL-VOCAB-P082-L24	1	part_2_zero_frequency	ocr_consensus_unreviewed
potash	SYL-VOCAB-P090-L13	1	part_3_beyond_syllabus	ocr_consensus_unreviewed
potato	SYL-VOCAB-P049-R15	1	part_1_true_exam	ocr_consensus_unreviewed
potential	SYL-VOCAB-P049-R16	1	part_1_true_exam	ocr_consensus_unreviewed
pottery	SYL-VOCAB-P090-L14	1	part_3_beyond_syllabus	ocr_consensus_unreviewed
poultry	SYL-VOCAB-P082-L25	1	part_2_zero_frequency	ocr_consensus_unreviewed
pound	SYL-VOCAB-P049-R17	1	part_1_true_exam	ocr_consensus_unreviewed
pour	SYL-VOCAB-P049-R18	1	part_1_true_exam	ocr_consensus_unreviewed
poverty	SYL-VOCAB-P049-R19	1	part_1_true_exam	ocr_consensus_unreviewed
powder	SYL-VOCAB-P082-L26	1	part_2_zero_frequency	ocr_consensus_unreviewed
power	SYL-VOCAB-P049-R20	1	part_1_true_exam	ocr_consensus_unreviewed
powerful	SYL-VOCAB-P049-R21	1	part_1_true_exam	ocr_consensus_unreviewed
practical	SYL-VOCAB-P049-R22	1	part_1_true_exam	ocr_consensus_unreviewed
practically	SYL-VOCAB-P049-R23	1	part_1_true_exam	ocr_consensus_unreviewed
practice	SYL-VOCAB-P049-R24	1	part_1_true_exam	ocr_consensus_unreviewed
practise	SYL-VOCAB-P049-R26	1	part_1_true_exam	ocr_consensus_unreviewed
practitioner	SYL-VOCAB-P049-R25	1	part_1_true_exam	ocr_consensus_unreviewed
praise	SYL-VOCAB-P049-R27	1	part_1_true_exam	ocr_consensus_unreviewed
pray	SYL-VOCAB-P082-L27	1	part_2_zero_frequency	ocr_consensus_unreviewed
prayer	SYL-VOCAB-P082-L28	1	part_2_zero_frequency	ocr_consensus_unreviewed
preach	SYL-VOCAB-P049-R28	1	part_1_true_exam	ocr_consensus_unreviewed
precaution	SYL-VOCAB-P082-L29	1	part_2_zero_frequency	ocr_consensus_unreviewed
precede	SYL-VOCAB-P049-R29	1	part_1_true_exam	ocr_consensus_unreviewed
precedent	SYL-VOCAB-P049-R30	1	part_1_true_exam	ocr_consensus_unreviewed
preceding	SYL-VOCAB-P049-R31	1	part_1_true_exam	ocr_consensus_unreviewed
precious	SYL-VOCAB-P049-R32	1	part_1_true_exam	ocr_consensus_unreviewed
precise	SYL-VOCAB-P050-L01	1	part_1_true_exam	ocr_consensus_unreviewed
precision	SYL-VOCAB-P050-L02	1	part_1_true_exam	ocr_consensus_unreviewed
preclude	SYL-VOCAB-P082-L30	1	part_2_zero_frequency	ocr_consensus_unreviewed
predator	SYL-VOCAB-P090-L15	1	part_3_beyond_syllabus	ocr_consensus_unreviewed
predecessor	SYL-VOCAB-P050-L03	1	part_1_true_exam	ocr_consensus_unreviewed
predict	SYL-VOCAB-P050-L04	1	part_1_true_exam	ocr_consensus_unreviewed
predominant	SYL-VOCAB-P050-L05	1	part_1_true_exam	ocr_consensus_unreviewed
preface	SYL-VOCAB-P050-L06	1	part_1_true_exam	ocr_consensus_unreviewed
prefer	SYL-VOCAB-P050-L07	1	part_1_true_exam	ocr_consensus_unreviewed
preferable	SYL-VOCAB-P050-L08	1	part_1_true_exam	ocr_consensus_unreviewed
preference	SYL-VOCAB-P050-L09	1	part_1_true_exam	ocr_consensus_unreviewed
prefrontal	SYL-VOCAB-P090-L16	1	part_3_beyond_syllabus	ocr_consensus_unreviewed
pregnant	SYL-VOCAB-P050-L10	1	part_1_true_exam	ocr_consensus_unreviewed
prejudice	SYL-VOCAB-P050-L11	1	part_1_true_exam	ocr_consensus_unreviewed
preliminary	SYL-VOCAB-P050-L12	1	part_1_true_exam	ocr_consensus_unreviewed
premier	SYL-VOCAB-P050-L13	1	part_1_true_exam	ocr_consensus_unreviewed
premise	SYL-VOCAB-P050-L14	1	part_1_true_exam	ocr_consensus_unreviewed
premium	SYL-VOCAB-P050-L15	1	part_1_true_exam	ocr_consensus_unreviewed
preparation	SYL-VOCAB-P050-L16	1	part_1_true_exam	ocr_consensus_unreviewed
prepare	SYL-VOCAB-P050-L17	1	part_1_true_exam	ocr_consensus_unreviewed
preposition	SYL-VOCAB-P082-L31	1	part_2_zero_frequency	ocr_consensus_unreviewed
prescribe	SYL-VOCAB-P050-L18	1	part_1_true_exam	ocr_consensus_unreviewed
prescription	SYL-VOCAB-P050-L19	1	part_1_true_exam	ocr_consensus_unreviewed
presence	SYL-VOCAB-P050-L20	1	part_1_true_exam	ocr_consensus_unreviewed
present	SYL-VOCAB-P050-L21	1	part_1_true_exam	ocr_consensus_unreviewed
presently	SYL-VOCAB-P050-L22	1	part_1_true_exam	ocr_consensus_unreviewed
preserve	SYL-VOCAB-P050-L23	1	part_1_true_exam	ocr_consensus_unreviewed
preside	SYL-VOCAB-P050-L24	1	part_1_true_exam	ocr_consensus_unreviewed
president	SYL-VOCAB-P050-L25	1	part_1_true_exam	ocr_consensus_unreviewed
press	SYL-VOCAB-P050-L26	1	part_1_true_exam	ocr_consensus_unreviewed
pressure	SYL-VOCAB-P050-L27	1	part_1_true_exam	ocr_consensus_unreviewed
prestige	SYL-VOCAB-P050-L28	1	part_1_true_exam	ocr_consensus_unreviewed
presumably	SYL-VOCAB-P050-L30	1	part_1_true_exam	ocr_consensus_unreviewed
presume	SYL-VOCAB-P050-L29	1	part_1_true_exam	ocr_consensus_unreviewed
pretend	SYL-VOCAB-P082-L32	1	part_2_zero_frequency	ocr_consensus_unreviewed
pretext	SYL-VOCAB-P082-L33	1	part_2_zero_frequency	ocr_consensus_unreviewed
pretty	SYL-VOCAB-P050-L31	1	part_1_true_exam	ocr_consensus_unreviewed
prevail	SYL-VOCAB-P050-R01	1	part_1_true_exam	ocr_consensus_unreviewed
prevalent	SYL-VOCAB-P050-R02	1	part_1_true_exam	ocr_consensus_unreviewed
prevent	SYL-VOCAB-P050-R03	1	part_1_true_exam	ocr_consensus_unreviewed
previous	SYL-VOCAB-P050-R04	1	part_1_true_exam	ocr_consensus_unreviewed
prey	SYL-VOCAB-P050-R05	1	part_1_true_exam	ocr_consensus_unreviewed
price	SYL-VOCAB-P050-R06	1	part_1_true_exam	ocr_consensus_unreviewed
prick	SYL-VOCAB-P082-L34	1	part_2_zero_frequency	ocr_consensus_unreviewed
pride	SYL-VOCAB-P050-R07	1	part_1_true_exam	ocr_consensus_unreviewed
priest	SYL-VOCAB-P050-R08	1	part_1_true_exam	ocr_consensus_unreviewed
primal	SYL-VOCAB-P090-L17	1	part_3_beyond_syllabus	ocr_consensus_unreviewed
primary	SYL-VOCAB-P050-R09	1	part_1_true_exam	ocr_consensus_unreviewed
prime	SYL-VOCAB-P050-R10	1	part_1_true_exam	ocr_consensus_unreviewed
primitive	SYL-VOCAB-P050-R11	1	part_1_true_exam	ocr_consensus_unreviewed
prince	SYL-VOCAB-P082-L35	1	part_2_zero_frequency	ocr_consensus_unreviewed
princess	SYL-VOCAB-P082-L36	1	part_2_zero_frequency	ocr_consensus_unreviewed
principal	SYL-VOCAB-P050-R12	1	part_1_true_exam	ocr_consensus_unreviewed
principle	SYL-VOCAB-P050-R13	1	part_1_true_exam	ocr_consensus_unreviewed
print	SYL-VOCAB-P050-R14	1	part_1_true_exam	ocr_consensus_unreviewed
prior	SYL-VOCAB-P050-R15	1	part_1_true_exam	ocr_consensus_unreviewed
priority	SYL-VOCAB-P050-R16	1	part_1_true_exam	ocr_consensus_unreviewed
prison	SYL-VOCAB-P050-R17	1	part_1_true_exam	ocr_consensus_unreviewed
prisoner	SYL-VOCAB-P082-L37	1	part_2_zero_frequency	ocr_consensus_unreviewed
privacy	SYL-VOCAB-P050-R18	1	part_1_true_exam	ocr_consensus_unreviewed
private	SYL-VOCAB-P050-R19	1	part_1_true_exam	ocr_consensus_unreviewed
privilege	SYL-VOCAB-P050-R20	1	part_1_true_exam	ocr_consensus_unreviewed
prize	SYL-VOCAB-P050-R21	1	part_1_true_exam	ocr_consensus_unreviewed
probability	SYL-VOCAB-P050-R22	1	part_1_true_exam	ocr_consensus_unreviewed
probable	SYL-VOCAB-P050-R23	1	part_1_true_exam	ocr_consensus_unreviewed
probe	SYL-VOCAB-P050-R24	1	part_1_true_exam	ocr_consensus_unreviewed
problem	SYL-VOCAB-P050-R25	1	part_1_true_exam	ocr_consensus_unreviewed
procedure	SYL-VOCAB-P050-R26	1	part_1_true_exam	ocr_consensus_unreviewed
proceed	SYL-VOCAB-P050-R27	1	part_1_true_exam	ocr_consensus_unreviewed
proceeding	SYL-VOCAB-P050-R28	1	part_1_true_exam	ocr_consensus_unreviewed
process	SYL-VOCAB-P050-R29	1	part_1_true_exam	ocr_consensus_unreviewed
procession	SYL-VOCAB-P050-R30	1	part_1_true_exam	ocr_consensus_unreviewed
proclaim	SYL-VOCAB-P050-R31	1	part_1_true_exam	ocr_consensus_unreviewed
procreation	SYL-VOCAB-P090-L18	1	part_3_beyond_syllabus	ocr_consensus_unreviewed
prod	SYL-VOCAB-P090-L19	1	part_3_beyond_syllabus	ocr_consensus_unreviewed
produce	SYL-VOCAB-P050-R32	1	part_1_true_exam	ocr_consensus_unreviewed
product	SYL-VOCAB-P050-R33	1	part_1_true_exam	ocr_consensus_unreviewed
production	SYL-VOCAB-P051-L01	1	part_1_true_exam	ocr_consensus_unreviewed
productive	SYL-VOCAB-P051-L02	1	part_1_true_exam	ocr_consensus_unreviewed
productivity	SYL-VOCAB-P051-L03	1	part_1_true_exam	ocr_consensus_unreviewed
profession	SYL-VOCAB-P051-L04	1	part_1_true_exam	ocr_consensus_unreviewed
professional	SYL-VOCAB-P051-L05	1	part_1_true_exam	ocr_consensus_unreviewed
professor	SYL-VOCAB-P051-L06	1	part_1_true_exam	ocr_consensus_unreviewed
proficiency	SYL-VOCAB-P051-L07	1	part_1_true_exam	ocr_consensus_unreviewed
profile	SYL-VOCAB-P051-L08	1	part_1_true_exam	ocr_consensus_unreviewed
profit	SYL-VOCAB-P051-L10	1	part_1_true_exam	ocr_consensus_unreviewed
profitable	SYL-VOCAB-P051-L09	1	part_1_true_exam	ocr_consensus_unreviewed
profound	SYL-VOCAB-P051-L11	1	part_1_true_exam	ocr_consensus_unreviewed
program	SYL-VOCAB-P051-L12	1	part_1_true_exam	ocr_consensus_unreviewed
progress	SYL-VOCAB-P051-L13	1	part_1_true_exam	ocr_consensus_unreviewed
progressive	SYL-VOCAB-P051-L14	1	part_1_true_exam	ocr_consensus_unreviewed
prohibit	SYL-VOCAB-P051-L15	1	part_1_true_exam	ocr_consensus_unreviewed
project	SYL-VOCAB-P051-L16	1	part_1_true_exam	ocr_consensus_unreviewed
projector	SYL-VOCAB-P082-L38	1	part_2_zero_frequency	ocr_consensus_unreviewed
prolong	SYL-VOCAB-P051-L17	1	part_1_true_exam	ocr_consensus_unreviewed
prominent	SYL-VOCAB-P051-L18	1	part_1_true_exam	ocr_consensus_unreviewed
promise	SYL-VOCAB-P051-L19	1	part_1_true_exam	ocr_consensus_unreviewed
promising	SYL-VOCAB-P051-L20	1	part_1_true_exam	ocr_consensus_unreviewed
promote	SYL-VOCAB-P051-L21	1	part_1_true_exam	ocr_consensus_unreviewed
prompt	SYL-VOCAB-P051-L22	1	part_1_true_exam	ocr_consensus_unreviewed
prone	SYL-VOCAB-P051-L23	1	part_1_true_exam	ocr_consensus_unreviewed
pronoun	SYL-VOCAB-P082-L39	1	part_2_zero_frequency	ocr_consensus_unreviewed
pronounce	SYL-VOCAB-P051-L24	1	part_1_true_exam	ocr_consensus_unreviewed
pronunciation	SYL-VOCAB-P051-L25	1	part_1_true_exam	ocr_consensus_unreviewed
proof	SYL-VOCAB-P051-L26	1	part_1_true_exam	ocr_consensus_unreviewed
propaganda	SYL-VOCAB-P051-L27	1	part_1_true_exam	ocr_consensus_unreviewed
propel	SYL-VOCAB-P051-L28	1	part_1_true_exam	ocr_consensus_unreviewed
proper	SYL-VOCAB-P051-L29	1	part_1_true_exam	ocr_consensus_unreviewed
property	SYL-VOCAB-P051-R01	1	part_1_true_exam	ocr_consensus_unreviewed
prophet	SYL-VOCAB-P082-L40	1	part_2_zero_frequency	ocr_consensus_unreviewed
proportion	SYL-VOCAB-P051-R02	1	part_1_true_exam	ocr_consensus_unreviewed
proposal	SYL-VOCAB-P051-R03	1	part_1_true_exam	ocr_consensus_unreviewed
propose	SYL-VOCAB-P051-R04	1	part_1_true_exam	ocr_consensus_unreviewed
proposition	SYL-VOCAB-P051-R05	1	part_1_true_exam	ocr_consensus_unreviewed
prose	SYL-VOCAB-P051-R06	1	part_1_true_exam	ocr_consensus_unreviewed
prosecute	SYL-VOCAB-P082-L41	1	part_2_zero_frequency	ocr_consensus_unreviewed
prospect	SYL-VOCAB-P051-R07	1	part_1_true_exam	ocr_consensus_unreviewed
prospective	SYL-VOCAB-P082-L42	1	part_2_zero_frequency	ocr_consensus_unreviewed
prosper	SYL-VOCAB-P051-R08	1	part_1_true_exam	ocr_consensus_unreviewed
prosperity	SYL-VOCAB-P051-R09	1	part_1_true_exam	ocr_consensus_unreviewed
prosperous	SYL-VOCAB-P051-R10	1	part_1_true_exam	ocr_consensus_unreviewed
protect	SYL-VOCAB-P051-R11	1	part_1_true_exam	ocr_consensus_unreviewed
protein	SYL-VOCAB-P051-R12	1	part_1_true_exam	ocr_consensus_unreviewed
protest	SYL-VOCAB-P051-R13	1	part_1_true_exam	ocr_consensus_unreviewed
prototype	SYL-VOCAB-P082-L43	1	part_2_zero_frequency	ocr_consensus_unreviewed
proud	SYL-VOCAB-P051-R14	1	part_1_true_exam	ocr_consensus_unreviewed
prove	SYL-VOCAB-P051-R15	1	part_1_true_exam	ocr_consensus_unreviewed
provide	SYL-VOCAB-P051-R16	1	part_1_true_exam	ocr_consensus_unreviewed
provided	SYL-VOCAB-P051-R17	1	part_1_true_exam	ocr_consensus_unreviewed
province	SYL-VOCAB-P051-R18	1	part_1_true_exam	ocr_consensus_unreviewed
provision	SYL-VOCAB-P051-R19	1	part_1_true_exam	ocr_consensus_unreviewed
provoke	SYL-VOCAB-P051-R20	1	part_1_true_exam	ocr_consensus_unreviewed
prudent	SYL-VOCAB-P051-R21	1	part_1_true_exam	ocr_consensus_unreviewed
psychiatry	SYL-VOCAB-P051-R22	1	part_1_true_exam	ocr_consensus_unreviewed
psychology	SYL-VOCAB-P051-R23	1	part_1_true_exam	ocr_consensus_unreviewed
pub	SYL-VOCAB-P082-R01	1	part_2_zero_frequency	ocr_consensus_unreviewed
public	SYL-VOCAB-P051-R24	1	part_1_true_exam	ocr_consensus_unreviewed
publication	SYL-VOCAB-P051-R25	1	part_1_true_exam	ocr_consensus_unreviewed
publicity	SYL-VOCAB-P051-R26	1	part_1_true_exam	ocr_consensus_unreviewed
publish	SYL-VOCAB-P051-R27	1	part_1_true_exam	ocr_consensus_unreviewed
puff	SYL-VOCAB-P082-R02	1	part_2_zero_frequency	ocr_consensus_unreviewed
pull	SYL-VOCAB-P051-R28	1	part_1_true_exam	ocr_consensus_unreviewed
pulse	SYL-VOCAB-P082-R03	1	part_2_zero_frequency	ocr_consensus_unreviewed
pump	SYL-VOCAB-P051-R29	1	part_1_true_exam	ocr_consensus_unreviewed
punch	SYL-VOCAB-P051-R30	1	part_1_true_exam	ocr_consensus_unreviewed
punctual	SYL-VOCAB-P082-R04	1	part_2_zero_frequency	ocr_consensus_unreviewed
punctuation	SYL-VOCAB-P090-L20	1	part_3_beyond_syllabus	ocr_consensus_unreviewed
punish	SYL-VOCAB-P051-R31	1	part_1_true_exam	ocr_consensus_unreviewed
pupil	SYL-VOCAB-P052-L01	1	part_1_true_exam	ocr_consensus_unreviewed
puppet	SYL-VOCAB-P052-L02	1	part_1_true_exam	ocr_consensus_unreviewed
purchase	SYL-VOCAB-P052-L03	1	part_1_true_exam	ocr_consensus_unreviewed
pure	SYL-VOCAB-P052-L04	1	part_1_true_exam	ocr_consensus_unreviewed
purify	SYL-VOCAB-P082-R05	1	part_2_zero_frequency	ocr_consensus_unreviewed
purple	SYL-VOCAB-P082-R06	1	part_2_zero_frequency	ocr_consensus_unreviewed
purport	SYL-VOCAB-P090-L21	1	part_3_beyond_syllabus	ocr_consensus_unreviewed
purpose	SYL-VOCAB-P052-L05	1	part_1_true_exam	ocr_consensus_unreviewed
purse	SYL-VOCAB-P052-L06	1	part_1_true_exam	ocr_consensus_unreviewed
pursue	SYL-VOCAB-P052-L07	1	part_1_true_exam	ocr_consensus_unreviewed
pursuit	SYL-VOCAB-P052-L08	1	part_1_true_exam	ocr_consensus_unreviewed
push	SYL-VOCAB-P052-L09	1	part_1_true_exam	ocr_consensus_unreviewed
pushy	SYL-VOCAB-P090-L22	1	part_3_beyond_syllabus	ocr_consensus_unreviewed
put	SYL-VOCAB-P052-L10	1	part_1_true_exam	ocr_consensus_unreviewed
puzzle	SYL-VOCAB-P052-L11	1	part_1_true_exam	ocr_consensus_unreviewed
pyramid	SYL-VOCAB-P052-L12	1	part_1_true_exam	ocr_consensus_unreviewed
quadruple	SYL-VOCAB-P090-L23	1	part_3_beyond_syllabus	ocr_consensus_unreviewed
qualification	SYL-VOCAB-P052-L13	1	part_1_true_exam	ocr_consensus_unreviewed
qualify	SYL-VOCAB-P052-L14	1	part_1_true_exam	ocr_consensus_unreviewed
qualitative	SYL-VOCAB-P052-L15	1	part_1_true_exam	ocr_consensus_unreviewed
quality	SYL-VOCAB-P052-L16	1	part_1_true_exam	ocr_consensus_unreviewed
quantify	SYL-VOCAB-P082-R07	1	part_2_zero_frequency	ocr_consensus_unreviewed
quantitative	SYL-VOCAB-P052-L17	1	part_1_true_exam	ocr_consensus_unreviewed
quantity	SYL-VOCAB-P052-L18	1	part_1_true_exam	ocr_consensus_unreviewed
quarrel	SYL-VOCAB-P052-L19	1	part_1_true_exam	ocr_consensus_unreviewed
quart	SYL-VOCAB-P082-R08	1	part_2_zero_frequency	ocr_consensus_unreviewed
quarter	SYL-VOCAB-P052-L20	1	part_1_true_exam	ocr_consensus_unreviewed
quarterly	SYL-VOCAB-P082-R09	1	part_2_zero_frequency	ocr_consensus_unreviewed
quartz	SYL-VOCAB-P082-R10	1	part_2_zero_frequency	ocr_consensus_unreviewed
queen	SYL-VOCAB-P052-L21	1	part_1_true_exam	ocr_consensus_unreviewed
queer	SYL-VOCAB-P082-R11	1	part_2_zero_frequency	ocr_consensus_unreviewed
quench	SYL-VOCAB-P082-R12	1	part_2_zero_frequency	ocr_consensus_unreviewed
quest	SYL-VOCAB-P052-L22	1	part_1_true_exam	ocr_consensus_unreviewed
question	SYL-VOCAB-P052-L23	1	part_1_true_exam	ocr_consensus_unreviewed
questionnaire	SYL-VOCAB-P052-L24	1	part_1_true_exam	ocr_consensus_unreviewed
queue	SYL-VOCAB-P052-L25	1	part_1_true_exam	ocr_consensus_unreviewed
quick	SYL-VOCAB-P052-L26	1	part_1_true_exam	ocr_consensus_unreviewed
quiet	SYL-VOCAB-P052-L27	1	part_1_true_exam	ocr_consensus_unreviewed
quilt	SYL-VOCAB-P082-R13	1	part_2_zero_frequency	ocr_consensus_unreviewed
quirk	SYL-VOCAB-P090-L24	1	part_3_beyond_syllabus	ocr_consensus_unreviewed
quit	SYL-VOCAB-P052-L28	1	part_1_true_exam	ocr_consensus_unreviewed
quite	SYL-VOCAB-P052-L29	1	part_1_true_exam	ocr_consensus_unreviewed
quiver	SYL-VOCAB-P082-R14	1	part_2_zero_frequency	ocr_consensus_unreviewed
quiz	SYL-VOCAB-P082-R15	1	part_2_zero_frequency	ocr_consensus_unreviewed
quota	SYL-VOCAB-P082-R16	1	part_2_zero_frequency	ocr_consensus_unreviewed
quote	SYL-VOCAB-P052-L30	1	part_1_true_exam	ocr_consensus_unreviewed
rabbit	SYL-VOCAB-P082-R17	1	part_2_zero_frequency	ocr_consensus_unreviewed
race	SYL-VOCAB-P052-L31	1	part_1_true_exam	ocr_consensus_unreviewed
racial	SYL-VOCAB-P082-R18	1	part_2_zero_frequency	ocr_consensus_unreviewed
rack	SYL-VOCAB-P082-R19	1	part_2_zero_frequency	ocr_consensus_unreviewed
racket	SYL-VOCAB-P082-R20	1	part_2_zero_frequency	ocr_consensus_unreviewed
radar	SYL-VOCAB-P052-L32	1	part_1_true_exam	ocr_consensus_unreviewed
radiant	SYL-VOCAB-P082-R21	1	part_2_zero_frequency	ocr_consensus_unreviewed
radiate	SYL-VOCAB-P052-L33	1	part_1_true_exam	ocr_consensus_unreviewed
radical	SYL-VOCAB-P052-R01	1	part_1_true_exam	ocr_consensus_unreviewed
radio	SYL-VOCAB-P052-R02	1	part_1_true_exam	ocr_consensus_unreviewed
radioactive	SYL-VOCAB-P082-R22	1	part_2_zero_frequency	ocr_consensus_unreviewed
radius	SYL-VOCAB-P052-R03	1	part_1_true_exam	ocr_consensus_unreviewed
rag	SYL-VOCAB-P082-R23	1	part_2_zero_frequency	ocr_consensus_unreviewed
rage	SYL-VOCAB-P052-R04	1	part_1_true_exam	ocr_consensus_unreviewed
raid	SYL-VOCAB-P082-R24	1	part_2_zero_frequency	ocr_consensus_unreviewed
rail	SYL-VOCAB-P052-R05	1	part_1_true_exam	ocr_consensus_unreviewed
railroad	SYL-VOCAB-P052-R06	1	part_1_true_exam	ocr_consensus_unreviewed
railway	SYL-VOCAB-P052-R07	1	part_1_true_exam	ocr_consensus_unreviewed
rain	SYL-VOCAB-P052-R08	1	part_1_true_exam	ocr_consensus_unreviewed
rainbow	SYL-VOCAB-P082-R25	1	part_2_zero_frequency	ocr_consensus_unreviewed
raise	SYL-VOCAB-P052-R09	1	part_1_true_exam	ocr_consensus_unreviewed
rake	SYL-VOCAB-P052-R10	1	part_1_true_exam	ocr_consensus_unreviewed
rally	SYL-VOCAB-P052-R11	1	part_1_true_exam	ocr_consensus_unreviewed
random	SYL-VOCAB-P052-R12	1	part_1_true_exam	ocr_consensus_unreviewed
range	SYL-VOCAB-P052-R13	1	part_1_true_exam	ocr_consensus_unreviewed
rank	SYL-VOCAB-P052-R14	1	part_1_true_exam	ocr_consensus_unreviewed
rap	SYL-VOCAB-P052-R15	1	part_1_true_exam	ocr_consensus_unreviewed
rape	SYL-VOCAB-P082-R26	1	part_2_zero_frequency	ocr_consensus_unreviewed
rapid	SYL-VOCAB-P052-R16	1	part_1_true_exam	verified_manual_visual
rare	SYL-VOCAB-P052-R17	1	part_1_true_exam	ocr_consensus_unreviewed
rarely	SYL-VOCAB-P052-R18	1	part_1_true_exam	ocr_consensus_unreviewed
rash	SYL-VOCAB-P082-R27	1	part_2_zero_frequency	ocr_consensus_unreviewed
rat	SYL-VOCAB-P052-R19	1	part_1_true_exam	ocr_consensus_unreviewed
rate	SYL-VOCAB-P052-R20	1	part_1_true_exam	ocr_consensus_unreviewed
rather	SYL-VOCAB-P052-R21	1	part_1_true_exam	ocr_consensus_unreviewed
ratio	SYL-VOCAB-P052-R22	1	part_1_true_exam	ocr_consensus_unreviewed
rational	SYL-VOCAB-P052-R23	1	part_1_true_exam	ocr_consensus_unreviewed
raw	SYL-VOCAB-P052-R24	1	part_1_true_exam	ocr_consensus_unreviewed
ray	SYL-VOCAB-P052-R25	1	part_1_true_exam	ocr_consensus_unreviewed
razor	SYL-VOCAB-P082-R28	1	part_2_zero_frequency	ocr_consensus_unreviewed
reach	SYL-VOCAB-P052-R26	1	part_1_true_exam	ocr_consensus_unreviewed
react	SYL-VOCAB-P052-R27	1	part_1_true_exam	ocr_consensus_unreviewed
read	SYL-VOCAB-P052-R28	1	part_1_true_exam	ocr_consensus_unreviewed
reader	SYL-VOCAB-P052-R29	1	part_1_true_exam	ocr_consensus_unreviewed
readily	SYL-VOCAB-P053-L01	1	part_1_true_exam	ocr_consensus_unreviewed
reading	SYL-VOCAB-P053-L02	1	part_1_true_exam	ocr_consensus_unreviewed
ready	SYL-VOCAB-P053-L03	1	part_1_true_exam	ocr_consensus_unreviewed
real	SYL-VOCAB-P053-L04	1	part_1_true_exam	ocr_consensus_unreviewed
realise	SYL-VOCAB-P053-L05	1	part_1_true_exam	ocr_consensus_unreviewed
realistic	SYL-VOCAB-P053-L06	1	part_1_true_exam	ocr_consensus_unreviewed
reality	SYL-VOCAB-P053-L07	1	part_1_true_exam	verified_manual_visual
really	SYL-VOCAB-P053-L08	1	part_1_true_exam	ocr_consensus_unreviewed
realm	SYL-VOCAB-P082-R29	1	part_2_zero_frequency	ocr_consensus_unreviewed
reap	SYL-VOCAB-P053-L09	1	part_1_true_exam	ocr_consensus_unreviewed
rear	SYL-VOCAB-P053-L10	1	part_1_true_exam	ocr_consensus_unreviewed
reason	SYL-VOCAB-P053-L11	1	part_1_true_exam	ocr_consensus_unreviewed
reasonable	SYL-VOCAB-P053-L12	1	part_1_true_exam	ocr_consensus_unreviewed
reassure	SYL-VOCAB-P082-R30	1	part_2_zero_frequency	ocr_consensus_unreviewed
rebel	SYL-VOCAB-P053-L13	1	part_1_true_exam	ocr_consensus_unreviewed
rebellion	SYL-VOCAB-P082-R31	1	part_2_zero_frequency	ocr_consensus_unreviewed
recall	SYL-VOCAB-P053-L14	1	part_1_true_exam	ocr_consensus_unreviewed
recede	SYL-VOCAB-P082-R32	1	part_2_zero_frequency	ocr_consensus_unreviewed
receipt	SYL-VOCAB-P053-L17	1	part_1_true_exam	ocr_consensus_unreviewed
receive	SYL-VOCAB-P053-L15	1	part_1_true_exam	ocr_consensus_unreviewed
recent	SYL-VOCAB-P053-L16	1	part_1_true_exam	ocr_consensus_unreviewed
reception	SYL-VOCAB-P053-L18	1	part_1_true_exam	ocr_consensus_unreviewed
recession	SYL-VOCAB-P053-L19	1	part_1_true_exam	ocr_consensus_unreviewed
recipe	SYL-VOCAB-P082-R33	1	part_2_zero_frequency	verified_manual_visual
recipient	SYL-VOCAB-P053-L20	1	part_1_true_exam	ocr_consensus_unreviewed
reciprocal	SYL-VOCAB-P082-R34	1	part_2_zero_frequency	ocr_consensus_unreviewed
recite	SYL-VOCAB-P053-L21	1	part_1_true_exam	ocr_consensus_unreviewed
reckless	SYL-VOCAB-P053-L22	1	part_1_true_exam	ocr_consensus_unreviewed
reckon	SYL-VOCAB-P053-L23	1	part_1_true_exam	ocr_consensus_unreviewed
reclaim	SYL-VOCAB-P082-R35	1	part_2_zero_frequency	ocr_consensus_unreviewed
recognise	SYL-VOCAB-P053-L24	1	part_1_true_exam	ocr_consensus_unreviewed
recognition	SYL-VOCAB-P053-L25	1	part_1_true_exam	ocr_consensus_unreviewed
recollect	SYL-VOCAB-P082-R36	1	part_2_zero_frequency	ocr_consensus_unreviewed
recommend	SYL-VOCAB-P053-L26	1	part_1_true_exam	ocr_consensus_unreviewed
reconcile	SYL-VOCAB-P083-L01	1	part_2_zero_frequency	ocr_consensus_unreviewed
record	SYL-VOCAB-P053-L27	1	part_1_true_exam	ocr_consensus_unreviewed
recorder	SYL-VOCAB-P053-L28	1	part_1_true_exam	ocr_consensus_unreviewed
recover	SYL-VOCAB-P053-L29	1	part_1_true_exam	ocr_consensus_unreviewed
recovery	SYL-VOCAB-P053-L30	1	part_1_true_exam	ocr_consensus_unreviewed
recreation	SYL-VOCAB-P083-L02	1	part_2_zero_frequency	ocr_consensus_unreviewed
recruit	SYL-VOCAB-P053-L31	1	part_1_true_exam	ocr_consensus_unreviewed
rectangle	SYL-VOCAB-P083-L03	1	part_2_zero_frequency	ocr_consensus_unreviewed
rectify	SYL-VOCAB-P083-L04	1	part_2_zero_frequency	ocr_consensus_unreviewed
recur	SYL-VOCAB-P053-L32	1	part_1_true_exam	ocr_consensus_unreviewed
recycle	SYL-VOCAB-P053-L33	1	part_1_true_exam	ocr_consensus_unreviewed
red	SYL-VOCAB-P053-L34	1	part_1_true_exam	ocr_consensus_unreviewed
redeem	SYL-VOCAB-P083-L05	1	part_2_zero_frequency	ocr_consensus_unreviewed
reduce	SYL-VOCAB-P053-L35	1	part_1_true_exam	ocr_consensus_unreviewed
reduction	SYL-VOCAB-P053-L36	1	part_1_true_exam	ocr_consensus_unreviewed
redundant	SYL-VOCAB-P053-L37	1	part_1_true_exam	ocr_consensus_unreviewed
reed	SYL-VOCAB-P083-L06	1	part_2_zero_frequency	ocr_consensus_unreviewed
reel	SYL-VOCAB-P083-L07	1	part_2_zero_frequency	ocr_consensus_unreviewed
refer	SYL-VOCAB-P053-R01	1	part_1_true_exam	ocr_consensus_unreviewed
reference	SYL-VOCAB-P053-R02	1	part_1_true_exam	ocr_consensus_unreviewed
refine	SYL-VOCAB-P053-R03	1	part_1_true_exam	ocr_consensus_unreviewed
reflect	SYL-VOCAB-P053-R04	1	part_1_true_exam	ocr_consensus_unreviewed
reflection	SYL-VOCAB-P053-R05	1	part_1_true_exam	ocr_consensus_unreviewed
reflex	SYL-VOCAB-P090-L25	1	part_3_beyond_syllabus	ocr_consensus_unreviewed
reform	SYL-VOCAB-P053-R06	1	part_1_true_exam	ocr_consensus_unreviewed
refrain	SYL-VOCAB-P053-R07	1	part_1_true_exam	ocr_consensus_unreviewed
refresh	SYL-VOCAB-P053-R08	1	part_1_true_exam	ocr_consensus_unreviewed
refreshment	SYL-VOCAB-P083-L08	1	part_2_zero_frequency	ocr_consensus_unreviewed
refuge	SYL-VOCAB-P083-L09	1	part_2_zero_frequency	ocr_consensus_unreviewed
refugee	SYL-VOCAB-P053-R09	1	part_1_true_exam	ocr_consensus_unreviewed
refund	SYL-VOCAB-P083-L10	1	part_2_zero_frequency	ocr_consensus_unreviewed
refusal	SYL-VOCAB-P053-R10	1	part_1_true_exam	ocr_consensus_unreviewed
refuse	SYL-VOCAB-P053-R11	1	part_1_true_exam	ocr_consensus_unreviewed
refute	SYL-VOCAB-P053-R12	1	part_1_true_exam	ocr_consensus_unreviewed
regard	SYL-VOCAB-P053-R13	1	part_1_true_exam	ocr_consensus_unreviewed
regarding	SYL-VOCAB-P053-R14	1	part_1_true_exam	ocr_consensus_unreviewed
regardless	SYL-VOCAB-P053-R15	1	part_1_true_exam	ocr_consensus_unreviewed
regime	SYL-VOCAB-P053-R16	1	part_1_true_exam	ocr_consensus_unreviewed
region	SYL-VOCAB-P053-R17	1	part_1_true_exam	ocr_consensus_unreviewed
register	SYL-VOCAB-P053-R18	1	part_1_true_exam	ocr_consensus_unreviewed
regret	SYL-VOCAB-P053-R19	1	part_1_true_exam	ocr_consensus_unreviewed
regular	SYL-VOCAB-P053-R20	1	part_1_true_exam	ocr_consensus_unreviewed
regulate	SYL-VOCAB-P053-R21	1	part_1_true_exam	ocr_consensus_unreviewed
regulation	SYL-VOCAB-P053-R22	1	part_1_true_exam	ocr_consensus_unreviewed
rehearsal	SYL-VOCAB-P083-L11	1	part_2_zero_frequency	ocr_consensus_unreviewed
rehearse	SYL-VOCAB-P083-L12	1	part_2_zero_frequency	ocr_consensus_unreviewed
reign	SYL-VOCAB-P053-R23	1	part_1_true_exam	ocr_consensus_unreviewed
rein	SYL-VOCAB-P083-L13	1	part_2_zero_frequency	ocr_consensus_unreviewed
reinforce	SYL-VOCAB-P053-R24	1	part_1_true_exam	ocr_consensus_unreviewed
reject	SYL-VOCAB-P053-R25	1	part_1_true_exam	ocr_consensus_unreviewed
rejoice	SYL-VOCAB-P053-R26	1	part_1_true_exam	ocr_consensus_unreviewed
relate	SYL-VOCAB-P053-R27	1	part_1_true_exam	ocr_consensus_unreviewed
relation	SYL-VOCAB-P053-R28	1	part_1_true_exam	ocr_consensus_unreviewed
relationship	SYL-VOCAB-P053-R29	1	part_1_true_exam	ocr_consensus_unreviewed
relative	SYL-VOCAB-P053-R30	1	part_1_true_exam	ocr_consensus_unreviewed
relativity	SYL-VOCAB-P083-L14	1	part_2_zero_frequency	ocr_consensus_unreviewed
relax	SYL-VOCAB-P053-R31	1	part_1_true_exam	ocr_consensus_unreviewed
relay	SYL-VOCAB-P083-L15	1	part_2_zero_frequency	ocr_consensus_unreviewed
release	SYL-VOCAB-P053-R32	1	part_1_true_exam	ocr_consensus_unreviewed
relevant	SYL-VOCAB-P054-L01	1	part_1_true_exam	ocr_consensus_unreviewed
reliable	SYL-VOCAB-P054-L02	1	part_1_true_exam	ocr_consensus_unreviewed
reliance	SYL-VOCAB-P054-L03	1	part_1_true_exam	ocr_consensus_unreviewed
relic	SYL-VOCAB-P090-L26	1	part_3_beyond_syllabus	ocr_consensus_unreviewed
relief	SYL-VOCAB-P054-L04	1	part_1_true_exam	ocr_consensus_unreviewed
relieve	SYL-VOCAB-P054-L05	1	part_1_true_exam	ocr_consensus_unreviewed
religion	SYL-VOCAB-P054-L06	1	part_1_true_exam	ocr_consensus_unreviewed
religious	SYL-VOCAB-P054-L07	1	part_1_true_exam	ocr_consensus_unreviewed
relish	SYL-VOCAB-P083-L16	1	part_2_zero_frequency	ocr_consensus_unreviewed
reluctant	SYL-VOCAB-P054-L08	1	part_1_true_exam	ocr_consensus_unreviewed
rely	SYL-VOCAB-P054-L09	1	part_1_true_exam	ocr_consensus_unreviewed
remain	SYL-VOCAB-P054-L10	1	part_1_true_exam	ocr_consensus_unreviewed
remainder	SYL-VOCAB-P083-L17	1	part_2_zero_frequency	ocr_consensus_unreviewed
remains	SYL-VOCAB-P054-L11	1	part_1_true_exam	ocr_consensus_unreviewed
remark	SYL-VOCAB-P054-L12	1	part_1_true_exam	ocr_consensus_unreviewed
remarkable	SYL-VOCAB-P054-L13	1	part_1_true_exam	ocr_consensus_unreviewed
remedy	SYL-VOCAB-P054-L14	1	part_1_true_exam	ocr_consensus_unreviewed
remember	SYL-VOCAB-P054-L15	1	part_1_true_exam	pending_review_only
remind	SYL-VOCAB-P054-L16	1	part_1_true_exam	ocr_consensus_unreviewed
remnant	SYL-VOCAB-P083-L18	1	part_2_zero_frequency	ocr_consensus_unreviewed
remote	SYL-VOCAB-P054-L17	1	part_1_true_exam	ocr_consensus_unreviewed
removal	SYL-VOCAB-P083-L19	1	part_2_zero_frequency	ocr_consensus_unreviewed
remove	SYL-VOCAB-P054-L18	1	part_1_true_exam	ocr_consensus_unreviewed
renaissance	SYL-VOCAB-P054-L19	1	part_1_true_exam	ocr_consensus_unreviewed
render	SYL-VOCAB-P054-L20	1	part_1_true_exam	ocr_consensus_unreviewed
renew	SYL-VOCAB-P054-L21	1	part_1_true_exam	ocr_consensus_unreviewed
renovate	SYL-VOCAB-P083-L20	1	part_2_zero_frequency	ocr_consensus_unreviewed
renowned	SYL-VOCAB-P090-L27	1	part_3_beyond_syllabus	ocr_consensus_unreviewed
rent	SYL-VOCAB-P054-L22	1	part_1_true_exam	ocr_consensus_unreviewed
repair	SYL-VOCAB-P054-L23	1	part_1_true_exam	ocr_consensus_unreviewed
repay	SYL-VOCAB-P083-L21	1	part_2_zero_frequency	ocr_consensus_unreviewed
repeat	SYL-VOCAB-P054-L24	1	part_1_true_exam	ocr_consensus_unreviewed
repeatedly	SYL-VOCAB-P054-L25	1	part_1_true_exam	ocr_consensus_unreviewed
repel	SYL-VOCAB-P054-L26	1	part_1_true_exam	ocr_consensus_unreviewed
repertoire	SYL-VOCAB-P054-L27	1	part_1_true_exam	ocr_consensus_unreviewed
repetition	SYL-VOCAB-P083-L22	1	part_2_zero_frequency	ocr_consensus_unreviewed
replace	SYL-VOCAB-P054-L28	1	part_1_true_exam	ocr_consensus_unreviewed
replacement	SYL-VOCAB-P054-L29	1	part_1_true_exam	ocr_consensus_unreviewed
reply	SYL-VOCAB-P054-L30	1	part_1_true_exam	ocr_consensus_unreviewed
report	SYL-VOCAB-P054-L31	1	part_1_true_exam	ocr_consensus_unreviewed
reporter	SYL-VOCAB-P054-L32	1	part_1_true_exam	ocr_consensus_unreviewed
represent	SYL-VOCAB-P054-L33	1	part_1_true_exam	ocr_consensus_unreviewed
representative	SYL-VOCAB-P054-R01	1	part_1_true_exam	ocr_consensus_unreviewed
repression	SYL-VOCAB-P083-L23	1	part_2_zero_frequency	ocr_consensus_unreviewed
reproach	SYL-VOCAB-P083-L24	1	part_2_zero_frequency	ocr_consensus_unreviewed
reproduce	SYL-VOCAB-P054-R02	1	part_1_true_exam	ocr_consensus_unreviewed
reptile	SYL-VOCAB-P083-L25	1	part_2_zero_frequency	ocr_consensus_unreviewed
republic	SYL-VOCAB-P054-R03	1	part_1_true_exam	ocr_consensus_unreviewed
republican	SYL-VOCAB-P054-R04	1	part_1_true_exam	ocr_consensus_unreviewed
reputation	SYL-VOCAB-P054-R05	1	part_1_true_exam	ocr_consensus_unreviewed
request	SYL-VOCAB-P054-R06	1	part_1_true_exam	ocr_consensus_unreviewed
require	SYL-VOCAB-P054-R07	1	part_1_true_exam	ocr_consensus_unreviewed
requirement	SYL-VOCAB-P054-R08	1	part_1_true_exam	ocr_consensus_unreviewed
rescue	SYL-VOCAB-P054-R09	1	part_1_true_exam	ocr_consensus_unreviewed
research	SYL-VOCAB-P054-R10	1	part_1_true_exam	ocr_consensus_unreviewed
resemblance	SYL-VOCAB-P083-L26	1	part_2_zero_frequency	ocr_consensus_unreviewed
resemble	SYL-VOCAB-P054-R11	1	part_1_true_exam	ocr_consensus_unreviewed
resent	SYL-VOCAB-P054-R12	1	part_1_true_exam	ocr_consensus_unreviewed
reservation	SYL-VOCAB-P083-L27	1	part_2_zero_frequency	ocr_consensus_unreviewed
reserve	SYL-VOCAB-P054-R13	1	part_1_true_exam	ocr_consensus_unreviewed
reservoir	SYL-VOCAB-P054-R14	1	part_1_true_exam	ocr_consensus_unreviewed
residence	SYL-VOCAB-P054-R15	1	part_1_true_exam	ocr_consensus_unreviewed
resident	SYL-VOCAB-P054-R16	1	part_1_true_exam	ocr_consensus_unreviewed
resign	SYL-VOCAB-P054-R17	1	part_1_true_exam	ocr_consensus_unreviewed
resist	SYL-VOCAB-P054-R18	1	part_1_true_exam	ocr_consensus_unreviewed
resistance	SYL-VOCAB-P054-R19	1	part_1_true_exam	ocr_consensus_unreviewed
resistant	SYL-VOCAB-P054-R20	1	part_1_true_exam	ocr_consensus_unreviewed
resolute	SYL-VOCAB-P083-L28	1	part_2_zero_frequency	ocr_consensus_unreviewed
resolution	SYL-VOCAB-P083-L29	1	part_2_zero_frequency	ocr_consensus_unreviewed
resolve	SYL-VOCAB-P054-R21	1	part_1_true_exam	ocr_consensus_unreviewed
resort	SYL-VOCAB-P054-R22	1	part_1_true_exam	ocr_consensus_unreviewed
resource	SYL-VOCAB-P054-R23	1	part_1_true_exam	ocr_consensus_unreviewed
respect	SYL-VOCAB-P054-R24	1	part_1_true_exam	ocr_consensus_unreviewed
respective	SYL-VOCAB-P054-R25	1	part_1_true_exam	ocr_consensus_unreviewed
respond	SYL-VOCAB-P054-R26	1	part_1_true_exam	ocr_consensus_unreviewed
response	SYL-VOCAB-P054-R27	1	part_1_true_exam	ocr_consensus_unreviewed
responsibility	SYL-VOCAB-P054-R28	1	part_1_true_exam	verified_manual_visual
responsible	SYL-VOCAB-P054-R29	1	part_1_true_exam	ocr_consensus_unreviewed
rest	SYL-VOCAB-P054-R30	1	part_1_true_exam	ocr_consensus_unreviewed
restaurant	SYL-VOCAB-P054-R31	1	part_1_true_exam	ocr_consensus_unreviewed
restless	SYL-VOCAB-P083-L30	1	part_2_zero_frequency	ocr_consensus_unreviewed
restore	SYL-VOCAB-P054-R32	1	part_1_true_exam	ocr_consensus_unreviewed
restrain	SYL-VOCAB-P054-R33	1	part_1_true_exam	ocr_consensus_unreviewed
restraint	SYL-VOCAB-P054-R34	1	part_1_true_exam	ocr_consensus_unreviewed
restrict	SYL-VOCAB-P055-L01	1	part_1_true_exam	ocr_consensus_unreviewed
result	SYL-VOCAB-P055-L02	1	part_1_true_exam	ocr_consensus_unreviewed
resultant	SYL-VOCAB-P083-L31	1	part_2_zero_frequency	ocr_consensus_unreviewed
resume	SYL-VOCAB-P055-L03	1	part_1_true_exam	ocr_consensus_unreviewed
retail	SYL-VOCAB-P055-L04	1	part_1_true_exam	ocr_consensus_unreviewed
retain	SYL-VOCAB-P055-L05	1	part_1_true_exam	ocr_consensus_unreviewed
retention	SYL-VOCAB-P055-L06	1	part_1_true_exam	ocr_consensus_unreviewed
retire	SYL-VOCAB-P055-L07	1	part_1_true_exam	ocr_consensus_unreviewed
retort	SYL-VOCAB-P083-L32	1	part_2_zero_frequency	ocr_consensus_unreviewed
retreat	SYL-VOCAB-P055-L08	1	part_1_true_exam	ocr_consensus_unreviewed
retrieve	SYL-VOCAB-P055-L09	1	part_1_true_exam	ocr_consensus_unreviewed
retrospect	SYL-VOCAB-P055-L10	1	part_1_true_exam	ocr_consensus_unreviewed
return	SYL-VOCAB-P055-L11	1	part_1_true_exam	ocr_consensus_unreviewed
reveal	SYL-VOCAB-P055-L12	1	part_1_true_exam	ocr_consensus_unreviewed
revelation	SYL-VOCAB-P055-L13	1	part_1_true_exam	ocr_consensus_unreviewed
revenge	SYL-VOCAB-P055-L14	1	part_1_true_exam	ocr_consensus_unreviewed
revenue	SYL-VOCAB-P055-L15	1	part_1_true_exam	ocr_consensus_unreviewed
reverse	SYL-VOCAB-P055-L16	1	part_1_true_exam	ocr_consensus_unreviewed
review	SYL-VOCAB-P055-L17	1	part_1_true_exam	ocr_consensus_unreviewed
revise	SYL-VOCAB-P055-L18	1	part_1_true_exam	ocr_consensus_unreviewed
revive	SYL-VOCAB-P055-L19	1	part_1_true_exam	ocr_consensus_unreviewed
revolt	SYL-VOCAB-P083-L33	1	part_2_zero_frequency	ocr_consensus_unreviewed
revolution	SYL-VOCAB-P055-L20	1	part_1_true_exam	ocr_consensus_unreviewed
revolutionary	SYL-VOCAB-P055-L21	1	part_1_true_exam	ocr_consensus_unreviewed
revolve	SYL-VOCAB-P055-L22	1	part_1_true_exam	ocr_consensus_unreviewed
reward	SYL-VOCAB-P055-L23	1	part_1_true_exam	ocr_consensus_unreviewed
rhythm	SYL-VOCAB-P055-L24	1	part_1_true_exam	ocr_consensus_unreviewed
rib	SYL-VOCAB-P083-L34	1	part_2_zero_frequency	ocr_consensus_unreviewed
ribbon	SYL-VOCAB-P083-L35	1	part_2_zero_frequency	ocr_consensus_unreviewed
rice	SYL-VOCAB-P083-L36	1	part_2_zero_frequency	ocr_consensus_unreviewed
rich	SYL-VOCAB-P055-L25	1	part_1_true_exam	ocr_consensus_unreviewed
rid	SYL-VOCAB-P055-L26	1	part_1_true_exam	ocr_consensus_unreviewed
riddle	SYL-VOCAB-P083-R01	1	part_2_zero_frequency	verified_manual_visual
ride	SYL-VOCAB-P055-L27	1	part_1_true_exam	ocr_consensus_unreviewed
ridge	SYL-VOCAB-P083-R02	1	part_2_zero_frequency	ocr_consensus_unreviewed
ridiculous	SYL-VOCAB-P055-L28	1	part_1_true_exam	ocr_consensus_unreviewed
rifle	SYL-VOCAB-P083-R03	1	part_2_zero_frequency	ocr_consensus_unreviewed
right	SYL-VOCAB-P055-L29	1	part_1_true_exam	ocr_consensus_unreviewed
rigid	SYL-VOCAB-P055-L30	1	part_1_true_exam	ocr_consensus_unreviewed
rigorous	SYL-VOCAB-P055-L31	1	part_1_true_exam	ocr_consensus_unreviewed
rim	SYL-VOCAB-P083-R04	1	part_2_zero_frequency	ocr_consensus_unreviewed
ring	SYL-VOCAB-P055-L32	1	part_1_true_exam	ocr_consensus_unreviewed
riot	SYL-VOCAB-P083-R05	1	part_2_zero_frequency	ocr_consensus_unreviewed
rip	SYL-VOCAB-P055-R01	1	part_1_true_exam	ocr_consensus_unreviewed
ripe	SYL-VOCAB-P083-R06	1	part_2_zero_frequency	ocr_consensus_unreviewed
rise	SYL-VOCAB-P055-R02	1	part_1_true_exam	ocr_consensus_unreviewed
risk	SYL-VOCAB-P055-R03	1	part_1_true_exam	pending_review_only
ritual	SYL-VOCAB-P055-R04	1	part_1_true_exam	pending_review_only
rival	SYL-VOCAB-P055-R05	1	part_1_true_exam	pending_review_only
river	SYL-VOCAB-P055-R06	1	part_1_true_exam	pending_review_only
road	SYL-VOCAB-P055-R07	1	part_1_true_exam	pending_review_only
roar	SYL-VOCAB-P083-R07	1	part_2_zero_frequency	ocr_consensus_unreviewed
roast	SYL-VOCAB-P055-R08	1	part_1_true_exam	ocr_consensus_unreviewed
rob	SYL-VOCAB-P083-R08	1	part_2_zero_frequency	ocr_consensus_unreviewed
robe	SYL-VOCAB-P083-R09	1	part_2_zero_frequency	ocr_consensus_unreviewed
robot	SYL-VOCAB-P055-R09	1	part_1_true_exam	ocr_consensus_unreviewed
robust	SYL-VOCAB-P055-R10	1	part_1_true_exam	ocr_consensus_unreviewed
rock	SYL-VOCAB-P055-R11	1	part_1_true_exam	ocr_consensus_unreviewed
rocket	SYL-VOCAB-P055-R12	1	part_1_true_exam	ocr_consensus_unreviewed
rod	SYL-VOCAB-P083-R10	1	part_2_zero_frequency	ocr_consensus_unreviewed
role	SYL-VOCAB-P055-R13	1	part_1_true_exam	ocr_consensus_unreviewed
roll	SYL-VOCAB-P055-R14	1	part_1_true_exam	ocr_consensus_unreviewed
romance	SYL-VOCAB-P083-R11	1	part_2_zero_frequency	ocr_consensus_unreviewed
romantic	SYL-VOCAB-P083-R12	1	part_2_zero_frequency	ocr_consensus_unreviewed
roof	SYL-VOCAB-P055-R15	1	part_1_true_exam	ocr_consensus_unreviewed
room	SYL-VOCAB-P055-R16	1	part_1_true_exam	ocr_consensus_unreviewed
root	SYL-VOCAB-P055-R17	1	part_1_true_exam	ocr_consensus_unreviewed
rope	SYL-VOCAB-P055-R18	1	part_1_true_exam	ocr_consensus_unreviewed
rose	SYL-VOCAB-P083-R13	1	part_2_zero_frequency	ocr_consensus_unreviewed
rot	SYL-VOCAB-P055-R19	1	part_1_true_exam	ocr_consensus_unreviewed
rotary	SYL-VOCAB-P083-R14	1	part_2_zero_frequency	ocr_consensus_unreviewed
rotate	SYL-VOCAB-P055-R20	1	part_1_true_exam	ocr_consensus_unreviewed
rotten	SYL-VOCAB-P083-R15	1	part_2_zero_frequency	ocr_consensus_unreviewed
rough	SYL-VOCAB-P055-R21	1	part_1_true_exam	ocr_consensus_unreviewed
round	SYL-VOCAB-P055-R22	1	part_1_true_exam	ocr_consensus_unreviewed
roundabout	SYL-VOCAB-P055-R23	1	part_1_true_exam	ocr_consensus_unreviewed
rouse	SYL-VOCAB-P083-R16	1	part_2_zero_frequency	ocr_consensus_unreviewed
route	SYL-VOCAB-P055-R24	1	part_1_true_exam	ocr_consensus_unreviewed
routine	SYL-VOCAB-P055-R25	1	part_1_true_exam	ocr_consensus_unreviewed
row	SYL-VOCAB-P055-R26	1	part_1_true_exam	ocr_consensus_unreviewed
royal	SYL-VOCAB-P055-R27	1	part_1_true_exam	ocr_consensus_unreviewed
royalty	SYL-VOCAB-P083-R17	1	part_2_zero_frequency	ocr_consensus_unreviewed
rub	SYL-VOCAB-P083-R18	1	part_2_zero_frequency	ocr_consensus_unreviewed
rubber	SYL-VOCAB-P083-R19	1	part_2_zero_frequency	ocr_consensus_unreviewed
rubbish	SYL-VOCAB-P055-R28	1	part_1_true_exam	ocr_consensus_unreviewed
ruby	SYL-VOCAB-P083-R20	1	part_2_zero_frequency	ocr_consensus_unreviewed
rude	SYL-VOCAB-P056-L01	1	part_1_true_exam	ocr_consensus_unreviewed
rug	SYL-VOCAB-P056-L02	1	part_1_true_exam	ocr_consensus_unreviewed
ruin	SYL-VOCAB-P056-L03	1	part_1_true_exam	ocr_consensus_unreviewed
rule	SYL-VOCAB-P056-L04	1	part_1_true_exam	ocr_consensus_unreviewed
ruler	SYL-VOCAB-P083-R21	1	part_2_zero_frequency	ocr_consensus_unreviewed
rumor	SYL-VOCAB-P056-L05	1	part_1_true_exam	ocr_consensus_unreviewed
run	SYL-VOCAB-P056-L06	1	part_1_true_exam	ocr_consensus_unreviewed
rural	SYL-VOCAB-P056-L07	1	part_1_true_exam	ocr_consensus_unreviewed
rush	SYL-VOCAB-P056-L08	1	part_1_true_exam	ocr_consensus_unreviewed
rust	SYL-VOCAB-P083-R22	1	part_2_zero_frequency	ocr_consensus_unreviewed
rustle	SYL-VOCAB-P090-L28	1	part_3_beyond_syllabus	ocr_consensus_unreviewed
rut	SYL-VOCAB-P090-L29	1	part_3_beyond_syllabus	ocr_consensus_unreviewed
ruthless	SYL-VOCAB-P083-R23	1	part_2_zero_frequency	ocr_consensus_unreviewed
sack	SYL-VOCAB-P083-R24	1	part_2_zero_frequency	ocr_consensus_unreviewed
sacred	SYL-VOCAB-P056-L10	1	part_1_true_exam	ocr_consensus_unreviewed
sacrifice	SYL-VOCAB-P056-L09	1	part_1_true_exam	ocr_consensus_unreviewed
sad	SYL-VOCAB-P056-L11	1	part_1_true_exam	ocr_consensus_unreviewed
saddle	SYL-VOCAB-P083-R25	1	part_2_zero_frequency	ocr_consensus_unreviewed
safe	SYL-VOCAB-P056-L12	1	part_1_true_exam	ocr_consensus_unreviewed
safeguard	SYL-VOCAB-P056-L13	1	part_1_true_exam	ocr_consensus_unreviewed
safety	SYL-VOCAB-P056-L14	1	part_1_true_exam	ocr_consensus_unreviewed
saga	SYL-VOCAB-P090-L30	1	part_3_beyond_syllabus	ocr_consensus_unreviewed
sail	SYL-VOCAB-P056-L15	1	part_1_true_exam	ocr_consensus_unreviewed
sailor	SYL-VOCAB-P083-R26	1	part_2_zero_frequency	ocr_consensus_unreviewed
saint	SYL-VOCAB-P083-R27	1	part_2_zero_frequency	ocr_consensus_unreviewed
sake	SYL-VOCAB-P056-L16	1	part_1_true_exam	ocr_consensus_unreviewed
salad	SYL-VOCAB-P083-R28	1	part_2_zero_frequency	ocr_consensus_unreviewed
salary	SYL-VOCAB-P056-L17	1	part_1_true_exam	ocr_consensus_unreviewed
sale	SYL-VOCAB-P056-L18	1	part_1_true_exam	ocr_consensus_unreviewed
salesman	SYL-VOCAB-P083-R29	1	part_2_zero_frequency	ocr_consensus_unreviewed
salient	SYL-VOCAB-P083-R30	1	part_2_zero_frequency	ocr_consensus_unreviewed
saliva	SYL-VOCAB-P090-L31	1	part_3_beyond_syllabus	ocr_consensus_unreviewed
salt	SYL-VOCAB-P056-L19	1	part_1_true_exam	ocr_consensus_unreviewed
salute	SYL-VOCAB-P083-R31	1	part_2_zero_frequency	ocr_consensus_unreviewed
salvation	SYL-VOCAB-P083-R32	1	part_2_zero_frequency	ocr_consensus_unreviewed
same	SYL-VOCAB-P056-L20	1	part_1_true_exam	ocr_consensus_unreviewed
sample	SYL-VOCAB-P056-L21	1	part_1_true_exam	ocr_consensus_unreviewed
sanction	SYL-VOCAB-P056-L22	1	part_1_true_exam	ocr_consensus_unreviewed
sand	SYL-VOCAB-P083-R33	1	part_2_zero_frequency	ocr_consensus_unreviewed
sandwich	SYL-VOCAB-P083-R34	1	part_2_zero_frequency	ocr_consensus_unreviewed
sane	SYL-VOCAB-P083-R35	1	part_2_zero_frequency	ocr_consensus_unreviewed
sarcastic	SYL-VOCAB-P056-L23	1	part_1_true_exam	ocr_consensus_unreviewed
satellite	SYL-VOCAB-P056-L24	1	part_1_true_exam	ocr_consensus_unreviewed
satire	SYL-VOCAB-P056-L25	1	part_1_true_exam	ocr_consensus_unreviewed
satisfaction	SYL-VOCAB-P056-L26	1	part_1_true_exam	ocr_consensus_unreviewed
satisfactory	SYL-VOCAB-P056-L27	1	part_1_true_exam	ocr_consensus_unreviewed
satisfy	SYL-VOCAB-P056-L28	1	part_1_true_exam	ocr_consensus_unreviewed
saturate	SYL-VOCAB-P056-L29	1	part_1_true_exam	ocr_consensus_unreviewed
saturday	SYL-VOCAB-P056-R01	1	part_1_true_exam	ocr_consensus_unreviewed
sauce	SYL-VOCAB-P083-R36	1	part_2_zero_frequency	ocr_consensus_unreviewed
saucer	SYL-VOCAB-P083-R37	1	part_2_zero_frequency	ocr_consensus_unreviewed
sausage	SYL-VOCAB-P083-R38	1	part_2_zero_frequency	ocr_consensus_unreviewed
savage	SYL-VOCAB-P056-R02	1	part_1_true_exam	ocr_consensus_unreviewed
save	SYL-VOCAB-P056-R03	1	part_1_true_exam	ocr_consensus_unreviewed
saving	SYL-VOCAB-P056-R04	1	part_1_true_exam	ocr_consensus_unreviewed
saw	SYL-VOCAB-P083-R39	1	part_2_zero_frequency	ocr_consensus_unreviewed
say	SYL-VOCAB-P056-R06	1	part_1_true_exam	ocr_consensus_unreviewed
scale	SYL-VOCAB-P056-R05	1	part_1_true_exam	ocr_consensus_unreviewed
scan	SYL-VOCAB-P056-R07	1	part_1_true_exam	ocr_consensus_unreviewed
scandal	SYL-VOCAB-P083-R40	1	part_2_zero_frequency	ocr_consensus_unreviewed
scanty	SYL-VOCAB-P090-L32	1	part_3_beyond_syllabus	ocr_consensus_unreviewed
scapegoat	SYL-VOCAB-P090-L33	1	part_3_beyond_syllabus	ocr_consensus_unreviewed
scar	SYL-VOCAB-P084-L01	1	part_2_zero_frequency	ocr_consensus_unreviewed
scarce	SYL-VOCAB-P084-L02	1	part_2_zero_frequency	ocr_consensus_unreviewed
scarcely	SYL-VOCAB-P084-L03	1	part_2_zero_frequency	ocr_consensus_unreviewed
scare	SYL-VOCAB-P056-R08	1	part_1_true_exam	ocr_consensus_unreviewed
scarf	SYL-VOCAB-P084-L04	1	part_2_zero_frequency	ocr_consensus_unreviewed
scatter	SYL-VOCAB-P056-R09	1	part_1_true_exam	ocr_consensus_unreviewed
scenario	SYL-VOCAB-P084-L05	1	part_2_zero_frequency	ocr_consensus_unreviewed
scene	SYL-VOCAB-P056-R10	1	part_1_true_exam	ocr_consensus_unreviewed
scenery	SYL-VOCAB-P056-R11	1	part_1_true_exam	ocr_consensus_unreviewed
scent	SYL-VOCAB-P084-L06	1	part_2_zero_frequency	ocr_consensus_unreviewed
schedule	SYL-VOCAB-P056-R12	1	part_1_true_exam	ocr_consensus_unreviewed
scheme	SYL-VOCAB-P056-R13	1	part_1_true_exam	ocr_consensus_unreviewed
scholar	SYL-VOCAB-P056-R14	1	part_1_true_exam	ocr_consensus_unreviewed
scholarship	SYL-VOCAB-P056-R15	1	part_1_true_exam	ocr_consensus_unreviewed
school	SYL-VOCAB-P056-R16	1	part_1_true_exam	ocr_consensus_unreviewed
science	SYL-VOCAB-P056-R17	1	part_1_true_exam	ocr_consensus_unreviewed
scientific	SYL-VOCAB-P056-R18	1	part_1_true_exam	ocr_consensus_unreviewed
scientist	SYL-VOCAB-P056-R19	1	part_1_true_exam	ocr_consensus_unreviewed
scissors	SYL-VOCAB-P084-L07	1	part_2_zero_frequency	ocr_consensus_unreviewed
scold	SYL-VOCAB-P056-R20	1	part_1_true_exam	ocr_consensus_unreviewed
scoop	SYL-VOCAB-P090-L34	1	part_3_beyond_syllabus	ocr_consensus_unreviewed
scope	SYL-VOCAB-P056-R21	1	part_1_true_exam	ocr_consensus_unreviewed
score	SYL-VOCAB-P056-R22	1	part_1_true_exam	ocr_consensus_unreviewed
scorn	SYL-VOCAB-P056-R23	1	part_1_true_exam	ocr_consensus_unreviewed
scout	SYL-VOCAB-P084-L08	1	part_2_zero_frequency	ocr_consensus_unreviewed
scramble	SYL-VOCAB-P084-L09	1	part_2_zero_frequency	ocr_consensus_unreviewed
scrap	SYL-VOCAB-P084-L10	1	part_2_zero_frequency	ocr_consensus_unreviewed
scrape	SYL-VOCAB-P084-L11	1	part_2_zero_frequency	ocr_consensus_unreviewed
scratch	SYL-VOCAB-P056-R24	1	part_1_true_exam	ocr_consensus_unreviewed
scream	SYL-VOCAB-P056-R25	1	part_1_true_exam	ocr_consensus_unreviewed
screen	SYL-VOCAB-P056-R26	1	part_1_true_exam	ocr_consensus_unreviewed
script	SYL-VOCAB-P084-L12	1	part_2_zero_frequency	ocr_consensus_unreviewed
scrutiny	SYL-VOCAB-P056-R28	1	part_1_true_exam	ocr_consensus_unreviewed
sculpture	SYL-VOCAB-P056-R29	1	part_1_true_exam	ocr_consensus_unreviewed
sea	SYL-VOCAB-P056-R30	1	part_1_true_exam	ocr_consensus_unreviewed
seal	SYL-VOCAB-P056-R31	1	part_1_true_exam	ocr_consensus_unreviewed
seam	SYL-VOCAB-P084-L13	1	part_2_zero_frequency	ocr_consensus_unreviewed
search	SYL-VOCAB-P056-R32	1	part_1_true_exam	ocr_consensus_unreviewed
seaside	SYL-VOCAB-P056-R33	1	part_1_true_exam	ocr_consensus_unreviewed
season	SYL-VOCAB-P056-R34	1	part_1_true_exam	ocr_consensus_unreviewed
seat	SYL-VOCAB-P056-R35	1	part_1_true_exam	ocr_consensus_unreviewed
second	SYL-VOCAB-P057-L01	1	part_1_true_exam	ocr_consensus_unreviewed
secondary	SYL-VOCAB-P084-L14	1	part_2_zero_frequency	ocr_consensus_unreviewed
secret	SYL-VOCAB-P057-L02	1	part_1_true_exam	ocr_consensus_unreviewed
secretary	SYL-VOCAB-P057-L03	1	part_1_true_exam	ocr_consensus_unreviewed
section	SYL-VOCAB-P057-L04	1	part_1_true_exam	ocr_consensus_unreviewed
sector	SYL-VOCAB-P057-L05	1	part_1_true_exam	ocr_consensus_unreviewed
secular	SYL-VOCAB-P090-L35	1	part_3_beyond_syllabus	ocr_consensus_unreviewed
secure	SYL-VOCAB-P057-L06	1	part_1_true_exam	ocr_consensus_unreviewed
security	SYL-VOCAB-P057-L07	1	part_1_true_exam	ocr_consensus_unreviewed
sedition	SYL-VOCAB-P090-L36	1	part_3_beyond_syllabus	ocr_consensus_unreviewed
see	SYL-VOCAB-P057-L08	1	part_1_true_exam	ocr_consensus_unreviewed
seed	SYL-VOCAB-P057-L09	1	part_1_true_exam	ocr_consensus_unreviewed
seek	SYL-VOCAB-P057-L10	1	part_1_true_exam	ocr_consensus_unreviewed
seem	SYL-VOCAB-P057-L11	1	part_1_true_exam	ocr_consensus_unreviewed
seemingly	SYL-VOCAB-P057-L12	1	part_1_true_exam	ocr_consensus_unreviewed
seethe	SYL-VOCAB-P090-L37	1	part_3_beyond_syllabus	ocr_consensus_unreviewed
segment	SYL-VOCAB-P057-L13	1	part_1_true_exam	ocr_consensus_unreviewed
segregate	SYL-VOCAB-P084-L15	1	part_2_zero_frequency	ocr_consensus_unreviewed
seize	SYL-VOCAB-P057-L14	1	part_1_true_exam	ocr_consensus_unreviewed
seldom	SYL-VOCAB-P057-L15	1	part_1_true_exam	ocr_consensus_unreviewed
select	SYL-VOCAB-P057-L16	1	part_1_true_exam	ocr_consensus_unreviewed
selection	SYL-VOCAB-P057-L17	1	part_1_true_exam	ocr_consensus_unreviewed
self	SYL-VOCAB-P057-L18	1	part_1_true_exam	verified_manual_visual
selfish	SYL-VOCAB-P057-L19	1	part_1_true_exam	ocr_consensus_unreviewed
sell	SYL-VOCAB-P057-L20	1	part_1_true_exam	ocr_consensus_unreviewed
semester	SYL-VOCAB-P084-L16	1	part_2_zero_frequency	ocr_consensus_unreviewed
semiconductor	SYL-VOCAB-P057-L21	1	part_1_true_exam	ocr_consensus_unreviewed
seminar	SYL-VOCAB-P057-L22	1	part_1_true_exam	ocr_consensus_unreviewed
senate	SYL-VOCAB-P057-L23	1	part_1_true_exam	ocr_consensus_unreviewed
senator	SYL-VOCAB-P057-L24	1	part_1_true_exam	ocr_consensus_unreviewed
send	SYL-VOCAB-P057-L25	1	part_1_true_exam	ocr_consensus_unreviewed
senior	SYL-VOCAB-P057-L26	1	part_1_true_exam	ocr_consensus_unreviewed
sensation	SYL-VOCAB-P057-L27	1	part_1_true_exam	ocr_consensus_unreviewed
sense	SYL-VOCAB-P057-L28	1	part_1_true_exam	verified_manual_visual
sensible	SYL-VOCAB-P057-L29	1	part_1_true_exam	ocr_consensus_unreviewed
sensitive	SYL-VOCAB-P057-L30	1	part_1_true_exam	ocr_consensus_unreviewed
sentence	SYL-VOCAB-P057-L31	1	part_1_true_exam	ocr_consensus_unreviewed
sentiment	SYL-VOCAB-P057-R01	1	part_1_true_exam	ocr_consensus_unreviewed
separate	SYL-VOCAB-P057-R02	1	part_1_true_exam	ocr_consensus_unreviewed
september	SYL-VOCAB-P057-R03	1	part_1_true_exam	ocr_consensus_unreviewed
sequence	SYL-VOCAB-P057-R04	1	part_1_true_exam	ocr_consensus_unreviewed
serew	SYL-VOCAB-P056-R27	1	part_1_true_exam	ocr_consensus_unreviewed
serial	SYL-VOCAB-P057-R05	1	part_1_true_exam	ocr_consensus_unreviewed
series	SYL-VOCAB-P057-R06	1	part_1_true_exam	ocr_consensus_unreviewed
serious	SYL-VOCAB-P057-R07	1	part_1_true_exam	ocr_consensus_unreviewed
sermon	SYL-VOCAB-P090-R01	1	part_3_beyond_syllabus	ocr_consensus_unreviewed
servant	SYL-VOCAB-P057-R08	1	part_1_true_exam	ocr_consensus_unreviewed
serve	SYL-VOCAB-P057-R09	1	part_1_true_exam	ocr_consensus_unreviewed
service	SYL-VOCAB-P057-R10	1	part_1_true_exam	ocr_consensus_unreviewed
session	SYL-VOCAB-P057-R11	1	part_1_true_exam	ocr_consensus_unreviewed
set	SYL-VOCAB-P057-R12	1	part_1_true_exam	ocr_consensus_unreviewed
setback	SYL-VOCAB-P057-R13	1	part_1_true_exam	ocr_consensus_unreviewed
setting	SYL-VOCAB-P057-R14	1	part_1_true_exam	ocr_consensus_unreviewed
settle	SYL-VOCAB-P057-R15	1	part_1_true_exam	ocr_consensus_unreviewed
settlement	SYL-VOCAB-P057-R16	1	part_1_true_exam	ocr_consensus_unreviewed
seven	SYL-VOCAB-P057-R17	1	part_1_true_exam	ocr_consensus_unreviewed
several	SYL-VOCAB-P057-R18	1	part_1_true_exam	ocr_consensus_unreviewed
severe	SYL-VOCAB-P057-R19	1	part_1_true_exam	ocr_consensus_unreviewed
sew	SYL-VOCAB-P057-R20	1	part_1_true_exam	ocr_consensus_unreviewed
sex	SYL-VOCAB-P057-R21	1	part_1_true_exam	ocr_consensus_unreviewed
shabby	SYL-VOCAB-P084-L17	1	part_2_zero_frequency	ocr_consensus_unreviewed
shade	SYL-VOCAB-P057-R22	1	part_1_true_exam	ocr_consensus_unreviewed
shadow	SYL-VOCAB-P057-R23	1	part_1_true_exam	ocr_consensus_unreviewed
shady	SYL-VOCAB-P084-L18	1	part_2_zero_frequency	ocr_consensus_unreviewed
shaft	SYL-VOCAB-P084-L19	1	part_2_zero_frequency	ocr_consensus_unreviewed
shake	SYL-VOCAB-P057-R24	1	part_1_true_exam	ocr_consensus_unreviewed
shall	SYL-VOCAB-P057-R25	1	part_1_true_exam	ocr_consensus_unreviewed
shallow	SYL-VOCAB-P057-R26	1	part_1_true_exam	ocr_consensus_unreviewed
sham	SYL-VOCAB-P084-L20	1	part_2_zero_frequency	ocr_consensus_unreviewed
shame	SYL-VOCAB-P057-R27	1	part_1_true_exam	ocr_consensus_unreviewed
shampoo	SYL-VOCAB-P084-L21	1	part_2_zero_frequency	ocr_consensus_unreviewed
shape	SYL-VOCAB-P057-R28	1	part_1_true_exam	ocr_consensus_unreviewed
share	SYL-VOCAB-P058-L01	1	part_1_true_exam	verified_manual_visual
shark	SYL-VOCAB-P058-L02	1	part_1_true_exam	ocr_consensus_unreviewed
sharp	SYL-VOCAB-P058-L03	1	part_1_true_exam	ocr_consensus_unreviewed
shatter	SYL-VOCAB-P084-L22	1	part_2_zero_frequency	ocr_consensus_unreviewed
shave	SYL-VOCAB-P084-L23	1	part_2_zero_frequency	ocr_consensus_unreviewed
she	SYL-VOCAB-P058-L04	1	part_1_true_exam	ocr_consensus_unreviewed
shear	SYL-VOCAB-P084-L24	1	part_2_zero_frequency	ocr_consensus_unreviewed
shed	SYL-VOCAB-P058-L05	1	part_1_true_exam	ocr_consensus_unreviewed
sheep	SYL-VOCAB-P058-L06	1	part_1_true_exam	ocr_consensus_unreviewed
sheer	SYL-VOCAB-P058-L07	1	part_1_true_exam	ocr_consensus_unreviewed
sheet	SYL-VOCAB-P058-L08	1	part_1_true_exam	ocr_consensus_unreviewed
shelf	SYL-VOCAB-P058-L09	1	part_1_true_exam	ocr_consensus_unreviewed
shell	SYL-VOCAB-P058-L10	1	part_1_true_exam	ocr_consensus_unreviewed
shelter	SYL-VOCAB-P058-L11	1	part_1_true_exam	ocr_consensus_unreviewed
shepherd	SYL-VOCAB-P084-L25	1	part_2_zero_frequency	ocr_consensus_unreviewed
shield	SYL-VOCAB-P058-L12	1	part_1_true_exam	ocr_consensus_unreviewed
shift	SYL-VOCAB-P058-L13	1	part_1_true_exam	ocr_consensus_unreviewed
shilling	SYL-VOCAB-P084-L26	1	part_2_zero_frequency	ocr_consensus_unreviewed
shine	SYL-VOCAB-P084-L27	1	part_2_zero_frequency	ocr_consensus_unreviewed
ship	SYL-VOCAB-P058-L14	1	part_1_true_exam	ocr_consensus_unreviewed
shipment	SYL-VOCAB-P084-L28	1	part_2_zero_frequency	ocr_consensus_unreviewed
shirt	SYL-VOCAB-P058-L15	1	part_1_true_exam	ocr_consensus_unreviewed
shiver	SYL-VOCAB-P084-L29	1	part_2_zero_frequency	ocr_consensus_unreviewed
shock	SYL-VOCAB-P058-L16	1	part_1_true_exam	ocr_consensus_unreviewed
shoe	SYL-VOCAB-P084-L30	1	part_2_zero_frequency	ocr_consensus_unreviewed
shoot	SYL-VOCAB-P084-L31	1	part_2_zero_frequency	ocr_consensus_unreviewed
shop	SYL-VOCAB-P058-L17	1	part_1_true_exam	ocr_consensus_unreviewed
shopkeeper	SYL-VOCAB-P084-L32	1	part_2_zero_frequency	ocr_consensus_unreviewed
shore	SYL-VOCAB-P058-L18	1	part_1_true_exam	ocr_consensus_unreviewed
short	SYL-VOCAB-P058-L19	1	part_1_true_exam	ocr_consensus_unreviewed
shortage	SYL-VOCAB-P058-L20	1	part_1_true_exam	ocr_consensus_unreviewed
shortcoming	SYL-VOCAB-P058-L21	1	part_1_true_exam	ocr_consensus_unreviewed
shorthand	SYL-VOCAB-P084-L33	1	part_2_zero_frequency	ocr_consensus_unreviewed
shortly	SYL-VOCAB-P058-L22	1	part_1_true_exam	ocr_consensus_unreviewed
shot	SYL-VOCAB-P058-L23	1	part_1_true_exam	ocr_consensus_unreviewed
should	SYL-VOCAB-P058-L24	1	part_1_true_exam	ocr_consensus_unreviewed
shoulder	SYL-VOCAB-P058-L25	1	part_1_true_exam	ocr_consensus_unreviewed
shout	SYL-VOCAB-P058-L26	1	part_1_true_exam	ocr_consensus_unreviewed
shove	SYL-VOCAB-P058-L27	1	part_1_true_exam	ocr_consensus_unreviewed
show	SYL-VOCAB-P058-L28	1	part_1_true_exam	ocr_consensus_unreviewed
shower	SYL-VOCAB-P084-L34	1	part_2_zero_frequency	ocr_consensus_unreviewed
shrewd	SYL-VOCAB-P084-L35	1	part_2_zero_frequency	ocr_consensus_unreviewed
shrink	SYL-VOCAB-P058-L29	1	part_1_true_exam	ocr_consensus_unreviewed
shrug	SYL-VOCAB-P084-L36	1	part_2_zero_frequency	ocr_consensus_unreviewed
shut	SYL-VOCAB-P058-L30	1	part_1_true_exam	ocr_consensus_unreviewed
shutter	SYL-VOCAB-P084-R01	1	part_2_zero_frequency	ocr_consensus_unreviewed
shuttle	SYL-VOCAB-P058-L31	1	part_1_true_exam	ocr_consensus_unreviewed
shy	SYL-VOCAB-P058-R01	1	part_1_true_exam	ocr_consensus_unreviewed
sick	SYL-VOCAB-P058-R02	1	part_1_true_exam	ocr_consensus_unreviewed
side	SYL-VOCAB-P058-R03	1	part_1_true_exam	ocr_consensus_unreviewed
sideways	SYL-VOCAB-P058-R04	1	part_1_true_exam	ocr_consensus_unreviewed
siege	SYL-VOCAB-P084-R02	1	part_2_zero_frequency	ocr_consensus_unreviewed
sigh	SYL-VOCAB-P058-R05	1	part_1_true_exam	ocr_consensus_unreviewed
sight	SYL-VOCAB-P058-R06	1	part_1_true_exam	ocr_consensus_unreviewed
sightseeing	SYL-VOCAB-P084-R03	1	part_2_zero_frequency	ocr_consensus_unreviewed
sign	SYL-VOCAB-P058-R07	1	part_1_true_exam	ocr_consensus_unreviewed
signature	SYL-VOCAB-P084-R04	1	part_2_zero_frequency	ocr_consensus_unreviewed
significance	SYL-VOCAB-P058-R08	1	part_1_true_exam	ocr_consensus_unreviewed
significant	SYL-VOCAB-P058-R09	1	part_1_true_exam	ocr_consensus_unreviewed
signify	SYL-VOCAB-P058-R10	1	part_1_true_exam	ocr_consensus_unreviewed
silence	SYL-VOCAB-P058-R11	1	part_1_true_exam	ocr_consensus_unreviewed
silent	SYL-VOCAB-P058-R12	1	part_1_true_exam	ocr_consensus_unreviewed
silicon	SYL-VOCAB-P058-R13	1	part_1_true_exam	ocr_consensus_unreviewed
silk	SYL-VOCAB-P084-R05	1	part_2_zero_frequency	ocr_consensus_unreviewed
silly	SYL-VOCAB-P084-R06	1	part_2_zero_frequency	ocr_consensus_unreviewed
silver	SYL-VOCAB-P058-R14	1	part_1_true_exam	ocr_consensus_unreviewed
similar	SYL-VOCAB-P058-R15	1	part_1_true_exam	ocr_consensus_unreviewed
simple	SYL-VOCAB-P058-R16	1	part_1_true_exam	ocr_consensus_unreviewed
simplicity	SYL-VOCAB-P058-R17	1	part_1_true_exam	ocr_consensus_unreviewed
simplify	SYL-VOCAB-P058-R18	1	part_1_true_exam	ocr_consensus_unreviewed
simply	SYL-VOCAB-P058-R19	1	part_1_true_exam	ocr_consensus_unreviewed
simulate	SYL-VOCAB-P058-R20	1	part_1_true_exam	ocr_consensus_unreviewed
simultaneous	SYL-VOCAB-P058-R21	1	part_1_true_exam	ocr_consensus_unreviewed
sin	SYL-VOCAB-P058-R22	1	part_1_true_exam	ocr_consensus_unreviewed
since	SYL-VOCAB-P058-R23	1	part_1_true_exam	ocr_consensus_unreviewed
sincere	SYL-VOCAB-P058-R24	1	part_1_true_exam	ocr_consensus_unreviewed
sing	SYL-VOCAB-P058-R25	1	part_1_true_exam	ocr_consensus_unreviewed
single	SYL-VOCAB-P058-R26	1	part_1_true_exam	ocr_consensus_unreviewed
singular	SYL-VOCAB-P084-R07	1	part_2_zero_frequency	ocr_consensus_unreviewed
sink	SYL-VOCAB-P058-R27	1	part_1_true_exam	pending_review_only
sip	SYL-VOCAB-P084-R08	1	part_2_zero_frequency	ocr_consensus_unreviewed
sir	SYL-VOCAB-P058-R28	1	part_1_true_exam	ocr_consensus_unreviewed
siren	SYL-VOCAB-P084-R09	1	part_2_zero_frequency	ocr_consensus_unreviewed
sister	SYL-VOCAB-P084-R10	1	part_2_zero_frequency	ocr_consensus_unreviewed
sit	SYL-VOCAB-P058-R29	1	part_1_true_exam	ocr_consensus_unreviewed
site	SYL-VOCAB-P058-R30	1	part_1_true_exam	ocr_consensus_unreviewed
situated	SYL-VOCAB-P084-R11	1	part_2_zero_frequency	ocr_consensus_unreviewed
situation	SYL-VOCAB-P058-R31	1	part_1_true_exam	ocr_consensus_unreviewed
six	SYL-VOCAB-P058-R32	1	part_1_true_exam	ocr_consensus_unreviewed
size	SYL-VOCAB-P058-R33	1	part_1_true_exam	ocr_consensus_unreviewed
skate	SYL-VOCAB-P084-R12	1	part_2_zero_frequency	ocr_consensus_unreviewed
skeleton	SYL-VOCAB-P084-R13	1	part_2_zero_frequency	ocr_consensus_unreviewed
skeptical	SYL-VOCAB-P059-L01	1	part_1_true_exam	ocr_consensus_unreviewed
sketch	SYL-VOCAB-P059-L02	1	part_1_true_exam	ocr_consensus_unreviewed
ski	SYL-VOCAB-P084-R14	1	part_2_zero_frequency	ocr_consensus_unreviewed
skill	SYL-VOCAB-P059-L03	1	part_1_true_exam	ocr_consensus_unreviewed
skilled	SYL-VOCAB-P059-L04	1	part_1_true_exam	ocr_consensus_unreviewed
skillful	SYL-VOCAB-P059-L05	1	part_1_true_exam	ocr_consensus_unreviewed
skim	SYL-VOCAB-P059-L06	1	part_1_true_exam	ocr_consensus_unreviewed
skin	SYL-VOCAB-P059-L07	1	part_1_true_exam	ocr_consensus_unreviewed
skip	SYL-VOCAB-P059-L08	1	part_1_true_exam	ocr_consensus_unreviewed
skirt	SYL-VOCAB-P059-L09	1	part_1_true_exam	ocr_consensus_unreviewed
skull	SYL-VOCAB-P084-R15	1	part_2_zero_frequency	ocr_consensus_unreviewed
sky	SYL-VOCAB-P059-L10	1	part_1_true_exam	ocr_consensus_unreviewed
skyscraper	SYL-VOCAB-P059-L11	1	part_1_true_exam	ocr_consensus_unreviewed
slack	SYL-VOCAB-P059-L12	1	part_1_true_exam	ocr_consensus_unreviewed
slam	SYL-VOCAB-P084-R16	1	part_2_zero_frequency	ocr_consensus_unreviewed
slap	SYL-VOCAB-P084-R17	1	part_2_zero_frequency	ocr_consensus_unreviewed
slaughter	SYL-VOCAB-P084-R18	1	part_2_zero_frequency	ocr_consensus_unreviewed
slave	SYL-VOCAB-P059-L13	1	part_1_true_exam	ocr_consensus_unreviewed
sleep	SYL-VOCAB-P059-L14	1	part_1_true_exam	ocr_consensus_unreviewed
sleeve	SYL-VOCAB-P084-R19	1	part_2_zero_frequency	ocr_consensus_unreviewed
slender	SYL-VOCAB-P084-R20	1	part_2_zero_frequency	ocr_consensus_unreviewed
slice	SYL-VOCAB-P059-L15	1	part_1_true_exam	ocr_consensus_unreviewed
slide	SYL-VOCAB-P084-R21	1	part_2_zero_frequency	ocr_consensus_unreviewed
slight	SYL-VOCAB-P059-L16	1	part_1_true_exam	ocr_consensus_unreviewed
slim	SYL-VOCAB-P084-R22	1	part_2_zero_frequency	ocr_consensus_unreviewed
slip	SYL-VOCAB-P059-L17	1	part_1_true_exam	ocr_consensus_unreviewed
slipper	SYL-VOCAB-P084-R23	1	part_2_zero_frequency	ocr_consensus_unreviewed
slippery	SYL-VOCAB-P084-R24	1	part_2_zero_frequency	ocr_consensus_unreviewed
slit	SYL-VOCAB-P084-R25	1	part_2_zero_frequency	ocr_consensus_unreviewed
slogan	SYL-VOCAB-P059-L18	1	part_1_true_exam	ocr_consensus_unreviewed
slope	SYL-VOCAB-P084-R26	1	part_2_zero_frequency	ocr_consensus_unreviewed
slot	SYL-VOCAB-P059-L19	1	part_1_true_exam	ocr_consensus_unreviewed
slow	SYL-VOCAB-P059-L20	1	part_1_true_exam	ocr_consensus_unreviewed
slum	SYL-VOCAB-P059-L21	1	part_1_true_exam	ocr_consensus_unreviewed
sly	SYL-VOCAB-P059-L22	1	part_1_true_exam	ocr_consensus_unreviewed
small	SYL-VOCAB-P059-L23	1	part_1_true_exam	ocr_consensus_unreviewed
smart	SYL-VOCAB-P059-L24	1	part_1_true_exam	ocr_consensus_unreviewed
smash	SYL-VOCAB-P084-R27	1	part_2_zero_frequency	ocr_consensus_unreviewed
smell	SYL-VOCAB-P059-L25	1	part_1_true_exam	ocr_consensus_unreviewed
smile	SYL-VOCAB-P059-L26	1	part_1_true_exam	ocr_consensus_unreviewed
smog	SYL-VOCAB-P059-L27	1	part_1_true_exam	ocr_consensus_unreviewed
smoke	SYL-VOCAB-P059-L28	1	part_1_true_exam	ocr_consensus_unreviewed
smooth	SYL-VOCAB-P059-L29	1	part_1_true_exam	ocr_consensus_unreviewed
smuggle	SYL-VOCAB-P084-R28	1	part_2_zero_frequency	ocr_consensus_unreviewed
snack	SYL-VOCAB-P059-L30	1	part_1_true_exam	ocr_consensus_unreviewed
snake	SYL-VOCAB-P059-L31	1	part_1_true_exam	ocr_consensus_unreviewed
snap	SYL-VOCAB-P084-R29	1	part_2_zero_frequency	ocr_consensus_unreviewed
snatch	SYL-VOCAB-P059-L32	1	part_1_true_exam	ocr_consensus_unreviewed
sneak	SYL-VOCAB-P059-L33	1	part_1_true_exam	ocr_consensus_unreviewed
sneeze	SYL-VOCAB-P084-R30	1	part_2_zero_frequency	ocr_consensus_unreviewed
sniff	SYL-VOCAB-P084-R31	1	part_2_zero_frequency	ocr_consensus_unreviewed
snobbish	SYL-VOCAB-P084-R32	1	part_2_zero_frequency	ocr_consensus_unreviewed
snow	SYL-VOCAB-P059-R01	1	part_1_true_exam	ocr_consensus_unreviewed
snowstorm	SYL-VOCAB-P084-R33	1	part_2_zero_frequency	ocr_consensus_unreviewed
so	SYL-VOCAB-P059-R02	1	part_1_true_exam	ocr_consensus_unreviewed
so-called	SYL-VOCAB-P059-R07	1	part_1_true_exam	ocr_consensus_unreviewed
soak	SYL-VOCAB-P059-R03	1	part_1_true_exam	ocr_consensus_unreviewed
soap	SYL-VOCAB-P059-R04	1	part_1_true_exam	ocr_consensus_unreviewed
soar	SYL-VOCAB-P059-R05	1	part_1_true_exam	ocr_consensus_unreviewed
sob	SYL-VOCAB-P084-R34	1	part_2_zero_frequency	ocr_consensus_unreviewed
sober	SYL-VOCAB-P059-R06	1	part_1_true_exam	ocr_consensus_unreviewed
soccer	SYL-VOCAB-P059-R08	1	part_1_true_exam	ocr_consensus_unreviewed
sociable	SYL-VOCAB-P059-R09	1	part_1_true_exam	ocr_consensus_unreviewed
social	SYL-VOCAB-P059-R10	1	part_1_true_exam	ocr_consensus_unreviewed
socialism	SYL-VOCAB-P084-R35	1	part_2_zero_frequency	ocr_consensus_unreviewed
society	SYL-VOCAB-P059-R11	1	part_1_true_exam	ocr_consensus_unreviewed
sociology	SYL-VOCAB-P059-R12	1	part_1_true_exam	ocr_consensus_unreviewed
sock	SYL-VOCAB-P084-R36	1	part_2_zero_frequency	ocr_consensus_unreviewed
socratic	SYL-VOCAB-P090-R02	1	part_3_beyond_syllabus	ocr_consensus_unreviewed
soda	SYL-VOCAB-P084-R37	1	part_2_zero_frequency	ocr_consensus_unreviewed
sofa	SYL-VOCAB-P084-R38	1	part_2_zero_frequency	ocr_consensus_unreviewed
soft	SYL-VOCAB-P059-R14	1	part_1_true_exam	ocr_consensus_unreviewed
software	SYL-VOCAB-P059-R15	1	part_1_true_exam	ocr_consensus_unreviewed
soil	SYL-VOCAB-P059-R16	1	part_1_true_exam	ocr_consensus_unreviewed
solar	SYL-VOCAB-P059-R17	1	part_1_true_exam	ocr_consensus_unreviewed
soldier	SYL-VOCAB-P059-R18	1	part_1_true_exam	ocr_consensus_unreviewed
sole	SYL-VOCAB-P059-R13	1	part_1_true_exam	ocr_consensus_unreviewed
solemn	SYL-VOCAB-P084-R39	1	part_2_zero_frequency	ocr_consensus_unreviewed
solid	SYL-VOCAB-P059-R19	1	part_1_true_exam	ocr_consensus_unreviewed
solidarity	SYL-VOCAB-P059-R20	1	part_1_true_exam	ocr_consensus_unreviewed
solitary	SYL-VOCAB-P084-R40	1	part_2_zero_frequency	ocr_consensus_unreviewed
solo	SYL-VOCAB-P059-R21	1	part_1_true_exam	ocr_consensus_unreviewed
soluble	SYL-VOCAB-P085-L01	1	part_2_zero_frequency	ocr_consensus_unreviewed
solution	SYL-VOCAB-P059-R22	1	part_1_true_exam	ocr_consensus_unreviewed
solve	SYL-VOCAB-P059-R23	1	part_1_true_exam	ocr_consensus_unreviewed
some	SYL-VOCAB-P059-R24	1	part_1_true_exam	ocr_consensus_unreviewed
somebody	SYL-VOCAB-P059-R25	1	part_1_true_exam	ocr_consensus_unreviewed
somehow	SYL-VOCAB-P059-R26	1	part_1_true_exam	ocr_consensus_unreviewed
someone	SYL-VOCAB-P059-R27	1	part_1_true_exam	ocr_consensus_unreviewed
something	SYL-VOCAB-P059-R28	1	part_1_true_exam	ocr_consensus_unreviewed
sometime	SYL-VOCAB-P085-L02	1	part_2_zero_frequency	ocr_consensus_unreviewed
sometimes	SYL-VOCAB-P059-R29	1	part_1_true_exam	ocr_consensus_unreviewed
somewhat	SYL-VOCAB-P059-R30	1	part_1_true_exam	ocr_consensus_unreviewed
somewhere	SYL-VOCAB-P059-R31	1	part_1_true_exam	ocr_consensus_unreviewed
son	SYL-VOCAB-P059-R32	1	part_1_true_exam	ocr_consensus_unreviewed
sonar	SYL-VOCAB-P090-R03	1	part_3_beyond_syllabus	ocr_consensus_unreviewed
sonata	SYL-VOCAB-P090-R04	1	part_3_beyond_syllabus	ocr_consensus_unreviewed
song	SYL-VOCAB-P059-R33	1	part_1_true_exam	ocr_consensus_unreviewed
soon	SYL-VOCAB-P059-R34	1	part_1_true_exam	ocr_consensus_unreviewed
sophisticated	SYL-VOCAB-P059-R35	1	part_1_true_exam	ocr_consensus_unreviewed
sophomore	SYL-VOCAB-P085-L03	1	part_2_zero_frequency	ocr_consensus_unreviewed
sore	SYL-VOCAB-P085-L04	1	part_2_zero_frequency	ocr_consensus_unreviewed
sorrow	SYL-VOCAB-P085-L05	1	part_2_zero_frequency	ocr_consensus_unreviewed
sorry	SYL-VOCAB-P059-R36	1	part_1_true_exam	ocr_consensus_unreviewed
sort	SYL-VOCAB-P060-L01	1	part_1_true_exam	ocr_consensus_unreviewed
soul	SYL-VOCAB-P060-L02	1	part_1_true_exam	ocr_consensus_unreviewed
sound	SYL-VOCAB-P060-L03	1	part_1_true_exam	ocr_consensus_unreviewed
soup	SYL-VOCAB-P085-L06	1	part_2_zero_frequency	ocr_consensus_unreviewed
sour	SYL-VOCAB-P085-L07	1	part_2_zero_frequency	ocr_consensus_unreviewed
source	SYL-VOCAB-P060-L04	1	part_1_true_exam	ocr_consensus_unreviewed
south	SYL-VOCAB-P060-L05	1	part_1_true_exam	ocr_consensus_unreviewed
southeast	SYL-VOCAB-P060-L06	1	part_1_true_exam	ocr_consensus_unreviewed
southern	SYL-VOCAB-P060-L07	1	part_1_true_exam	ocr_consensus_unreviewed
southwest	SYL-VOCAB-P085-L08	1	part_2_zero_frequency	ocr_consensus_unreviewed
sovereign	SYL-VOCAB-P060-L08	1	part_1_true_exam	ocr_consensus_unreviewed
sow	SYL-VOCAB-P060-L09	1	part_1_true_exam	ocr_consensus_unreviewed
space	SYL-VOCAB-P060-L10	1	part_1_true_exam	ocr_consensus_unreviewed
spacecraft	SYL-VOCAB-P060-L11	1	part_1_true_exam	ocr_consensus_unreviewed
spaceship	SYL-VOCAB-P060-L12	1	part_1_true_exam	ocr_consensus_unreviewed
spacious	SYL-VOCAB-P060-L13	1	part_1_true_exam	ocr_consensus_unreviewed
spade	SYL-VOCAB-P085-L09	1	part_2_zero_frequency	ocr_consensus_unreviewed
span	SYL-VOCAB-P060-L14	1	part_1_true_exam	ocr_consensus_unreviewed
spare	SYL-VOCAB-P060-L15	1	part_1_true_exam	ocr_consensus_unreviewed
spark	SYL-VOCAB-P060-L16	1	part_1_true_exam	ocr_consensus_unreviewed
sparkle	SYL-VOCAB-P085-L10	1	part_2_zero_frequency	ocr_consensus_unreviewed
speak	SYL-VOCAB-P060-L17	1	part_1_true_exam	ocr_consensus_unreviewed
speaker	SYL-VOCAB-P060-L18	1	part_1_true_exam	ocr_consensus_unreviewed
spear	SYL-VOCAB-P085-L11	1	part_2_zero_frequency	ocr_consensus_unreviewed
special	SYL-VOCAB-P060-L19	1	part_1_true_exam	ocr_consensus_unreviewed
specialise	SYL-VOCAB-P060-L20	1	part_1_true_exam	ocr_consensus_unreviewed
specialist	SYL-VOCAB-P060-L21	1	part_1_true_exam	ocr_consensus_unreviewed
specialty	SYL-VOCAB-P060-L22	1	part_1_true_exam	ocr_consensus_unreviewed
species	SYL-VOCAB-P060-L23	1	part_1_true_exam	ocr_consensus_unreviewed
specific	SYL-VOCAB-P060-L24	1	part_1_true_exam	ocr_consensus_unreviewed
specification	SYL-VOCAB-P085-L12	1	part_2_zero_frequency	ocr_consensus_unreviewed
specify	SYL-VOCAB-P060-L25	1	part_1_true_exam	ocr_consensus_unreviewed
specimen	SYL-VOCAB-P085-L13	1	part_2_zero_frequency	ocr_consensus_unreviewed
spectacle	SYL-VOCAB-P060-L26	1	part_1_true_exam	ocr_consensus_unreviewed
spectacular	SYL-VOCAB-P085-L14	1	part_2_zero_frequency	ocr_consensus_unreviewed
spectator	SYL-VOCAB-P060-L27	1	part_1_true_exam	ocr_consensus_unreviewed
spectrum	SYL-VOCAB-P060-L28	2	part_1_true_exam|part_3_beyond_syllabus	ocr_consensus_unreviewed
speculate	SYL-VOCAB-P060-L29	1	part_1_true_exam	ocr_consensus_unreviewed
speech	SYL-VOCAB-P060-L30	1	part_1_true_exam	ocr_consensus_unreviewed
speed	SYL-VOCAB-P060-L31	1	part_1_true_exam	ocr_consensus_unreviewed
spell	SYL-VOCAB-P060-L32	1	part_1_true_exam	ocr_consensus_unreviewed
spelling	SYL-VOCAB-P060-R01	1	part_1_true_exam	ocr_consensus_unreviewed
spend	SYL-VOCAB-P060-R02	1	part_1_true_exam	ocr_consensus_unreviewed
sphere	SYL-VOCAB-P060-R03	1	part_1_true_exam	ocr_consensus_unreviewed
spicy	SYL-VOCAB-P085-L15	1	part_2_zero_frequency	ocr_consensus_unreviewed
spider	SYL-VOCAB-P085-L16	1	part_2_zero_frequency	ocr_consensus_unreviewed
spill	SYL-VOCAB-P060-R04	1	part_1_true_exam	ocr_consensus_unreviewed
spin	SYL-VOCAB-P060-R05	1	part_1_true_exam	ocr_consensus_unreviewed
spine	SYL-VOCAB-P085-L17	1	part_2_zero_frequency	ocr_consensus_unreviewed
spiral	SYL-VOCAB-P085-L18	1	part_2_zero_frequency	ocr_consensus_unreviewed
spirit	SYL-VOCAB-P060-R06	1	part_1_true_exam	verified_manual_visual
spiritual	SYL-VOCAB-P060-R07	1	part_1_true_exam	ocr_consensus_unreviewed
spit	SYL-VOCAB-P085-L19	1	part_2_zero_frequency	ocr_consensus_unreviewed
spite	SYL-VOCAB-P060-R08	1	part_1_true_exam	ocr_consensus_unreviewed
splash	SYL-VOCAB-P060-R09	1	part_1_true_exam	ocr_consensus_unreviewed
splendid	SYL-VOCAB-P060-R10	1	part_1_true_exam	ocr_consensus_unreviewed
split	SYL-VOCAB-P060-R11	1	part_1_true_exam	ocr_consensus_unreviewed
spoil	SYL-VOCAB-P060-R12	1	part_1_true_exam	ocr_consensus_unreviewed
spokesman	SYL-VOCAB-P060-R13	1	part_1_true_exam	ocr_consensus_unreviewed
sponge	SYL-VOCAB-P085-L20	1	part_2_zero_frequency	ocr_consensus_unreviewed
sponsor	SYL-VOCAB-P060-R14	1	part_1_true_exam	ocr_consensus_unreviewed
spontaneous	SYL-VOCAB-P060-R15	1	part_1_true_exam	ocr_consensus_unreviewed
spook	SYL-VOCAB-P090-R06	1	part_3_beyond_syllabus	ocr_consensus_unreviewed
spoon	SYL-VOCAB-P085-L21	1	part_2_zero_frequency	ocr_consensus_unreviewed
sportsman	SYL-VOCAB-P060-R16	1	part_1_true_exam	ocr_consensus_unreviewed
spot	SYL-VOCAB-P060-R17	1	part_1_true_exam	ocr_consensus_unreviewed
spouse	SYL-VOCAB-P060-R18	1	part_1_true_exam	ocr_consensus_unreviewed
spray	SYL-VOCAB-P060-R19	1	part_1_true_exam	ocr_consensus_unreviewed
spread	SYL-VOCAB-P060-R20	1	part_1_true_exam	ocr_consensus_unreviewed
spring	SYL-VOCAB-P060-R21	1	part_1_true_exam	ocr_consensus_unreviewed
sprinkle	SYL-VOCAB-P085-L22	1	part_2_zero_frequency	ocr_consensus_unreviewed
sprout	SYL-VOCAB-P085-L23	1	part_2_zero_frequency	ocr_consensus_unreviewed
spur	SYL-VOCAB-P060-R22	1	part_1_true_exam	ocr_consensus_unreviewed
spy	SYL-VOCAB-P060-R23	1	part_1_true_exam	ocr_consensus_unreviewed
square	SYL-VOCAB-P060-R24	1	part_1_true_exam	ocr_consensus_unreviewed
squeeze	SYL-VOCAB-P060-R25	1	part_1_true_exam	ocr_consensus_unreviewed
squirrel	SYL-VOCAB-P085-L24	1	part_2_zero_frequency	ocr_consensus_unreviewed
stab	SYL-VOCAB-P085-L25	1	part_2_zero_frequency	ocr_consensus_unreviewed
stability	SYL-VOCAB-P060-R26	1	part_1_true_exam	ocr_consensus_unreviewed
stable	SYL-VOCAB-P060-R27	1	part_1_true_exam	ocr_consensus_unreviewed
stack	SYL-VOCAB-P085-L26	1	part_2_zero_frequency	ocr_consensus_unreviewed
stadium	SYL-VOCAB-P060-R28	1	part_1_true_exam	ocr_consensus_unreviewed
staff	SYL-VOCAB-P060-R29	1	part_1_true_exam	ocr_consensus_unreviewed
stage	SYL-VOCAB-P060-R30	1	part_1_true_exam	ocr_consensus_unreviewed
stagger	SYL-VOCAB-P085-L27	1	part_2_zero_frequency	ocr_consensus_unreviewed
stagnant	SYL-VOCAB-P085-L28	1	part_2_zero_frequency	ocr_consensus_unreviewed
stain	SYL-VOCAB-P061-L07	1	part_1_true_exam	ocr_consensus_unreviewed
stair	SYL-VOCAB-P061-L01	1	part_1_true_exam	ocr_consensus_unreviewed
staircase	SYL-VOCAB-P085-L29	1	part_2_zero_frequency	ocr_consensus_unreviewed
stairway	SYL-VOCAB-P085-L30	1	part_2_zero_frequency	ocr_consensus_unreviewed
stake	SYL-VOCAB-P061-L02	1	part_1_true_exam	ocr_consensus_unreviewed
stale	SYL-VOCAB-P085-L31	1	part_2_zero_frequency	ocr_consensus_unreviewed
stalk	SYL-VOCAB-P085-L32	1	part_2_zero_frequency	ocr_consensus_unreviewed
stall	SYL-VOCAB-P061-L03	1	part_1_true_exam	ocr_consensus_unreviewed
stamina	SYL-VOCAB-P090-R07	1	part_3_beyond_syllabus	ocr_consensus_unreviewed
stamp	SYL-VOCAB-P085-L33	1	part_2_zero_frequency	ocr_consensus_unreviewed
stand	SYL-VOCAB-P061-L04	1	part_1_true_exam	ocr_consensus_unreviewed
standard	SYL-VOCAB-P061-L05	1	part_1_true_exam	ocr_consensus_unreviewed
standpoint	SYL-VOCAB-P061-L06	1	part_1_true_exam	ocr_consensus_unreviewed
staple	SYL-VOCAB-P085-L34	1	part_2_zero_frequency	ocr_consensus_unreviewed
star	SYL-VOCAB-P061-L08	1	part_1_true_exam	ocr_consensus_unreviewed
stare	SYL-VOCAB-P085-R01	1	part_2_zero_frequency	ocr_consensus_unreviewed
stark	SYL-VOCAB-P090-R08	1	part_3_beyond_syllabus	ocr_consensus_unreviewed
start	SYL-VOCAB-P061-L09	1	part_1_true_exam	ocr_consensus_unreviewed
startle	SYL-VOCAB-P061-L10	1	part_1_true_exam	ocr_consensus_unreviewed
starve	SYL-VOCAB-P061-L11	1	part_1_true_exam	ocr_consensus_unreviewed
state	SYL-VOCAB-P061-L12	1	part_1_true_exam	ocr_consensus_unreviewed
statement	SYL-VOCAB-P061-L13	1	part_1_true_exam	ocr_consensus_unreviewed
statesman	SYL-VOCAB-P061-L14	1	part_1_true_exam	ocr_consensus_unreviewed
static	SYL-VOCAB-P085-R02	1	part_2_zero_frequency	ocr_consensus_unreviewed
station	SYL-VOCAB-P061-L15	1	part_1_true_exam	ocr_consensus_unreviewed
stationary	SYL-VOCAB-P061-L16	1	part_1_true_exam	ocr_consensus_unreviewed
stationery	SYL-VOCAB-P085-R03	1	part_2_zero_frequency	ocr_consensus_unreviewed
statistical	SYL-VOCAB-P061-L17	1	part_1_true_exam	ocr_consensus_unreviewed
statistics	SYL-VOCAB-P061-L18	1	part_1_true_exam	ocr_consensus_unreviewed
statue	SYL-VOCAB-P085-R04	1	part_2_zero_frequency	ocr_consensus_unreviewed
status	SYL-VOCAB-P061-L19	1	part_1_true_exam	ocr_consensus_unreviewed
statute	SYL-VOCAB-P061-L20	1	part_1_true_exam	ocr_consensus_unreviewed
stay	SYL-VOCAB-P061-L21	1	part_1_true_exam	ocr_consensus_unreviewed
steady	SYL-VOCAB-P061-L22	1	part_1_true_exam	ocr_consensus_unreviewed
steak	SYL-VOCAB-P085-R05	1	part_2_zero_frequency	ocr_consensus_unreviewed
steal	SYL-VOCAB-P061-L23	1	part_1_true_exam	ocr_consensus_unreviewed
steam	SYL-VOCAB-P061-L24	1	part_1_true_exam	ocr_consensus_unreviewed
steamer	SYL-VOCAB-P085-R06	1	part_2_zero_frequency	ocr_consensus_unreviewed
steel	SYL-VOCAB-P061-L25	1	part_1_true_exam	ocr_consensus_unreviewed
steep	SYL-VOCAB-P061-L26	1	part_1_true_exam	ocr_consensus_unreviewed
steer	SYL-VOCAB-P061-L27	1	part_1_true_exam	ocr_consensus_unreviewed
stem	SYL-VOCAB-P061-L28	1	part_1_true_exam	ocr_consensus_unreviewed
stencil	SYL-VOCAB-P090-R09	1	part_3_beyond_syllabus	ocr_consensus_unreviewed
stenographer	SYL-VOCAB-P090-R10	1	part_3_beyond_syllabus	ocr_consensus_unreviewed
step	SYL-VOCAB-P061-L29	1	part_1_true_exam	ocr_consensus_unreviewed
stereo	SYL-VOCAB-P085-R07	1	part_2_zero_frequency	ocr_consensus_unreviewed
stereotype	SYL-VOCAB-P085-R08	1	part_2_zero_frequency	ocr_consensus_unreviewed
stern	SYL-VOCAB-P061-L30	1	part_1_true_exam	ocr_consensus_unreviewed
steward	SYL-VOCAB-P061-L31	1	part_1_true_exam	ocr_consensus_unreviewed
stick	SYL-VOCAB-P061-R01	1	part_1_true_exam	ocr_consensus_unreviewed
sticky	SYL-VOCAB-P061-R02	1	part_1_true_exam	ocr_consensus_unreviewed
still	SYL-VOCAB-P061-R03	1	part_1_true_exam	ocr_consensus_unreviewed
stimulate	SYL-VOCAB-P061-R04	1	part_1_true_exam	ocr_consensus_unreviewed
sting	SYL-VOCAB-P085-R09	1	part_2_zero_frequency	ocr_consensus_unreviewed
stir	SYL-VOCAB-P061-R05	1	part_1_true_exam	ocr_consensus_unreviewed
stitch	SYL-VOCAB-P085-R10	1	part_2_zero_frequency	ocr_consensus_unreviewed
stock	SYL-VOCAB-P061-R06	1	part_1_true_exam	ocr_consensus_unreviewed
stocking	SYL-VOCAB-P085-R11	1	part_2_zero_frequency	ocr_consensus_unreviewed
stomach	SYL-VOCAB-P061-R07	1	part_1_true_exam	ocr_consensus_unreviewed
stomp	SYL-VOCAB-P090-R11	1	part_3_beyond_syllabus	ocr_consensus_unreviewed
stone	SYL-VOCAB-P061-R08	1	part_1_true_exam	ocr_consensus_unreviewed
stonehenge	SYL-VOCAB-P090-R12	1	part_3_beyond_syllabus	ocr_consensus_unreviewed
stool	SYL-VOCAB-P085-R12	1	part_2_zero_frequency	ocr_consensus_unreviewed
stoop	SYL-VOCAB-P085-R13	1	part_2_zero_frequency	ocr_consensus_unreviewed
stop	SYL-VOCAB-P061-R09	1	part_1_true_exam	ocr_consensus_unreviewed
storage	SYL-VOCAB-P061-R10	1	part_1_true_exam	ocr_consensus_unreviewed
store	SYL-VOCAB-P061-R11	1	part_1_true_exam	ocr_consensus_unreviewed
storey	SYL-VOCAB-P085-R14	1	part_2_zero_frequency	ocr_consensus_unreviewed
storm	SYL-VOCAB-P061-R12	1	part_1_true_exam	ocr_consensus_unreviewed
story	SYL-VOCAB-P061-R13	1	part_1_true_exam	ocr_consensus_unreviewed
stove	SYL-VOCAB-P061-R14	1	part_1_true_exam	ocr_consensus_unreviewed
straight	SYL-VOCAB-P061-R15	1	part_1_true_exam	ocr_consensus_unreviewed
straightforward	SYL-VOCAB-P061-R16	1	part_1_true_exam	ocr_consensus_unreviewed
strain	SYL-VOCAB-P061-R17	1	part_1_true_exam	ocr_consensus_unreviewed
strange	SYL-VOCAB-P061-R18	1	part_1_true_exam	ocr_consensus_unreviewed
stranger	SYL-VOCAB-P061-R19	1	part_1_true_exam	ocr_consensus_unreviewed
strap	SYL-VOCAB-P085-R15	1	part_2_zero_frequency	ocr_consensus_unreviewed
strategy	SYL-VOCAB-P061-R20	1	part_1_true_exam	ocr_consensus_unreviewed
straw	SYL-VOCAB-P085-R16	1	part_2_zero_frequency	ocr_consensus_unreviewed
strawberry	SYL-VOCAB-P085-R17	1	part_2_zero_frequency	ocr_consensus_unreviewed
stream	SYL-VOCAB-P061-R21	1	part_1_true_exam	ocr_consensus_unreviewed
streamline	SYL-VOCAB-P085-R18	1	part_2_zero_frequency	ocr_consensus_unreviewed
street	SYL-VOCAB-P061-R22	1	part_1_true_exam	ocr_consensus_unreviewed
strength	SYL-VOCAB-P061-R23	1	part_1_true_exam	ocr_consensus_unreviewed
strengthen	SYL-VOCAB-P061-R24	1	part_1_true_exam	ocr_consensus_unreviewed
strenuous	SYL-VOCAB-P085-R19	1	part_2_zero_frequency	ocr_consensus_unreviewed
stress	SYL-VOCAB-P061-R25	1	part_1_true_exam	ocr_consensus_unreviewed
stretch	SYL-VOCAB-P061-R26	1	part_1_true_exam	ocr_consensus_unreviewed
strict	SYL-VOCAB-P062-L01	1	part_1_true_exam	ocr_consensus_unreviewed
stride	SYL-VOCAB-P062-L02	1	part_1_true_exam	ocr_consensus_unreviewed
strife	SYL-VOCAB-P085-R20	1	part_2_zero_frequency	ocr_consensus_unreviewed
strike	SYL-VOCAB-P062-L03	1	part_1_true_exam	ocr_consensus_unreviewed
striking	SYL-VOCAB-P062-L04	1	part_1_true_exam	ocr_consensus_unreviewed
string	SYL-VOCAB-P062-L05	1	part_1_true_exam	ocr_consensus_unreviewed
strip	SYL-VOCAB-P062-L06	1	part_1_true_exam	ocr_consensus_unreviewed
stripe	SYL-VOCAB-P062-L07	1	part_1_true_exam	ocr_consensus_unreviewed
strive	SYL-VOCAB-P062-L08	1	part_1_true_exam	ocr_consensus_unreviewed
stroke	SYL-VOCAB-P085-R21	1	part_2_zero_frequency	ocr_consensus_unreviewed
stroll	SYL-VOCAB-P062-L09	1	part_1_true_exam	ocr_consensus_unreviewed
strong	SYL-VOCAB-P062-L10	1	part_1_true_exam	ocr_consensus_unreviewed
structure	SYL-VOCAB-P062-L11	1	part_1_true_exam	ocr_consensus_unreviewed
struggle	SYL-VOCAB-P062-L12	1	part_1_true_exam	ocr_consensus_unreviewed
stubborn	SYL-VOCAB-P085-R22	1	part_2_zero_frequency	ocr_consensus_unreviewed
stuck	SYL-VOCAB-P090-R13	1	part_3_beyond_syllabus	ocr_consensus_unreviewed
student	SYL-VOCAB-P062-L13	1	part_1_true_exam	ocr_consensus_unreviewed
studio	SYL-VOCAB-P062-L14	1	part_1_true_exam	ocr_consensus_unreviewed
study	SYL-VOCAB-P062-L15	1	part_1_true_exam	ocr_consensus_unreviewed
stuff	SYL-VOCAB-P062-L16	1	part_1_true_exam	ocr_consensus_unreviewed
stumble	SYL-VOCAB-P062-L17	1	part_1_true_exam	ocr_consensus_unreviewed
stun	SYL-VOCAB-P062-L18	1	part_1_true_exam	ocr_consensus_unreviewed
stupid	SYL-VOCAB-P062-L19	1	part_1_true_exam	ocr_consensus_unreviewed
sturdy	SYL-VOCAB-P085-R23	1	part_2_zero_frequency	ocr_consensus_unreviewed
style	SYL-VOCAB-P062-L20	1	part_1_true_exam	ocr_consensus_unreviewed
subject	SYL-VOCAB-P062-L21	1	part_1_true_exam	ocr_consensus_unreviewed
subjective	SYL-VOCAB-P062-L22	1	part_1_true_exam	ocr_consensus_unreviewed
submarine	SYL-VOCAB-P085-R24	1	part_2_zero_frequency	ocr_consensus_unreviewed
submerge	SYL-VOCAB-P085-R25	1	part_2_zero_frequency	ocr_consensus_unreviewed
submit	SYL-VOCAB-P062-L23	1	part_1_true_exam	ocr_consensus_unreviewed
subordinate	SYL-VOCAB-P062-L24	1	part_1_true_exam	ocr_consensus_unreviewed
subscribe	SYL-VOCAB-P062-L25	1	part_1_true_exam	ocr_consensus_unreviewed
subsequent	SYL-VOCAB-P062-L26	1	part_1_true_exam	ocr_consensus_unreviewed
subsidy	SYL-VOCAB-P062-L27	1	part_1_true_exam	ocr_consensus_unreviewed
substance	SYL-VOCAB-P062-L28	1	part_1_true_exam	ocr_consensus_unreviewed
substantial	SYL-VOCAB-P062-R01	1	part_1_true_exam	ocr_consensus_unreviewed
substitute	SYL-VOCAB-P062-R02	1	part_1_true_exam	ocr_consensus_unreviewed
subtle	SYL-VOCAB-P062-R03	1	part_1_true_exam	ocr_consensus_unreviewed
subtract	SYL-VOCAB-P085-R26	1	part_2_zero_frequency	ocr_consensus_unreviewed
suburb	SYL-VOCAB-P062-R04	1	part_1_true_exam	ocr_consensus_unreviewed
subway	SYL-VOCAB-P062-R05	1	part_1_true_exam	ocr_consensus_unreviewed
succeed	SYL-VOCAB-P062-R06	1	part_1_true_exam	ocr_consensus_unreviewed
success	SYL-VOCAB-P062-R07	1	part_1_true_exam	ocr_consensus_unreviewed
successful	SYL-VOCAB-P062-R08	1	part_1_true_exam	ocr_consensus_unreviewed
succession	SYL-VOCAB-P062-R09	1	part_1_true_exam	ocr_consensus_unreviewed
successive	SYL-VOCAB-P062-R10	1	part_1_true_exam	ocr_consensus_unreviewed
successor	SYL-VOCAB-P085-R27	1	part_2_zero_frequency	ocr_consensus_unreviewed
such	SYL-VOCAB-P062-R11	1	part_1_true_exam	ocr_consensus_unreviewed
suck	SYL-VOCAB-P085-R28	1	part_2_zero_frequency	ocr_consensus_unreviewed
sudden	SYL-VOCAB-P062-R12	1	part_1_true_exam	verified_manual_visual
sue	SYL-VOCAB-P062-R13	1	part_1_true_exam	ocr_consensus_unreviewed
suffer	SYL-VOCAB-P062-R14	1	part_1_true_exam	ocr_consensus_unreviewed
suffice	SYL-VOCAB-P085-R29	1	part_2_zero_frequency	ocr_consensus_unreviewed
sufficient	SYL-VOCAB-P062-R15	1	part_1_true_exam	ocr_consensus_unreviewed
sugar	SYL-VOCAB-P062-R16	1	part_1_true_exam	ocr_consensus_unreviewed
suggest	SYL-VOCAB-P062-R17	1	part_1_true_exam	ocr_consensus_unreviewed
suggestion	SYL-VOCAB-P062-R18	1	part_1_true_exam	ocr_consensus_unreviewed
suicide	SYL-VOCAB-P062-R19	1	part_1_true_exam	ocr_consensus_unreviewed
suit	SYL-VOCAB-P062-R20	1	part_1_true_exam	ocr_consensus_unreviewed
suitable	SYL-VOCAB-P062-R21	1	part_1_true_exam	ocr_consensus_unreviewed
suite	SYL-VOCAB-P062-R22	1	part_1_true_exam	ocr_consensus_unreviewed
sulfur	SYL-VOCAB-P062-R23	1	part_1_true_exam	ocr_consensus_unreviewed
sum	SYL-VOCAB-P062-R24	1	part_1_true_exam	ocr_consensus_unreviewed
summarize	SYL-VOCAB-P062-R25	1	part_1_true_exam	ocr_consensus_unreviewed
summary	SYL-VOCAB-P085-R30	1	part_2_zero_frequency	ocr_consensus_unreviewed
summer	SYL-VOCAB-P062-R26	1	part_1_true_exam	ocr_consensus_unreviewed
summit	SYL-VOCAB-P085-R31	1	part_2_zero_frequency	ocr_consensus_unreviewed
summon	SYL-VOCAB-P062-R27	1	part_1_true_exam	ocr_consensus_unreviewed
sun	SYL-VOCAB-P062-R28	1	part_1_true_exam	ocr_consensus_unreviewed
sunday	SYL-VOCAB-P062-R29	1	part_1_true_exam	ocr_consensus_unreviewed
sunrise	SYL-VOCAB-P085-R32	1	part_2_zero_frequency	ocr_consensus_unreviewed
sunset	SYL-VOCAB-P085-R33	1	part_2_zero_frequency	ocr_consensus_unreviewed
sunshine	SYL-VOCAB-P085-R34	1	part_2_zero_frequency	ocr_consensus_unreviewed
super	SYL-VOCAB-P085-R35	1	part_2_zero_frequency	ocr_consensus_unreviewed
superb	SYL-VOCAB-P062-R30	1	part_1_true_exam	ocr_consensus_unreviewed
superficial	SYL-VOCAB-P062-R31	1	part_1_true_exam	verified_manual_visual
superfluous	SYL-VOCAB-P062-R32	1	part_1_true_exam	ocr_consensus_unreviewed
superior	SYL-VOCAB-P062-R33	1	part_1_true_exam	ocr_consensus_unreviewed
superiority	SYL-VOCAB-P062-R34	1	part_1_true_exam	ocr_consensus_unreviewed
supermarket	SYL-VOCAB-P062-R35	1	part_1_true_exam	ocr_consensus_unreviewed
supersonic	SYL-VOCAB-P085-R36	1	part_2_zero_frequency	ocr_consensus_unreviewed
superstition	SYL-VOCAB-P062-R36	1	part_1_true_exam	ocr_consensus_unreviewed
supervise	SYL-VOCAB-P062-R37	1	part_1_true_exam	ocr_consensus_unreviewed
supper	SYL-VOCAB-P085-R37	1	part_2_zero_frequency	ocr_consensus_unreviewed
supplement	SYL-VOCAB-P062-R38	1	part_1_true_exam	ocr_consensus_unreviewed
supply	SYL-VOCAB-P062-R39	1	part_1_true_exam	ocr_consensus_unreviewed
support	SYL-VOCAB-P062-R40	1	part_1_true_exam	ocr_consensus_unreviewed
suppose	SYL-VOCAB-P062-R41	1	part_1_true_exam	ocr_consensus_unreviewed
suppress	SYL-VOCAB-P062-R42	1	part_1_true_exam	ocr_consensus_unreviewed
supreme	SYL-VOCAB-P063-L01	1	part_1_true_exam	ocr_consensus_unreviewed
sure	SYL-VOCAB-P063-L02	1	part_1_true_exam	ocr_consensus_unreviewed
surface	SYL-VOCAB-P063-L03	1	part_1_true_exam	ocr_consensus_unreviewed
surge	SYL-VOCAB-P063-L04	1	part_1_true_exam	ocr_consensus_unreviewed
surgeon	SYL-VOCAB-P063-L05	1	part_1_true_exam	ocr_consensus_unreviewed
surgery	SYL-VOCAB-P063-L06	1	part_1_true_exam	ocr_consensus_unreviewed
surname	SYL-VOCAB-P063-L07	1	part_1_true_exam	ocr_consensus_unreviewed
surpass	SYL-VOCAB-P063-L08	1	part_1_true_exam	ocr_consensus_unreviewed
surplus	SYL-VOCAB-P063-L09	1	part_1_true_exam	ocr_consensus_unreviewed
surprise	SYL-VOCAB-P063-L10	1	part_1_true_exam	ocr_consensus_unreviewed
surrender	SYL-VOCAB-P085-R38	1	part_2_zero_frequency	ocr_consensus_unreviewed
surround	SYL-VOCAB-P063-L11	1	part_1_true_exam	ocr_consensus_unreviewed
surroundings	SYL-VOCAB-P063-L12	1	part_1_true_exam	ocr_consensus_unreviewed
surveillance	SYL-VOCAB-P090-R14	1	part_3_beyond_syllabus	ocr_consensus_unreviewed
survey	SYL-VOCAB-P063-L13	1	part_1_true_exam	ocr_consensus_unreviewed
survival	SYL-VOCAB-P063-L14	1	part_1_true_exam	ocr_consensus_unreviewed
survive	SYL-VOCAB-P063-L15	1	part_1_true_exam	ocr_consensus_unreviewed
susceptible	SYL-VOCAB-P063-L16	1	part_1_true_exam	ocr_consensus_unreviewed
suspect	SYL-VOCAB-P063-L17	1	part_1_true_exam	ocr_consensus_unreviewed
suspend	SYL-VOCAB-P063-L18	1	part_1_true_exam	ocr_consensus_unreviewed
suspicion	SYL-VOCAB-P063-L19	1	part_1_true_exam	ocr_consensus_unreviewed
suspicious	SYL-VOCAB-P063-L20	1	part_1_true_exam	ocr_consensus_unreviewed
sustain	SYL-VOCAB-P063-L21	1	part_1_true_exam	verified_manual_visual
swab	SYL-VOCAB-P090-R15	1	part_3_beyond_syllabus	ocr_consensus_unreviewed
swallow	SYL-VOCAB-P063-L22	1	part_1_true_exam	ocr_consensus_unreviewed
swamp	SYL-VOCAB-P063-L23	1	part_1_true_exam	ocr_consensus_unreviewed
swan	SYL-VOCAB-P085-R39	1	part_2_zero_frequency	ocr_consensus_unreviewed
swarm	SYL-VOCAB-P063-L24	1	part_1_true_exam	ocr_consensus_unreviewed
sway	SYL-VOCAB-P086-L01	1	part_2_zero_frequency	ocr_consensus_unreviewed
swear	SYL-VOCAB-P086-L02	1	part_2_zero_frequency	ocr_consensus_unreviewed
sweat	SYL-VOCAB-P086-L03	1	part_2_zero_frequency	ocr_consensus_unreviewed
sweater	SYL-VOCAB-P063-L25	1	part_1_true_exam	ocr_consensus_unreviewed
sweep	SYL-VOCAB-P063-L26	1	part_1_true_exam	ocr_consensus_unreviewed
sweet	SYL-VOCAB-P086-L04	1	part_2_zero_frequency	ocr_consensus_unreviewed
swell	SYL-VOCAB-P086-L05	1	part_2_zero_frequency	ocr_consensus_unreviewed
swift	SYL-VOCAB-P063-L27	1	part_1_true_exam	ocr_consensus_unreviewed
swim	SYL-VOCAB-P063-R01	1	part_1_true_exam	ocr_consensus_unreviewed
swing	SYL-VOCAB-P063-R02	1	part_1_true_exam	ocr_consensus_unreviewed
switch	SYL-VOCAB-P063-R03	1	part_1_true_exam	ocr_consensus_unreviewed
sword	SYL-VOCAB-P086-L06	1	part_2_zero_frequency	ocr_consensus_unreviewed
symbol	SYL-VOCAB-P063-R04	1	part_1_true_exam	ocr_consensus_unreviewed
symmetry	SYL-VOCAB-P086-L07	1	part_2_zero_frequency	ocr_consensus_unreviewed
sympathetic	SYL-VOCAB-P063-R05	1	part_1_true_exam	ocr_consensus_unreviewed
sympathise	SYL-VOCAB-P086-L08	1	part_2_zero_frequency	ocr_consensus_unreviewed
sympathy	SYL-VOCAB-P063-R06	1	part_1_true_exam	ocr_consensus_unreviewed
symphony	SYL-VOCAB-P063-R07	1	part_1_true_exam	ocr_consensus_unreviewed
symposium	SYL-VOCAB-P063-R08	1	part_1_true_exam	ocr_consensus_unreviewed
symptom	SYL-VOCAB-P063-R09	1	part_1_true_exam	ocr_consensus_unreviewed
syndrome	SYL-VOCAB-P086-L09	1	part_2_zero_frequency	ocr_consensus_unreviewed
synthesis	SYL-VOCAB-P063-R10	1	part_1_true_exam	ocr_consensus_unreviewed
synthetic	SYL-VOCAB-P063-R11	1	part_1_true_exam	ocr_consensus_unreviewed
system	SYL-VOCAB-P063-R12	1	part_1_true_exam	ocr_consensus_unreviewed
systematic	SYL-VOCAB-P063-R13	1	part_1_true_exam	ocr_consensus_unreviewed
table	SYL-VOCAB-P063-R14	1	part_1_true_exam	ocr_consensus_unreviewed
tablet	SYL-VOCAB-P086-L10	1	part_2_zero_frequency	ocr_consensus_unreviewed
taboo	SYL-VOCAB-P086-L11	1	part_2_zero_frequency	ocr_consensus_unreviewed
tackle	SYL-VOCAB-P063-R16	1	part_1_true_exam	ocr_consensus_unreviewed
tactic	SYL-VOCAB-P063-R15	1	part_1_true_exam	ocr_consensus_unreviewed
tag	SYL-VOCAB-P063-R17	1	part_1_true_exam	ocr_consensus_unreviewed
tail	SYL-VOCAB-P086-L12	1	part_2_zero_frequency	ocr_consensus_unreviewed
tailor	SYL-VOCAB-P063-R18	1	part_1_true_exam	ocr_consensus_unreviewed
take	SYL-VOCAB-P063-R19	1	part_1_true_exam	ocr_consensus_unreviewed
tale	SYL-VOCAB-P063-R20	1	part_1_true_exam	ocr_consensus_unreviewed
talent	SYL-VOCAB-P063-R21	1	part_1_true_exam	ocr_consensus_unreviewed
talk	SYL-VOCAB-P063-R22	1	part_1_true_exam	ocr_consensus_unreviewed
tall	SYL-VOCAB-P063-R23	1	part_1_true_exam	ocr_consensus_unreviewed
tame	SYL-VOCAB-P086-L13	1	part_2_zero_frequency	ocr_consensus_unreviewed
tan	SYL-VOCAB-P086-L14	1	part_2_zero_frequency	ocr_consensus_unreviewed
tangle	SYL-VOCAB-P086-L15	1	part_2_zero_frequency	ocr_consensus_unreviewed
tank	SYL-VOCAB-P063-R24	1	part_1_true_exam	ocr_consensus_unreviewed
tanker	SYL-VOCAB-P063-R25	1	part_1_true_exam	ocr_consensus_unreviewed
tap	SYL-VOCAB-P063-R27	1	part_1_true_exam	ocr_consensus_unreviewed
tape	SYL-VOCAB-P063-R26	1	part_1_true_exam	ocr_consensus_unreviewed
tar	SYL-VOCAB-P086-L16	1	part_2_zero_frequency	ocr_consensus_unreviewed
target	SYL-VOCAB-P063-R28	1	part_1_true_exam	ocr_consensus_unreviewed
tariff	SYL-VOCAB-P086-L17	1	part_2_zero_frequency	ocr_consensus_unreviewed
task	SYL-VOCAB-P064-L01	1	part_1_true_exam	ocr_consensus_unreviewed
taste	SYL-VOCAB-P064-L02	1	part_1_true_exam	ocr_consensus_unreviewed
tax	SYL-VOCAB-P064-L03	1	part_1_true_exam	ocr_consensus_unreviewed
taxi	SYL-VOCAB-P064-L04	1	part_1_true_exam	ocr_consensus_unreviewed
tea	SYL-VOCAB-P086-L18	1	part_2_zero_frequency	ocr_consensus_unreviewed
teach	SYL-VOCAB-P064-L05	1	part_1_true_exam	ocr_consensus_unreviewed
teacher	SYL-VOCAB-P064-L06	1	part_1_true_exam	ocr_consensus_unreviewed
team	SYL-VOCAB-P064-L07	1	part_1_true_exam	verified_manual_visual
tear	SYL-VOCAB-P064-L08	1	part_1_true_exam	ocr_consensus_unreviewed
tease	SYL-VOCAB-P086-L19	1	part_2_zero_frequency	ocr_consensus_unreviewed
technical	SYL-VOCAB-P064-L09	1	part_1_true_exam	ocr_consensus_unreviewed
technician	SYL-VOCAB-P086-L20	1	part_2_zero_frequency	ocr_consensus_unreviewed
technique	SYL-VOCAB-P064-L10	1	part_1_true_exam	ocr_consensus_unreviewed
technology	SYL-VOCAB-P064-L11	1	part_1_true_exam	verified_manual_visual
tedious	SYL-VOCAB-P064-L12	1	part_1_true_exam	ocr_consensus_unreviewed
teenager	SYL-VOCAB-P064-L13	1	part_1_true_exam	ocr_consensus_unreviewed
telegram	SYL-VOCAB-P086-L21	1	part_2_zero_frequency	ocr_consensus_unreviewed
telegraph	SYL-VOCAB-P064-L14	1	part_1_true_exam	ocr_consensus_unreviewed
telephone	SYL-VOCAB-P064-L15	1	part_1_true_exam	ocr_consensus_unreviewed
telescope	SYL-VOCAB-P064-L16	1	part_1_true_exam	ocr_consensus_unreviewed
tell	SYL-VOCAB-P064-L17	1	part_1_true_exam	ocr_consensus_unreviewed
temper	SYL-VOCAB-P064-L18	1	part_1_true_exam	ocr_consensus_unreviewed
temperament	SYL-VOCAB-P064-L19	1	part_1_true_exam	ocr_consensus_unreviewed
temperature	SYL-VOCAB-P064-L20	1	part_1_true_exam	ocr_consensus_unreviewed
template	SYL-VOCAB-P090-R16	1	part_3_beyond_syllabus	ocr_consensus_unreviewed
temple	SYL-VOCAB-P086-L22	1	part_2_zero_frequency	ocr_consensus_unreviewed
tempo	SYL-VOCAB-P086-L23	1	part_2_zero_frequency	ocr_consensus_unreviewed
temporary	SYL-VOCAB-P064-L21	1	part_1_true_exam	ocr_consensus_unreviewed
tempt	SYL-VOCAB-P064-L22	1	part_1_true_exam	ocr_consensus_unreviewed
temptation	SYL-VOCAB-P064-L23	1	part_1_true_exam	ocr_consensus_unreviewed
ten	SYL-VOCAB-P064-L24	1	part_1_true_exam	ocr_consensus_unreviewed
tenant	SYL-VOCAB-P086-L24	1	part_2_zero_frequency	ocr_consensus_unreviewed
tend	SYL-VOCAB-P064-L25	1	part_1_true_exam	ocr_consensus_unreviewed
tendency	SYL-VOCAB-P064-L26	1	part_1_true_exam	ocr_consensus_unreviewed
tender	SYL-VOCAB-P086-L25	1	part_2_zero_frequency	ocr_consensus_unreviewed
tennis	SYL-VOCAB-P064-L27	1	part_1_true_exam	ocr_consensus_unreviewed
tense	SYL-VOCAB-P064-L28	1	part_1_true_exam	ocr_consensus_unreviewed
tension	SYL-VOCAB-P064-L29	1	part_1_true_exam	ocr_consensus_unreviewed
tent	SYL-VOCAB-P086-L26	1	part_2_zero_frequency	ocr_consensus_unreviewed
tentative	SYL-VOCAB-P064-L30	1	part_1_true_exam	ocr_consensus_unreviewed
term	SYL-VOCAB-P064-L31	1	part_1_true_exam	ocr_consensus_unreviewed
terminal	SYL-VOCAB-P064-L32	1	part_1_true_exam	ocr_consensus_unreviewed
terminate	SYL-VOCAB-P064-R01	1	part_1_true_exam	ocr_consensus_unreviewed
terrain	SYL-VOCAB-P090-R18	1	part_3_beyond_syllabus	ocr_consensus_unreviewed
terrible	SYL-VOCAB-P064-R02	1	part_1_true_exam	ocr_consensus_unreviewed
terrific	SYL-VOCAB-P064-R03	1	part_1_true_exam	ocr_consensus_unreviewed
terrify	SYL-VOCAB-P064-R04	1	part_1_true_exam	ocr_consensus_unreviewed
territory	SYL-VOCAB-P064-R05	1	part_1_true_exam	ocr_consensus_unreviewed
terror	SYL-VOCAB-P064-R06	1	part_1_true_exam	ocr_consensus_unreviewed
test	SYL-VOCAB-P064-R07	1	part_1_true_exam	ocr_consensus_unreviewed
testify	SYL-VOCAB-P064-R08	1	part_1_true_exam	ocr_consensus_unreviewed
testimony	SYL-VOCAB-P086-L27	1	part_2_zero_frequency	ocr_consensus_unreviewed
text	SYL-VOCAB-P064-R09	1	part_1_true_exam	ocr_consensus_unreviewed
textbook	SYL-VOCAB-P086-L28	1	part_2_zero_frequency	ocr_consensus_unreviewed
textile	SYL-VOCAB-P064-R10	1	part_1_true_exam	ocr_consensus_unreviewed
texture	SYL-VOCAB-P086-L29	1	part_2_zero_frequency	ocr_consensus_unreviewed
than	SYL-VOCAB-P064-R11	1	part_1_true_exam	ocr_consensus_unreviewed
thank	SYL-VOCAB-P064-R12	1	part_1_true_exam	ocr_consensus_unreviewed
thanksgiving	SYL-VOCAB-P064-R13	1	part_1_true_exam	ocr_consensus_unreviewed
that	SYL-VOCAB-P064-R14	1	part_1_true_exam	ocr_consensus_unreviewed
the	SYL-VOCAB-P064-R15	1	part_1_true_exam	ocr_consensus_unreviewed
theater	SYL-VOCAB-P064-R16	1	part_1_true_exam	ocr_consensus_unreviewed
theft	SYL-VOCAB-P064-R17	1	part_1_true_exam	ocr_consensus_unreviewed
their	SYL-VOCAB-P064-R18	1	part_1_true_exam	ocr_consensus_unreviewed
theirs	SYL-VOCAB-P064-R19	1	part_1_true_exam	ocr_consensus_unreviewed
them	SYL-VOCAB-P064-R20	1	part_1_true_exam	ocr_consensus_unreviewed
theme	SYL-VOCAB-P064-R21	1	part_1_true_exam	ocr_consensus_unreviewed
themselves	SYL-VOCAB-P064-R22	1	part_1_true_exam	ocr_consensus_unreviewed
then	SYL-VOCAB-P064-R23	1	part_1_true_exam	ocr_consensus_unreviewed
theoretical	SYL-VOCAB-P064-R24	1	part_1_true_exam	ocr_consensus_unreviewed
theory	SYL-VOCAB-P064-R25	1	part_1_true_exam	ocr_consensus_unreviewed
therapy	SYL-VOCAB-P064-R26	1	part_1_true_exam	ocr_consensus_unreviewed
there	SYL-VOCAB-P064-R27	1	part_1_true_exam	ocr_consensus_unreviewed
thereafter	SYL-VOCAB-P086-L30	1	part_2_zero_frequency	ocr_consensus_unreviewed
thereby	SYL-VOCAB-P064-R28	1	part_1_true_exam	ocr_consensus_unreviewed
therefore	SYL-VOCAB-P064-R29	1	part_1_true_exam	ocr_consensus_unreviewed
thermal	SYL-VOCAB-P086-L31	1	part_2_zero_frequency	ocr_consensus_unreviewed
thermometer	SYL-VOCAB-P064-R30	1	part_1_true_exam	ocr_consensus_unreviewed
thermostat	SYL-VOCAB-P090-R17	1	part_3_beyond_syllabus	ocr_consensus_unreviewed
these	SYL-VOCAB-P064-R31	1	part_1_true_exam	ocr_consensus_unreviewed
thesis	SYL-VOCAB-P064-R32	1	part_1_true_exam	ocr_consensus_unreviewed
they	SYL-VOCAB-P064-R33	1	part_1_true_exam	ocr_consensus_unreviewed
thick	SYL-VOCAB-P064-R34	1	part_1_true_exam	ocr_consensus_unreviewed
thief	SYL-VOCAB-P064-R35	1	part_1_true_exam	ocr_consensus_unreviewed
thigh	SYL-VOCAB-P086-L32	1	part_2_zero_frequency	ocr_consensus_unreviewed
thin	SYL-VOCAB-P064-R36	1	part_1_true_exam	ocr_consensus_unreviewed
thing	SYL-VOCAB-P064-R37	1	part_1_true_exam	ocr_consensus_unreviewed
think	SYL-VOCAB-P064-R38	1	part_1_true_exam	verified_manual_visual
third	SYL-VOCAB-P064-R39	1	part_1_true_exam	ocr_consensus_unreviewed
thirst	SYL-VOCAB-P086-L33	1	part_2_zero_frequency	ocr_consensus_unreviewed
thirsty	SYL-VOCAB-P086-L34	1	part_2_zero_frequency	ocr_consensus_unreviewed
thirteen	SYL-VOCAB-P065-L01	1	part_1_true_exam	ocr_consensus_unreviewed
thirty	SYL-VOCAB-P065-L02	1	part_1_true_exam	ocr_consensus_unreviewed
this	SYL-VOCAB-P065-L03	1	part_1_true_exam	ocr_consensus_unreviewed
thorn	SYL-VOCAB-P065-L04	1	part_1_true_exam	ocr_consensus_unreviewed
thorough	SYL-VOCAB-P065-L05	1	part_1_true_exam	ocr_consensus_unreviewed
those	SYL-VOCAB-P065-L06	1	part_1_true_exam	ocr_consensus_unreviewed
though	SYL-VOCAB-P065-L07	1	part_1_true_exam	ocr_consensus_unreviewed
thought	SYL-VOCAB-P065-L08	1	part_1_true_exam	ocr_consensus_unreviewed
thoughtful	SYL-VOCAB-P065-L09	1	part_1_true_exam	ocr_consensus_unreviewed
thousand	SYL-VOCAB-P065-L10	1	part_1_true_exam	ocr_consensus_unreviewed
thread	SYL-VOCAB-P065-L11	1	part_1_true_exam	ocr_consensus_unreviewed
threat	SYL-VOCAB-P065-L12	1	part_1_true_exam	ocr_consensus_unreviewed
threaten	SYL-VOCAB-P065-L13	1	part_1_true_exam	ocr_consensus_unreviewed
three	SYL-VOCAB-P065-L14	1	part_1_true_exam	ocr_consensus_unreviewed
threshold	SYL-VOCAB-P065-L15	1	part_1_true_exam	ocr_consensus_unreviewed
thrift	SYL-VOCAB-P065-L16	1	part_1_true_exam	ocr_consensus_unreviewed
thrill	SYL-VOCAB-P065-L17	1	part_1_true_exam	ocr_consensus_unreviewed
thrive	SYL-VOCAB-P065-L18	1	part_1_true_exam	ocr_consensus_unreviewed
throat	SYL-VOCAB-P065-L19	1	part_1_true_exam	ocr_consensus_unreviewed
throne	SYL-VOCAB-P086-L35	1	part_2_zero_frequency	ocr_consensus_unreviewed
through	SYL-VOCAB-P065-L20	1	part_1_true_exam	ocr_consensus_unreviewed
throughout	SYL-VOCAB-P065-L21	1	part_1_true_exam	ocr_consensus_unreviewed
throw	SYL-VOCAB-P065-L22	1	part_1_true_exam	ocr_consensus_unreviewed
thrust	SYL-VOCAB-P086-L36	1	part_2_zero_frequency	ocr_consensus_unreviewed
thumb	SYL-VOCAB-P065-L23	1	part_1_true_exam	ocr_consensus_unreviewed
thunder	SYL-VOCAB-P086-L37	1	part_2_zero_frequency	ocr_consensus_unreviewed
thursday	SYL-VOCAB-P065-L24	1	part_1_true_exam	ocr_consensus_unreviewed
thus	SYL-VOCAB-P065-L25	1	part_1_true_exam	ocr_consensus_unreviewed
tick	SYL-VOCAB-P086-R01	1	part_2_zero_frequency	ocr_consensus_unreviewed
ticket	SYL-VOCAB-P065-L26	1	part_1_true_exam	ocr_consensus_unreviewed
tide	SYL-VOCAB-P065-L27	1	part_1_true_exam	ocr_consensus_unreviewed
tidy	SYL-VOCAB-P086-R02	1	part_2_zero_frequency	ocr_consensus_unreviewed
tie	SYL-VOCAB-P065-L28	1	part_1_true_exam	ocr_consensus_unreviewed
tiger	SYL-VOCAB-P065-L29	1	part_1_true_exam	ocr_consensus_unreviewed
tight	SYL-VOCAB-P065-L30	1	part_1_true_exam	ocr_consensus_unreviewed
tile	SYL-VOCAB-P065-L31	1	part_1_true_exam	ocr_consensus_unreviewed
till	SYL-VOCAB-P065-L32	1	part_1_true_exam	ocr_consensus_unreviewed
tilt	SYL-VOCAB-P086-R03	1	part_2_zero_frequency	ocr_consensus_unreviewed
timber	SYL-VOCAB-P065-L33	1	part_1_true_exam	ocr_consensus_unreviewed
time	SYL-VOCAB-P065-L34	1	part_1_true_exam	ocr_consensus_unreviewed
timely	SYL-VOCAB-P065-L35	1	part_1_true_exam	ocr_consensus_unreviewed
timid	SYL-VOCAB-P086-R04	1	part_2_zero_frequency	ocr_consensus_unreviewed
tin	SYL-VOCAB-P065-L36	1	part_1_true_exam	ocr_consensus_unreviewed
tiny	SYL-VOCAB-P065-L37	1	part_1_true_exam	ocr_consensus_unreviewed
tip	SYL-VOCAB-P065-R01	1	part_1_true_exam	ocr_consensus_unreviewed
tire	SYL-VOCAB-P065-R02	1	part_1_true_exam	ocr_consensus_unreviewed
tired	SYL-VOCAB-P065-R03	1	part_1_true_exam	ocr_consensus_unreviewed
tiresome	SYL-VOCAB-P086-R05	1	part_2_zero_frequency	ocr_consensus_unreviewed
tissue	SYL-VOCAB-P065-R04	1	part_1_true_exam	ocr_consensus_unreviewed
title	SYL-VOCAB-P065-R05	1	part_1_true_exam	ocr_consensus_unreviewed
to	SYL-VOCAB-P065-R06	1	part_1_true_exam	ocr_consensus_unreviewed
toast	SYL-VOCAB-P065-R07	1	part_1_true_exam	ocr_consensus_unreviewed
tobacco	SYL-VOCAB-P065-R08	1	part_1_true_exam	ocr_consensus_unreviewed
today	SYL-VOCAB-P065-R09	1	part_1_true_exam	ocr_consensus_unreviewed
toddler	SYL-VOCAB-P090-R19	1	part_3_beyond_syllabus	ocr_consensus_unreviewed
toe	SYL-VOCAB-P086-R06	1	part_2_zero_frequency	ocr_consensus_unreviewed
together	SYL-VOCAB-P065-R10	1	part_1_true_exam	ocr_consensus_unreviewed
toil	SYL-VOCAB-P065-R11	1	part_1_true_exam	ocr_consensus_unreviewed
toilet	SYL-VOCAB-P086-R07	1	part_2_zero_frequency	ocr_consensus_unreviewed
token	SYL-VOCAB-P065-R12	1	part_1_true_exam	ocr_consensus_unreviewed
tolerance	SYL-VOCAB-P065-R13	1	part_1_true_exam	ocr_consensus_unreviewed
tolerant	SYL-VOCAB-P065-R14	1	part_1_true_exam	ocr_consensus_unreviewed
tolerate	SYL-VOCAB-P065-R15	1	part_1_true_exam	ocr_consensus_unreviewed
toll	SYL-VOCAB-P065-R16	1	part_1_true_exam	ocr_consensus_unreviewed
tomato	SYL-VOCAB-P086-R08	1	part_2_zero_frequency	ocr_consensus_unreviewed
tomb	SYL-VOCAB-P065-R17	1	part_1_true_exam	ocr_consensus_unreviewed
tomorrow	SYL-VOCAB-P086-R09	1	part_2_zero_frequency	ocr_consensus_unreviewed
ton	SYL-VOCAB-P065-R18	1	part_1_true_exam	ocr_consensus_unreviewed
tone	SYL-VOCAB-P065-R19	1	part_1_true_exam	ocr_consensus_unreviewed
tongue	SYL-VOCAB-P065-R20	1	part_1_true_exam	ocr_consensus_unreviewed
tonight	SYL-VOCAB-P086-R10	1	part_2_zero_frequency	ocr_consensus_unreviewed
too	SYL-VOCAB-P065-R21	1	part_1_true_exam	ocr_consensus_unreviewed
tool	SYL-VOCAB-P065-R22	1	part_1_true_exam	ocr_consensus_unreviewed
tooth	SYL-VOCAB-P065-R23	1	part_1_true_exam	ocr_consensus_unreviewed
top	SYL-VOCAB-P065-R24	1	part_1_true_exam	ocr_consensus_unreviewed
topic	SYL-VOCAB-P065-R25	1	part_1_true_exam	ocr_consensus_unreviewed
torch	SYL-VOCAB-P065-R26	1	part_1_true_exam	ocr_consensus_unreviewed
torment	SYL-VOCAB-P086-R11	1	part_2_zero_frequency	ocr_consensus_unreviewed
torrent	SYL-VOCAB-P086-R12	1	part_2_zero_frequency	ocr_consensus_unreviewed
tort	SYL-VOCAB-P090-R20	1	part_3_beyond_syllabus	ocr_consensus_unreviewed
torture	SYL-VOCAB-P065-R27	1	part_1_true_exam	ocr_consensus_unreviewed
toss	SYL-VOCAB-P065-R28	1	part_1_true_exam	ocr_consensus_unreviewed
total	SYL-VOCAB-P065-R29	1	part_1_true_exam	ocr_consensus_unreviewed
touch	SYL-VOCAB-P065-R30	1	part_1_true_exam	ocr_consensus_unreviewed
tough	SYL-VOCAB-P065-R31	1	part_1_true_exam	ocr_consensus_unreviewed
tour	SYL-VOCAB-P066-L01	1	part_1_true_exam	ocr_consensus_unreviewed
tourist	SYL-VOCAB-P066-L02	1	part_1_true_exam	ocr_consensus_unreviewed
tournament	SYL-VOCAB-P090-R21	1	part_3_beyond_syllabus	ocr_consensus_unreviewed
tow	SYL-VOCAB-P066-L03	1	part_1_true_exam	ocr_consensus_unreviewed
toward	SYL-VOCAB-P066-L04	1	part_1_true_exam	ocr_consensus_unreviewed
towel	SYL-VOCAB-P086-R13	1	part_2_zero_frequency	ocr_consensus_unreviewed
tower	SYL-VOCAB-P066-L05	1	part_1_true_exam	ocr_consensus_unreviewed
town	SYL-VOCAB-P066-L06	1	part_1_true_exam	ocr_consensus_unreviewed
toxic	SYL-VOCAB-P066-L07	1	part_1_true_exam	ocr_consensus_unreviewed
toy	SYL-VOCAB-P066-L08	1	part_1_true_exam	ocr_consensus_unreviewed
trace	SYL-VOCAB-P066-L09	1	part_1_true_exam	ocr_consensus_unreviewed
track	SYL-VOCAB-P066-L10	1	part_1_true_exam	ocr_consensus_unreviewed
tractor	SYL-VOCAB-P066-L11	1	part_1_true_exam	ocr_consensus_unreviewed
trade	SYL-VOCAB-P066-L12	1	part_1_true_exam	ocr_consensus_unreviewed
trademark	SYL-VOCAB-P086-R14	1	part_2_zero_frequency	ocr_consensus_unreviewed
tradition	SYL-VOCAB-P066-L13	1	part_1_true_exam	ocr_consensus_unreviewed
traffic	SYL-VOCAB-P066-L14	1	part_1_true_exam	ocr_consensus_unreviewed
tragedy	SYL-VOCAB-P066-L15	1	part_1_true_exam	ocr_consensus_unreviewed
tragic	SYL-VOCAB-P066-L16	1	part_1_true_exam	ocr_consensus_unreviewed
trail	SYL-VOCAB-P066-L17	1	part_1_true_exam	ocr_consensus_unreviewed
train	SYL-VOCAB-P066-L18	1	part_1_true_exam	ocr_consensus_unreviewed
training	SYL-VOCAB-P066-L19	1	part_1_true_exam	ocr_consensus_unreviewed
trait	SYL-VOCAB-P066-L20	1	part_1_true_exam	ocr_consensus_unreviewed
traitor	SYL-VOCAB-P086-R15	1	part_2_zero_frequency	ocr_consensus_unreviewed
tram	SYL-VOCAB-P066-L21	1	part_1_true_exam	ocr_consensus_unreviewed
tramp	SYL-VOCAB-P086-R16	1	part_2_zero_frequency	ocr_consensus_unreviewed
transaction	SYL-VOCAB-P066-L22	1	part_1_true_exam	ocr_consensus_unreviewed
transcend	SYL-VOCAB-P066-L23	1	part_1_true_exam	ocr_consensus_unreviewed
transcribe	SYL-VOCAB-P090-R22	1	part_3_beyond_syllabus	ocr_consensus_unreviewed
transfer	SYL-VOCAB-P066-L24	1	part_1_true_exam	ocr_consensus_unreviewed
transform	SYL-VOCAB-P066-L25	1	part_1_true_exam	ocr_consensus_unreviewed
transient	SYL-VOCAB-P066-L26	1	part_1_true_exam	ocr_consensus_unreviewed
transistor	SYL-VOCAB-P066-L27	1	part_1_true_exam	ocr_consensus_unreviewed
transit	SYL-VOCAB-P066-L28	1	part_1_true_exam	ocr_consensus_unreviewed
transition	SYL-VOCAB-P066-L29	1	part_1_true_exam	ocr_consensus_unreviewed
translate	SYL-VOCAB-P066-L30	1	part_1_true_exam	ocr_consensus_unreviewed
translation	SYL-VOCAB-P066-L31	1	part_1_true_exam	ocr_consensus_unreviewed
transmission	SYL-VOCAB-P066-L32	1	part_1_true_exam	ocr_consensus_unreviewed
transmit	SYL-VOCAB-P066-R02	1	part_1_true_exam	ocr_consensus_unreviewed
transparent	SYL-VOCAB-P066-R01	1	part_1_true_exam	ocr_consensus_unreviewed
transplant	SYL-VOCAB-P066-R03	1	part_1_true_exam	ocr_consensus_unreviewed
transport	SYL-VOCAB-P066-R04	1	part_1_true_exam	ocr_consensus_unreviewed
trap	SYL-VOCAB-P066-R05	1	part_1_true_exam	ocr_consensus_unreviewed
trash	SYL-VOCAB-P086-R17	1	part_2_zero_frequency	ocr_consensus_unreviewed
travel	SYL-VOCAB-P066-R06	1	part_1_true_exam	ocr_consensus_unreviewed
tray	SYL-VOCAB-P066-R07	1	part_1_true_exam	ocr_consensus_unreviewed
treason	SYL-VOCAB-P086-R18	1	part_2_zero_frequency	ocr_consensus_unreviewed
treasure	SYL-VOCAB-P066-R08	1	part_1_true_exam	ocr_consensus_unreviewed
treat	SYL-VOCAB-P066-R09	1	part_1_true_exam	ocr_consensus_unreviewed
treaty	SYL-VOCAB-P066-R10	1	part_1_true_exam	ocr_consensus_unreviewed
tree	SYL-VOCAB-P066-R11	1	part_1_true_exam	ocr_consensus_unreviewed
tremble	SYL-VOCAB-P066-R12	1	part_1_true_exam	ocr_consensus_unreviewed
tremendous	SYL-VOCAB-P066-R13	1	part_1_true_exam	ocr_consensus_unreviewed
trench	SYL-VOCAB-P086-R19	1	part_2_zero_frequency	ocr_consensus_unreviewed
trend	SYL-VOCAB-P066-R14	1	part_1_true_exam	ocr_consensus_unreviewed
trial	SYL-VOCAB-P066-R15	1	part_1_true_exam	ocr_consensus_unreviewed
triangle	SYL-VOCAB-P086-R20	1	part_2_zero_frequency	ocr_consensus_unreviewed
tribe	SYL-VOCAB-P066-R16	1	part_1_true_exam	ocr_consensus_unreviewed
tribute	SYL-VOCAB-P066-R17	1	part_1_true_exam	ocr_consensus_unreviewed
trick	SYL-VOCAB-P066-R18	1	part_1_true_exam	ocr_consensus_unreviewed
trifle	SYL-VOCAB-P086-R21	1	part_2_zero_frequency	ocr_consensus_unreviewed
trigger	SYL-VOCAB-P066-R19	1	part_1_true_exam	ocr_consensus_unreviewed
trim	SYL-VOCAB-P086-R22	1	part_2_zero_frequency	ocr_consensus_unreviewed
trip	SYL-VOCAB-P066-R20	1	part_1_true_exam	ocr_consensus_unreviewed
triple	SYL-VOCAB-P066-R21	1	part_1_true_exam	ocr_consensus_unreviewed
triumph	SYL-VOCAB-P066-R22	1	part_1_true_exam	ocr_consensus_unreviewed
trivial	SYL-VOCAB-P066-R23	1	part_1_true_exam	ocr_consensus_unreviewed
trolley	SYL-VOCAB-P086-R23	1	part_2_zero_frequency	ocr_consensus_unreviewed
troop	SYL-VOCAB-P066-R24	1	part_1_true_exam	ocr_consensus_unreviewed
tropic	SYL-VOCAB-P066-R25	1	part_1_true_exam	ocr_consensus_unreviewed
tropical	SYL-VOCAB-P086-R24	1	part_2_zero_frequency	ocr_consensus_unreviewed
trouble	SYL-VOCAB-P066-R26	1	part_1_true_exam	ocr_consensus_unreviewed
troublesome	SYL-VOCAB-P086-R25	1	part_2_zero_frequency	ocr_consensus_unreviewed
troupe	SYL-VOCAB-P090-R23	1	part_3_beyond_syllabus	ocr_consensus_unreviewed
trousers	SYL-VOCAB-P086-R26	1	part_2_zero_frequency	ocr_consensus_unreviewed
truck	SYL-VOCAB-P066-R27	1	part_1_true_exam	ocr_consensus_unreviewed
true	SYL-VOCAB-P066-R28	1	part_1_true_exam	ocr_consensus_unreviewed
trumpet	SYL-VOCAB-P086-R27	1	part_2_zero_frequency	ocr_consensus_unreviewed
trunk	SYL-VOCAB-P086-R28	1	part_2_zero_frequency	ocr_consensus_unreviewed
trust	SYL-VOCAB-P066-R29	1	part_1_true_exam	ocr_consensus_unreviewed
truth	SYL-VOCAB-P066-R30	1	part_1_true_exam	ocr_consensus_unreviewed
try	SYL-VOCAB-P066-R31	1	part_1_true_exam	ocr_consensus_unreviewed
tub	SYL-VOCAB-P086-R29	1	part_2_zero_frequency	ocr_consensus_unreviewed
tube	SYL-VOCAB-P067-L01	1	part_1_true_exam	ocr_consensus_unreviewed
tuck	SYL-VOCAB-P086-R30	1	part_2_zero_frequency	ocr_consensus_unreviewed
tuesday	SYL-VOCAB-P067-L02	1	part_1_true_exam	ocr_consensus_unreviewed
tug	SYL-VOCAB-P067-L03	1	part_1_true_exam	ocr_consensus_unreviewed
tuition	SYL-VOCAB-P067-L04	1	part_1_true_exam	ocr_consensus_unreviewed
tumble	SYL-VOCAB-P086-R31	1	part_2_zero_frequency	ocr_consensus_unreviewed
tumour	SYL-VOCAB-P086-R32	1	part_2_zero_frequency	ocr_consensus_unreviewed
tune	SYL-VOCAB-P067-L05	1	part_1_true_exam	ocr_consensus_unreviewed
tunnel	SYL-VOCAB-P067-L06	1	part_1_true_exam	ocr_consensus_unreviewed
turbine	SYL-VOCAB-P086-R33	1	part_2_zero_frequency	ocr_consensus_unreviewed
turbulent	SYL-VOCAB-P067-L07	1	part_1_true_exam	ocr_consensus_unreviewed
turkey	SYL-VOCAB-P086-R34	1	part_2_zero_frequency	ocr_consensus_unreviewed
turmoil	SYL-VOCAB-P086-R35	1	part_2_zero_frequency	ocr_consensus_unreviewed
turn	SYL-VOCAB-P067-L08	1	part_1_true_exam	ocr_consensus_unreviewed
turnaround	SYL-VOCAB-P090-R24	1	part_3_beyond_syllabus	ocr_consensus_unreviewed
turnover	SYL-VOCAB-P067-L09	1	part_1_true_exam	ocr_consensus_unreviewed
tutor	SYL-VOCAB-P086-R36	1	part_2_zero_frequency	ocr_consensus_unreviewed
tv	SYL-VOCAB-P067-L10	1	part_1_true_exam	ocr_consensus_unreviewed
twelve	SYL-VOCAB-P067-L11	1	part_1_true_exam	ocr_consensus_unreviewed
twenty	SYL-VOCAB-P067-L12	1	part_1_true_exam	ocr_consensus_unreviewed
twice	SYL-VOCAB-P067-L13	1	part_1_true_exam	ocr_consensus_unreviewed
twin	SYL-VOCAB-P067-L14	1	part_1_true_exam	ocr_consensus_unreviewed
twinkle	SYL-VOCAB-P086-R37	1	part_2_zero_frequency	ocr_consensus_unreviewed
twist	SYL-VOCAB-P067-L15	1	part_1_true_exam	ocr_consensus_unreviewed
two	SYL-VOCAB-P067-L16	1	part_1_true_exam	ocr_consensus_unreviewed
type	SYL-VOCAB-P067-L17	1	part_1_true_exam	ocr_consensus_unreviewed
typewriter	SYL-VOCAB-P067-L18	1	part_1_true_exam	ocr_consensus_unreviewed
typhoon	SYL-VOCAB-P086-R38	1	part_2_zero_frequency	ocr_consensus_unreviewed
typical	SYL-VOCAB-P067-L19	1	part_1_true_exam	ocr_consensus_unreviewed
typist	SYL-VOCAB-P087-L01	1	part_2_zero_frequency	ocr_consensus_unreviewed
ugly	SYL-VOCAB-P087-L02	1	part_2_zero_frequency	ocr_consensus_unreviewed
ultimate	SYL-VOCAB-P067-L20	1	part_1_true_exam	ocr_consensus_unreviewed
ultraviolet	SYL-VOCAB-P087-L03	1	part_2_zero_frequency	ocr_consensus_unreviewed
umbrella	SYL-VOCAB-P087-L04	1	part_2_zero_frequency	ocr_consensus_unreviewed
unanimous	SYL-VOCAB-P067-L21	1	part_1_true_exam	ocr_consensus_unreviewed
uncanny	SYL-VOCAB-P090-R25	1	part_3_beyond_syllabus	ocr_consensus_unreviewed
uncle	SYL-VOCAB-P087-L05	1	part_2_zero_frequency	ocr_consensus_unreviewed
uncover	SYL-VOCAB-P067-L22	1	part_1_true_exam	ocr_consensus_unreviewed
under	SYL-VOCAB-P067-L23	1	part_1_true_exam	ocr_consensus_unreviewed
underestimate	SYL-VOCAB-P067-L24	1	part_1_true_exam	ocr_consensus_unreviewed
undergo	SYL-VOCAB-P067-L25	1	part_1_true_exam	ocr_consensus_unreviewed
undergraduate	SYL-VOCAB-P067-L26	1	part_1_true_exam	ocr_consensus_unreviewed
underground	SYL-VOCAB-P067-L27	1	part_1_true_exam	ocr_consensus_unreviewed
underlie	SYL-VOCAB-P067-L28	1	part_1_true_exam	ocr_consensus_unreviewed
underline	SYL-VOCAB-P067-L29	1	part_1_true_exam	ocr_consensus_unreviewed
underlying	SYL-VOCAB-P067-L30	1	part_1_true_exam	ocr_consensus_unreviewed
undermine	SYL-VOCAB-P067-L31	1	part_1_true_exam	ocr_consensus_unreviewed
underneath	SYL-VOCAB-P067-L32	1	part_1_true_exam	ocr_consensus_unreviewed
understand	SYL-VOCAB-P067-R01	1	part_1_true_exam	ocr_consensus_unreviewed
understanding	SYL-VOCAB-P067-R02	1	part_1_true_exam	ocr_consensus_unreviewed
undertake	SYL-VOCAB-P067-R03	1	part_1_true_exam	ocr_consensus_unreviewed
undo	SYL-VOCAB-P067-R04	1	part_1_true_exam	ocr_consensus_unreviewed
undoubtedly	SYL-VOCAB-P067-R05	1	part_1_true_exam	ocr_consensus_unreviewed
uneasy	SYL-VOCAB-P067-R06	1	part_1_true_exam	ocr_consensus_unreviewed
unemployment	SYL-VOCAB-P067-R07	1	part_1_true_exam	ocr_consensus_unreviewed
unexpected	SYL-VOCAB-P067-R08	1	part_1_true_exam	ocr_consensus_unreviewed
unfold	SYL-VOCAB-P067-R09	1	part_1_true_exam	ocr_consensus_unreviewed
unfortunately	SYL-VOCAB-P067-R10	1	part_1_true_exam	ocr_consensus_unreviewed
uniform	SYL-VOCAB-P067-R11	1	part_1_true_exam	ocr_consensus_unreviewed
unify	SYL-VOCAB-P067-R12	1	part_1_true_exam	ocr_consensus_unreviewed
union	SYL-VOCAB-P067-R13	1	part_1_true_exam	ocr_consensus_unreviewed
unique	SYL-VOCAB-P067-R14	1	part_1_true_exam	ocr_consensus_unreviewed
unit	SYL-VOCAB-P067-R15	1	part_1_true_exam	ocr_consensus_unreviewed
unite	SYL-VOCAB-P067-R17	1	part_1_true_exam	ocr_consensus_unreviewed
unity	SYL-VOCAB-P067-R16	1	part_1_true_exam	ocr_consensus_unreviewed
universal	SYL-VOCAB-P067-R18	1	part_1_true_exam	ocr_consensus_unreviewed
universe	SYL-VOCAB-P067-R19	1	part_1_true_exam	ocr_consensus_unreviewed
university	SYL-VOCAB-P067-R20	1	part_1_true_exam	ocr_consensus_unreviewed
unless	SYL-VOCAB-P067-R21	1	part_1_true_exam	ocr_consensus_unreviewed
unlike	SYL-VOCAB-P067-R22	1	part_1_true_exam	ocr_consensus_unreviewed
unlikely	SYL-VOCAB-P067-R23	1	part_1_true_exam	ocr_consensus_unreviewed
unload	SYL-VOCAB-P087-L06	1	part_2_zero_frequency	ocr_consensus_unreviewed
unpretentious	SYL-VOCAB-P090-R26	1	part_3_beyond_syllabus	ocr_consensus_unreviewed
until	SYL-VOCAB-P067-R24	1	part_1_true_exam	ocr_consensus_unreviewed
unusual	SYL-VOCAB-P067-R25	1	part_1_true_exam	ocr_consensus_unreviewed
up	SYL-VOCAB-P067-R26	1	part_1_true_exam	ocr_consensus_unreviewed
up-to-date	SYL-VOCAB-P067-R34	1	part_1_true_exam	ocr_consensus_unreviewed
update	SYL-VOCAB-P067-R27	1	part_1_true_exam	ocr_consensus_unreviewed
upfront	SYL-VOCAB-P090-R27	1	part_3_beyond_syllabus	ocr_consensus_unreviewed
upgrade	SYL-VOCAB-P067-R28	1	part_1_true_exam	ocr_consensus_unreviewed
upheaval	SYL-VOCAB-P090-R28	1	part_3_beyond_syllabus	ocr_consensus_unreviewed
uphold	SYL-VOCAB-P067-R29	1	part_1_true_exam	ocr_consensus_unreviewed
upholster	SYL-VOCAB-P090-R29	1	part_3_beyond_syllabus	ocr_consensus_unreviewed
upon	SYL-VOCAB-P067-R30	1	part_1_true_exam	ocr_consensus_unreviewed
upper	SYL-VOCAB-P067-R31	1	part_1_true_exam	ocr_consensus_unreviewed
upright	SYL-VOCAB-P067-R32	1	part_1_true_exam	ocr_consensus_unreviewed
uproar	SYL-VOCAB-P087-L07	1	part_2_zero_frequency	ocr_consensus_unreviewed
upset	SYL-VOCAB-P067-R33	1	part_1_true_exam	ocr_consensus_unreviewed
upstairs	SYL-VOCAB-P087-L08	1	part_2_zero_frequency	ocr_consensus_unreviewed
upward	SYL-VOCAB-P067-R35	1	part_1_true_exam	ocr_consensus_unreviewed
urban	SYL-VOCAB-P067-R36	1	part_1_true_exam	ocr_consensus_unreviewed
urge	SYL-VOCAB-P067-R37	1	part_1_true_exam	ocr_consensus_unreviewed
urgent	SYL-VOCAB-P067-R38	1	part_1_true_exam	ocr_consensus_unreviewed
us	SYL-VOCAB-P068-L01	1	part_1_true_exam	ocr_consensus_unreviewed
usage	SYL-VOCAB-P068-L02	1	part_1_true_exam	ocr_consensus_unreviewed
use	SYL-VOCAB-P068-L03	1	part_1_true_exam	ocr_consensus_unreviewed
used	SYL-VOCAB-P068-L04	1	part_1_true_exam	ocr_consensus_unreviewed
useful	SYL-VOCAB-P068-L05	1	part_1_true_exam	ocr_consensus_unreviewed
usual	SYL-VOCAB-P068-L06	1	part_1_true_exam	ocr_consensus_unreviewed
usually	SYL-VOCAB-P068-L07	1	part_1_true_exam	ocr_consensus_unreviewed
utilize	SYL-VOCAB-P068-L08	1	part_1_true_exam	ocr_consensus_unreviewed
utmost	SYL-VOCAB-P068-L09	1	part_1_true_exam	ocr_consensus_unreviewed
utopia	SYL-VOCAB-P090-R30	1	part_3_beyond_syllabus	ocr_consensus_unreviewed
utter	SYL-VOCAB-P087-L09	1	part_2_zero_frequency	ocr_consensus_unreviewed
vacant	SYL-VOCAB-P087-L10	1	part_2_zero_frequency	ocr_consensus_unreviewed
vacation	SYL-VOCAB-P068-L10	1	part_1_true_exam	ocr_consensus_unreviewed
vaccine	SYL-VOCAB-P068-L11	1	part_1_true_exam	ocr_consensus_unreviewed
vacuum	SYL-VOCAB-P068-L12	1	part_1_true_exam	ocr_consensus_unreviewed
vague	SYL-VOCAB-P068-L13	1	part_1_true_exam	ocr_consensus_unreviewed
vain	SYL-VOCAB-P068-L14	1	part_1_true_exam	ocr_consensus_unreviewed
valid	SYL-VOCAB-P068-L15	1	part_1_true_exam	ocr_consensus_unreviewed
valley	SYL-VOCAB-P068-L16	1	part_1_true_exam	ocr_consensus_unreviewed
valuable	SYL-VOCAB-P068-L17	1	part_1_true_exam	ocr_consensus_unreviewed
value	SYL-VOCAB-P068-L18	1	part_1_true_exam	ocr_consensus_unreviewed
valve	SYL-VOCAB-P087-L11	1	part_2_zero_frequency	ocr_consensus_unreviewed
van	SYL-VOCAB-P087-L12	1	part_2_zero_frequency	ocr_consensus_unreviewed
vanish	SYL-VOCAB-P068-L19	1	part_1_true_exam	ocr_consensus_unreviewed
vanity	SYL-VOCAB-P068-L20	1	part_1_true_exam	ocr_consensus_unreviewed
vapour	SYL-VOCAB-P068-L21	1	part_1_true_exam	ocr_consensus_unreviewed
variable	SYL-VOCAB-P068-L22	1	part_1_true_exam	ocr_consensus_unreviewed
variation	SYL-VOCAB-P068-L23	1	part_1_true_exam	ocr_consensus_unreviewed
variety	SYL-VOCAB-P068-L24	1	part_1_true_exam	ocr_consensus_unreviewed
various	SYL-VOCAB-P068-L25	1	part_1_true_exam	ocr_consensus_unreviewed
vary	SYL-VOCAB-P068-L26	1	part_1_true_exam	ocr_consensus_unreviewed
vase	SYL-VOCAB-P087-L13	1	part_2_zero_frequency	ocr_consensus_unreviewed
vast	SYL-VOCAB-P068-L27	1	part_1_true_exam	ocr_consensus_unreviewed
vaunted	SYL-VOCAB-P090-R31	1	part_3_beyond_syllabus	ocr_consensus_unreviewed
vegetable	SYL-VOCAB-P068-L28	1	part_1_true_exam	ocr_consensus_unreviewed
vegetarian	SYL-VOCAB-P087-L14	1	part_2_zero_frequency	ocr_consensus_unreviewed
vegetation	SYL-VOCAB-P087-L18	1	part_2_zero_frequency	ocr_consensus_unreviewed
vehicle	SYL-VOCAB-P068-L29	1	part_1_true_exam	ocr_consensus_unreviewed
veil	SYL-VOCAB-P087-L15	1	part_2_zero_frequency	ocr_consensus_unreviewed
vein	SYL-VOCAB-P087-L16	1	part_2_zero_frequency	ocr_consensus_unreviewed
velocity	SYL-VOCAB-P068-L30	1	part_1_true_exam	ocr_consensus_unreviewed
velvet	SYL-VOCAB-P087-L17	1	part_2_zero_frequency	ocr_consensus_unreviewed
ventilate	SYL-VOCAB-P068-L31	1	part_1_true_exam	ocr_consensus_unreviewed
venture	SYL-VOCAB-P068-L32	1	part_1_true_exam	ocr_consensus_unreviewed
verb	SYL-VOCAB-P068-L33	1	part_1_true_exam	ocr_consensus_unreviewed
verbal	SYL-VOCAB-P068-L34	1	part_1_true_exam	ocr_consensus_unreviewed
verdict	SYL-VOCAB-P068-L35	1	part_1_true_exam	ocr_consensus_unreviewed
verge	SYL-VOCAB-P068-L36	1	part_1_true_exam	ocr_consensus_unreviewed
verify	SYL-VOCAB-P068-L37	1	part_1_true_exam	ocr_consensus_unreviewed
versatile	SYL-VOCAB-P087-L19	1	part_2_zero_frequency	ocr_consensus_unreviewed
verse	SYL-VOCAB-P068-L38	1	part_1_true_exam	ocr_consensus_unreviewed
version	SYL-VOCAB-P068-R01	1	part_1_true_exam	ocr_consensus_unreviewed
vertical	SYL-VOCAB-P068-R02	1	part_1_true_exam	ocr_consensus_unreviewed
very	SYL-VOCAB-P068-R03	1	part_1_true_exam	ocr_consensus_unreviewed
vessel	SYL-VOCAB-P068-R04	1	part_1_true_exam	ocr_consensus_unreviewed
vest	SYL-VOCAB-P087-L20	1	part_2_zero_frequency	ocr_consensus_unreviewed
veteran	SYL-VOCAB-P068-R05	1	part_1_true_exam	ocr_consensus_unreviewed
veto	SYL-VOCAB-P087-L21	1	part_2_zero_frequency	ocr_consensus_unreviewed
via	SYL-VOCAB-P068-R06	1	part_1_true_exam	ocr_consensus_unreviewed
viable	SYL-VOCAB-P090-R32	1	part_3_beyond_syllabus	ocr_consensus_unreviewed
vibrate	SYL-VOCAB-P087-L22	1	part_2_zero_frequency	ocr_consensus_unreviewed
vice	SYL-VOCAB-P068-R07	1	part_1_true_exam	ocr_consensus_unreviewed
vicinity	SYL-VOCAB-P087-L23	1	part_2_zero_frequency	ocr_consensus_unreviewed
vicious	SYL-VOCAB-P068-R08	1	part_1_true_exam	ocr_consensus_unreviewed
victim	SYL-VOCAB-P068-R09	1	part_1_true_exam	ocr_consensus_unreviewed
victory	SYL-VOCAB-P068-R10	1	part_1_true_exam	ocr_consensus_unreviewed
video	SYL-VOCAB-P068-R11	1	part_1_true_exam	ocr_consensus_unreviewed
view	SYL-VOCAB-P068-R12	1	part_1_true_exam	ocr_consensus_unreviewed
viewpoint	SYL-VOCAB-P068-R13	1	part_1_true_exam	ocr_consensus_unreviewed
vigorous	SYL-VOCAB-P068-R14	1	part_1_true_exam	ocr_consensus_unreviewed
village	SYL-VOCAB-P068-R15	1	part_1_true_exam	ocr_consensus_unreviewed
vinegar	SYL-VOCAB-P087-L24	1	part_2_zero_frequency	ocr_consensus_unreviewed
violate	SYL-VOCAB-P068-R16	1	part_1_true_exam	ocr_consensus_unreviewed
violence	SYL-VOCAB-P068-R17	1	part_1_true_exam	ocr_consensus_unreviewed
violent	SYL-VOCAB-P068-R18	1	part_1_true_exam	ocr_consensus_unreviewed
violet	SYL-VOCAB-P087-L25	1	part_2_zero_frequency	ocr_consensus_unreviewed
violin	SYL-VOCAB-P087-L26	1	part_2_zero_frequency	ocr_consensus_unreviewed
virgin	SYL-VOCAB-P087-L27	1	part_2_zero_frequency	ocr_consensus_unreviewed
virtual	SYL-VOCAB-P068-R19	1	part_1_true_exam	verified_manual_visual
virtue	SYL-VOCAB-P068-R20	1	part_1_true_exam	ocr_consensus_unreviewed
virtuosity	SYL-VOCAB-P090-R33	1	part_3_beyond_syllabus	ocr_consensus_unreviewed
virus	SYL-VOCAB-P068-R21	1	part_1_true_exam	ocr_consensus_unreviewed
visa	SYL-VOCAB-P087-L28	1	part_2_zero_frequency	ocr_consensus_unreviewed
visible	SYL-VOCAB-P068-R22	1	part_1_true_exam	ocr_consensus_unreviewed
vision	SYL-VOCAB-P068-R23	1	part_1_true_exam	ocr_consensus_unreviewed
visit	SYL-VOCAB-P068-R24	1	part_1_true_exam	ocr_consensus_unreviewed
visitor	SYL-VOCAB-P068-R25	1	part_1_true_exam	ocr_consensus_unreviewed
visual	SYL-VOCAB-P068-R26	1	part_1_true_exam	ocr_consensus_unreviewed
vital	SYL-VOCAB-P068-R27	1	part_1_true_exam	ocr_consensus_unreviewed
vitamin	SYL-VOCAB-P068-R28	1	part_1_true_exam	ocr_consensus_unreviewed
vivid	SYL-VOCAB-P068-R29	1	part_1_true_exam	ocr_consensus_unreviewed
vocabulary	SYL-VOCAB-P068-R30	1	part_1_true_exam	ocr_consensus_unreviewed
vocal	SYL-VOCAB-P068-R31	1	part_1_true_exam	ocr_consensus_unreviewed
vocation	SYL-VOCAB-P068-R32	1	part_1_true_exam	ocr_consensus_unreviewed
voice	SYL-VOCAB-P068-R33	1	part_1_true_exam	ocr_consensus_unreviewed
void	SYL-VOCAB-P087-L29	1	part_2_zero_frequency	ocr_consensus_unreviewed
volcano	SYL-VOCAB-P068-R34	1	part_1_true_exam	ocr_consensus_unreviewed
volleyball	SYL-VOCAB-P087-L30	1	part_2_zero_frequency	ocr_consensus_unreviewed
volt	SYL-VOCAB-P087-L31	1	part_2_zero_frequency	ocr_consensus_unreviewed
voltage	SYL-VOCAB-P087-L32	1	part_2_zero_frequency	ocr_consensus_unreviewed
volume	SYL-VOCAB-P068-R35	1	part_1_true_exam	ocr_consensus_unreviewed
voluntary	SYL-VOCAB-P069-L01	1	part_1_true_exam	ocr_consensus_unreviewed
volunteer	SYL-VOCAB-P069-L02	1	part_1_true_exam	ocr_consensus_unreviewed
vote	SYL-VOCAB-P069-L03	1	part_1_true_exam	ocr_consensus_unreviewed
vowel	SYL-VOCAB-P069-L04	1	part_1_true_exam	ocr_consensus_unreviewed
voyage	SYL-VOCAB-P069-L05	1	part_1_true_exam	ocr_consensus_unreviewed
vulgar	SYL-VOCAB-P069-L06	1	part_1_true_exam	ocr_consensus_unreviewed
vulnerable	SYL-VOCAB-P069-L07	1	part_1_true_exam	ocr_consensus_unreviewed
wage	SYL-VOCAB-P069-L08	1	part_1_true_exam	ocr_consensus_unreviewed
wager	SYL-VOCAB-P090-R34	1	part_3_beyond_syllabus	ocr_consensus_unreviewed
wagon	SYL-VOCAB-P087-L33	1	part_2_zero_frequency	ocr_consensus_unreviewed
waist	SYL-VOCAB-P069-L11	1	part_1_true_exam	ocr_consensus_unreviewed
wait	SYL-VOCAB-P069-L09	1	part_1_true_exam	ocr_consensus_unreviewed
waiter	SYL-VOCAB-P069-L10	1	part_1_true_exam	ocr_consensus_unreviewed
waitress	SYL-VOCAB-P087-L34	1	part_2_zero_frequency	ocr_consensus_unreviewed
wake	SYL-VOCAB-P069-L12	1	part_1_true_exam	ocr_consensus_unreviewed
waken	SYL-VOCAB-P087-L35	1	part_2_zero_frequency	ocr_consensus_unreviewed
walk	SYL-VOCAB-P069-L13	1	part_1_true_exam	ocr_consensus_unreviewed
wall	SYL-VOCAB-P069-L14	1	part_1_true_exam	ocr_consensus_unreviewed
wallet	SYL-VOCAB-P069-L15	1	part_1_true_exam	ocr_consensus_unreviewed
wander	SYL-VOCAB-P069-L16	1	part_1_true_exam	ocr_consensus_unreviewed
want	SYL-VOCAB-P069-L17	1	part_1_true_exam	ocr_consensus_unreviewed
war	SYL-VOCAB-P069-L18	1	part_1_true_exam	ocr_consensus_unreviewed
ward	SYL-VOCAB-P069-L19	1	part_1_true_exam	ocr_consensus_unreviewed
wardrobe	SYL-VOCAB-P069-L20	1	part_1_true_exam	ocr_consensus_unreviewed
warehouse	SYL-VOCAB-P069-L21	1	part_1_true_exam	ocr_consensus_unreviewed
warfare	SYL-VOCAB-P087-R01	1	part_2_zero_frequency	ocr_consensus_unreviewed
warm	SYL-VOCAB-P069-L22	1	part_1_true_exam	verified_manual_visual
warmth	SYL-VOCAB-P087-R02	1	part_2_zero_frequency	ocr_consensus_unreviewed
warn	SYL-VOCAB-P069-L23	1	part_1_true_exam	ocr_consensus_unreviewed
warrant	SYL-VOCAB-P069-L24	1	part_1_true_exam	ocr_consensus_unreviewed
wash	SYL-VOCAB-P069-L25	1	part_1_true_exam	ocr_consensus_unreviewed
waste	SYL-VOCAB-P069-L26	1	part_1_true_exam	ocr_consensus_unreviewed
watch	SYL-VOCAB-P069-L27	1	part_1_true_exam	ocr_consensus_unreviewed
water	SYL-VOCAB-P069-L28	1	part_1_true_exam	ocr_consensus_unreviewed
waterfall	SYL-VOCAB-P087-R03	1	part_2_zero_frequency	ocr_consensus_unreviewed
waterproof	SYL-VOCAB-P087-R04	1	part_2_zero_frequency	ocr_consensus_unreviewed
watt	SYL-VOCAB-P087-R05	1	part_2_zero_frequency	ocr_consensus_unreviewed
wave	SYL-VOCAB-P069-L29	1	part_1_true_exam	ocr_consensus_unreviewed
wax	SYL-VOCAB-P087-R06	1	part_2_zero_frequency	ocr_consensus_unreviewed
way	SYL-VOCAB-P069-L30	1	part_1_true_exam	ocr_consensus_unreviewed
we	SYL-VOCAB-P069-R01	1	part_1_true_exam	ocr_consensus_unreviewed
weak	SYL-VOCAB-P069-R02	1	part_1_true_exam	ocr_consensus_unreviewed
wealth	SYL-VOCAB-P069-R03	1	part_1_true_exam	ocr_consensus_unreviewed
wealthy	SYL-VOCAB-P069-R04	1	part_1_true_exam	ocr_consensus_unreviewed
weapon	SYL-VOCAB-P069-R05	1	part_1_true_exam	ocr_consensus_unreviewed
wear	SYL-VOCAB-P069-R06	1	part_1_true_exam	ocr_consensus_unreviewed
weary	SYL-VOCAB-P069-R07	1	part_1_true_exam	ocr_consensus_unreviewed
weather	SYL-VOCAB-P069-R08	1	part_1_true_exam	ocr_consensus_unreviewed
weave	SYL-VOCAB-P069-R09	1	part_1_true_exam	ocr_consensus_unreviewed
web	SYL-VOCAB-P069-R10	1	part_1_true_exam	ocr_consensus_unreviewed
wedding	SYL-VOCAB-P069-R11	1	part_1_true_exam	ocr_consensus_unreviewed
wedge	SYL-VOCAB-P069-R12	1	part_1_true_exam	ocr_consensus_unreviewed
wednesday	SYL-VOCAB-P069-R13	1	part_1_true_exam	ocr_consensus_unreviewed
weed	SYL-VOCAB-P087-R07	1	part_2_zero_frequency	ocr_consensus_unreviewed
week	SYL-VOCAB-P069-R14	1	part_1_true_exam	ocr_consensus_unreviewed
weekday	SYL-VOCAB-P087-R08	1	part_2_zero_frequency	ocr_consensus_unreviewed
weekend	SYL-VOCAB-P069-R15	1	part_1_true_exam	ocr_consensus_unreviewed
weekly	SYL-VOCAB-P069-R16	1	part_1_true_exam	ocr_consensus_unreviewed
weep	SYL-VOCAB-P087-R09	1	part_2_zero_frequency	ocr_consensus_unreviewed
weigh	SYL-VOCAB-P069-R17	1	part_1_true_exam	ocr_consensus_unreviewed
weight	SYL-VOCAB-P069-R18	1	part_1_true_exam	ocr_consensus_unreviewed
weird	SYL-VOCAB-P069-R19	1	part_1_true_exam	ocr_consensus_unreviewed
welcome	SYL-VOCAB-P069-R20	1	part_1_true_exam	ocr_consensus_unreviewed
weld	SYL-VOCAB-P069-R21	1	part_1_true_exam	ocr_consensus_unreviewed
welfare	SYL-VOCAB-P069-R22	1	part_1_true_exam	ocr_consensus_unreviewed
well	SYL-VOCAB-P069-R23	1	part_1_true_exam	verified_manual_visual
well-known	SYL-VOCAB-P069-R24	1	part_1_true_exam	ocr_consensus_unreviewed
west	SYL-VOCAB-P069-R25	1	part_1_true_exam	ocr_consensus_unreviewed
western	SYL-VOCAB-P069-R26	1	part_1_true_exam	ocr_consensus_unreviewed
wet	SYL-VOCAB-P087-R10	1	part_2_zero_frequency	ocr_consensus_unreviewed
whale	SYL-VOCAB-P087-R11	1	part_2_zero_frequency	ocr_consensus_unreviewed
what	SYL-VOCAB-P069-R27	1	part_1_true_exam	ocr_consensus_unreviewed
whatever	SYL-VOCAB-P069-R28	1	part_1_true_exam	ocr_consensus_unreviewed
whatsoever	SYL-VOCAB-P087-R12	1	part_2_zero_frequency	ocr_consensus_unreviewed
wheat	SYL-VOCAB-P087-R13	1	part_2_zero_frequency	ocr_consensus_unreviewed
wheel	SYL-VOCAB-P069-R29	1	part_1_true_exam	ocr_consensus_unreviewed
when	SYL-VOCAB-P069-R30	1	part_1_true_exam	ocr_consensus_unreviewed
whenever	SYL-VOCAB-P069-R31	1	part_1_true_exam	ocr_consensus_unreviewed
where	SYL-VOCAB-P069-R32	1	part_1_true_exam	ocr_consensus_unreviewed
whereas	SYL-VOCAB-P069-R33	1	part_1_true_exam	ocr_consensus_unreviewed
whereby	SYL-VOCAB-P090-R35	1	part_3_beyond_syllabus	ocr_consensus_unreviewed
wherever	SYL-VOCAB-P070-L01	1	part_1_true_exam	ocr_consensus_unreviewed
whether	SYL-VOCAB-P070-L02	1	part_1_true_exam	ocr_consensus_unreviewed
which	SYL-VOCAB-P070-L03	1	part_1_true_exam	ocr_consensus_unreviewed
whichever	SYL-VOCAB-P087-R14	1	part_2_zero_frequency	ocr_consensus_unreviewed
while	SYL-VOCAB-P070-L04	1	part_1_true_exam	ocr_consensus_unreviewed
whip	SYL-VOCAB-P087-R15	1	part_2_zero_frequency	ocr_consensus_unreviewed
whirl	SYL-VOCAB-P087-R16	1	part_2_zero_frequency	ocr_consensus_unreviewed
whisky	SYL-VOCAB-P087-R17	1	part_2_zero_frequency	ocr_consensus_unreviewed
whisper	SYL-VOCAB-P070-L05	1	part_1_true_exam	ocr_consensus_unreviewed
whistle	SYL-VOCAB-P087-R18	1	part_2_zero_frequency	ocr_consensus_unreviewed
white	SYL-VOCAB-P070-L06	1	part_1_true_exam	ocr_consensus_unreviewed
who	SYL-VOCAB-P070-L07	1	part_1_true_exam	ocr_consensus_unreviewed
whoever	SYL-VOCAB-P087-R19	1	part_2_zero_frequency	ocr_consensus_unreviewed
whole	SYL-VOCAB-P070-L08	1	part_1_true_exam	ocr_consensus_unreviewed
wholesome	SYL-VOCAB-P070-L09	1	part_1_true_exam	ocr_consensus_unreviewed
wholly	SYL-VOCAB-P070-L10	1	part_1_true_exam	ocr_consensus_unreviewed
whom	SYL-VOCAB-P070-L11	1	part_1_true_exam	ocr_consensus_unreviewed
whose	SYL-VOCAB-P070-L12	1	part_1_true_exam	ocr_consensus_unreviewed
why	SYL-VOCAB-P070-L13	1	part_1_true_exam	ocr_consensus_unreviewed
wicked	SYL-VOCAB-P087-R20	1	part_2_zero_frequency	ocr_consensus_unreviewed
wide	SYL-VOCAB-P070-L14	1	part_1_true_exam	ocr_consensus_unreviewed
widespread	SYL-VOCAB-P070-L15	1	part_1_true_exam	ocr_consensus_unreviewed
widow	SYL-VOCAB-P087-R21	1	part_2_zero_frequency	ocr_consensus_unreviewed
width	SYL-VOCAB-P087-R22	1	part_2_zero_frequency	ocr_consensus_unreviewed
wife	SYL-VOCAB-P070-L16	1	part_1_true_exam	ocr_consensus_unreviewed
wild	SYL-VOCAB-P070-L17	1	part_1_true_exam	ocr_consensus_unreviewed
will	SYL-VOCAB-P070-L18	1	part_1_true_exam	ocr_consensus_unreviewed
willing	SYL-VOCAB-P070-L19	1	part_1_true_exam	ocr_consensus_unreviewed
win	SYL-VOCAB-P070-L20	1	part_1_true_exam	ocr_consensus_unreviewed
wind	SYL-VOCAB-P070-L21	1	part_1_true_exam	ocr_consensus_unreviewed
window	SYL-VOCAB-P070-L22	1	part_1_true_exam	ocr_consensus_unreviewed
wine	SYL-VOCAB-P070-L23	1	part_1_true_exam	ocr_consensus_unreviewed
wing	SYL-VOCAB-P070-L24	1	part_1_true_exam	ocr_consensus_unreviewed
wink	SYL-VOCAB-P087-R23	1	part_2_zero_frequency	ocr_consensus_unreviewed
winter	SYL-VOCAB-P070-L25	1	part_1_true_exam	ocr_consensus_unreviewed
wipe	SYL-VOCAB-P087-R24	1	part_2_zero_frequency	ocr_consensus_unreviewed
wire	SYL-VOCAB-P087-R25	1	part_2_zero_frequency	ocr_consensus_unreviewed
wisdom	SYL-VOCAB-P070-L26	1	part_1_true_exam	ocr_consensus_unreviewed
wise	SYL-VOCAB-P070-L27	1	part_1_true_exam	ocr_consensus_unreviewed
wish	SYL-VOCAB-P070-L28	1	part_1_true_exam	ocr_consensus_unreviewed
wistful	SYL-VOCAB-P090-R36	1	part_3_beyond_syllabus	ocr_consensus_unreviewed
wit	SYL-VOCAB-P070-L29	1	part_1_true_exam	ocr_consensus_unreviewed
witch	SYL-VOCAB-P087-R26	1	part_2_zero_frequency	ocr_consensus_unreviewed
with	SYL-VOCAB-P070-L30	1	part_1_true_exam	ocr_consensus_unreviewed
withdraw	SYL-VOCAB-P070-L31	1	part_1_true_exam	ocr_consensus_unreviewed
withhold	SYL-VOCAB-P070-L33	1	part_1_true_exam	ocr_consensus_unreviewed
within	SYL-VOCAB-P070-L32	1	part_1_true_exam	ocr_consensus_unreviewed
without	SYL-VOCAB-P070-L34	1	part_1_true_exam	ocr_consensus_unreviewed
withstand	SYL-VOCAB-P070-R01	1	part_1_true_exam	ocr_consensus_unreviewed
witness	SYL-VOCAB-P070-R02	1	part_1_true_exam	ocr_consensus_unreviewed
wolf	SYL-VOCAB-P087-R27	1	part_2_zero_frequency	ocr_consensus_unreviewed
woman	SYL-VOCAB-P070-R03	1	part_1_true_exam	ocr_consensus_unreviewed
wonder	SYL-VOCAB-P070-R04	1	part_1_true_exam	ocr_consensus_unreviewed
wonderful	SYL-VOCAB-P070-R05	1	part_1_true_exam	ocr_consensus_unreviewed
wood	SYL-VOCAB-P070-R06	1	part_1_true_exam	ocr_consensus_unreviewed
wooden	SYL-VOCAB-P087-R28	1	part_2_zero_frequency	ocr_consensus_unreviewed
wool	SYL-VOCAB-P087-R29	1	part_2_zero_frequency	ocr_consensus_unreviewed
word	SYL-VOCAB-P070-R07	1	part_1_true_exam	ocr_consensus_unreviewed
work	SYL-VOCAB-P070-R08	1	part_1_true_exam	ocr_consensus_unreviewed
worker	SYL-VOCAB-P070-R09	1	part_1_true_exam	ocr_consensus_unreviewed
workshop	SYL-VOCAB-P087-R30	1	part_2_zero_frequency	ocr_consensus_unreviewed
world	SYL-VOCAB-P070-R10	1	part_1_true_exam	ocr_consensus_unreviewed
worldwide	SYL-VOCAB-P070-R11	1	part_1_true_exam	ocr_consensus_unreviewed
worm	SYL-VOCAB-P070-R12	1	part_1_true_exam	ocr_consensus_unreviewed
worry	SYL-VOCAB-P070-R13	1	part_1_true_exam	ocr_consensus_unreviewed
worse	SYL-VOCAB-P070-R14	1	part_1_true_exam	ocr_consensus_unreviewed
worship	SYL-VOCAB-P070-R15	1	part_1_true_exam	ocr_consensus_unreviewed
worst	SYL-VOCAB-P070-R16	1	part_1_true_exam	ocr_consensus_unreviewed
worth	SYL-VOCAB-P070-R17	1	part_1_true_exam	ocr_consensus_unreviewed
worthwhile	SYL-VOCAB-P070-R18	1	part_1_true_exam	ocr_consensus_unreviewed
worthy	SYL-VOCAB-P070-R19	1	part_1_true_exam	ocr_consensus_unreviewed
would	SYL-VOCAB-P070-R20	1	part_1_true_exam	ocr_consensus_unreviewed
wound	SYL-VOCAB-P070-R21	1	part_1_true_exam	ocr_consensus_unreviewed
wrap	SYL-VOCAB-P070-R22	1	part_1_true_exam	ocr_consensus_unreviewed
wreath	SYL-VOCAB-P087-R31	1	part_2_zero_frequency	ocr_consensus_unreviewed
wreck	SYL-VOCAB-P087-R32	1	part_2_zero_frequency	ocr_consensus_unreviewed
wrench	SYL-VOCAB-P087-R33	1	part_2_zero_frequency	ocr_consensus_unreviewed
wretched	SYL-VOCAB-P087-R34	1	part_2_zero_frequency	ocr_consensus_unreviewed
wrinkle	SYL-VOCAB-P087-R35	1	part_2_zero_frequency	ocr_consensus_unreviewed
wrist	SYL-VOCAB-P070-R23	1	part_1_true_exam	ocr_consensus_unreviewed
write	SYL-VOCAB-P070-R24	1	part_1_true_exam	ocr_consensus_unreviewed
writer	SYL-VOCAB-P070-R25	1	part_1_true_exam	ocr_consensus_unreviewed
writing	SYL-VOCAB-P070-R26	1	part_1_true_exam	ocr_consensus_unreviewed
wrong	SYL-VOCAB-P070-R27	1	part_1_true_exam	ocr_consensus_unreviewed
x-ray	SYL-VOCAB-P087-R36	1	part_2_zero_frequency	ocr_consensus_unreviewed
yard	SYL-VOCAB-P070-R28	1	part_1_true_exam	ocr_consensus_unreviewed
yawn	SYL-VOCAB-P088-L01	1	part_2_zero_frequency	ocr_consensus_unreviewed
year	SYL-VOCAB-P070-R29	1	part_1_true_exam	ocr_consensus_unreviewed
yearly	SYL-VOCAB-P088-L02	1	part_2_zero_frequency	ocr_consensus_unreviewed
yell	SYL-VOCAB-P070-R30	1	part_1_true_exam	ocr_consensus_unreviewed
yellow	SYL-VOCAB-P088-L03	1	part_2_zero_frequency	ocr_consensus_unreviewed
yes	SYL-VOCAB-P070-R31	1	part_1_true_exam	ocr_consensus_unreviewed
yesterday	SYL-VOCAB-P070-R32	1	part_1_true_exam	ocr_consensus_unreviewed
yet	SYL-VOCAB-P071-L01	1	part_1_true_exam	ocr_consensus_unreviewed
yield	SYL-VOCAB-P071-L02	1	part_1_true_exam	ocr_consensus_unreviewed
you	SYL-VOCAB-P071-L03	1	part_1_true_exam	ocr_consensus_unreviewed
young	SYL-VOCAB-P071-L04	1	part_1_true_exam	ocr_consensus_unreviewed
youngster	SYL-VOCAB-P071-L05	1	part_1_true_exam	ocr_consensus_unreviewed
your	SYL-VOCAB-P071-L06	1	part_1_true_exam	ocr_consensus_unreviewed
yours	SYL-VOCAB-P071-L07	1	part_1_true_exam	ocr_consensus_unreviewed
yourself	SYL-VOCAB-P071-R01	1	part_1_true_exam	ocr_consensus_unreviewed
youth	SYL-VOCAB-P071-R02	1	part_1_true_exam	ocr_consensus_unreviewed
zeal	SYL-VOCAB-P071-R03	1	part_1_true_exam	ocr_consensus_unreviewed
zebra	SYL-VOCAB-P071-R04	1	part_1_true_exam	ocr_consensus_unreviewed
zero	SYL-VOCAB-P088-L04	1	part_2_zero_frequency	ocr_consensus_unreviewed
zigzag	SYL-VOCAB-P088-R01	1	part_2_zero_frequency	ocr_consensus_unreviewed
zinc	SYL-VOCAB-P088-R02	1	part_2_zero_frequency	verified_manual_visual
zip	SYL-VOCAB-P088-R03	1	part_2_zero_frequency	verified_manual_visual
zone	SYL-VOCAB-P071-R05	1	part_1_true_exam	ocr_consensus_unreviewed
zoo	SYL-VOCAB-P071-R06	1	part_1_true_exam	verified_manual_visual
zoom	SYL-VOCAB-P088-R04	1	part_2_zero_frequency	ocr_consensus_unreviewed
